familia,implementacion,metodo_comun,operacion,escenario,semilla,n,k,repeticion,total_ns,ns_por_operacion,checksum
stack,ListaSimpleSinCola,push,pushFront,general,20260932,10,2000,1,59400,29.700000,-4294967296000
stack,ListaSimpleSinCola,push,pushFront,general,20260932,10,2000,2,93800,46.900000,-4294967296000
stack,ListaSimpleSinCola,push,pushFront,general,20260932,10,2000,3,61100,30.550000,-4294967296000
stack,ListaSimpleSinCola,push,pushFront,general,20260932,10,2000,4,69400,34.700000,-4294967296000
stack,ListaSimpleSinCola,push,pushFront,general,20260932,10,2000,5,74100,37.050000,-4294967296000
stack,ListaSimpleSinCola,push,pushFront,general,20260932,10,2000,6,69800,34.900000,-4294967296000
stack,ListaSimpleSinCola,push,pushFront,general,20260932,10,2000,7,73400,36.700000,-4294967296000
stack,ListaSimpleSinCola,push,pushFront,general,20260932,10,2000,8,72300,36.150000,-4294967296000
stack,ListaSimpleSinCola,push,pushFront,general,20260932,10,2000,9,66400,33.200000,-4294967296000
stack,ListaSimpleSinCola,push,pushFront,general,20260932,10,2000,10,75700,37.850000,-4294967296000
stack,PilaArreglo,push,push,general,20260932,10,2000,1,24600,12.300000,-4294967296000
stack,PilaArreglo,push,push,general,20260932,10,2000,2,31300,15.650000,-4294967296000
stack,PilaArreglo,push,push,general,20260932,10,2000,3,20600,10.300000,-4294967296000
stack,PilaArreglo,push,push,general,20260932,10,2000,4,17800,8.900000,-4294967296000
stack,PilaArreglo,push,push,general,20260932,10,2000,5,20700,10.350000,-4294967296000
stack,PilaArreglo,push,push,general,20260932,10,2000,6,20900,10.450000,-4294967296000
stack,PilaArreglo,push,push,general,20260932,10,2000,7,29100,14.550000,-4294967296000
stack,PilaArreglo,push,push,general,20260932,10,2000,8,10900,5.450000,-4294967296000
stack,PilaArreglo,push,push,general,20260932,10,2000,9,7700,3.850000,-4294967296000
stack,PilaArreglo,push,push,general,20260932,10,2000,10,10900,5.450000,-4294967296000
stack,ListaSimpleSinCola,pop,popFront,general,20260932,10,2000,1,27200,13.600000,8000
stack,ListaSimpleSinCola,pop,popFront,general,20260932,10,2000,2,11100,5.550000,8000
stack,ListaSimpleSinCola,pop,popFront,general,20260932,10,2000,3,15400,7.700000,8000
stack,ListaSimpleSinCola,pop,popFront,general,20260932,10,2000,4,10100,5.050000,8000
stack,ListaSimpleSinCola,pop,popFront,general,20260932,10,2000,5,11500,5.750000,8000
stack,ListaSimpleSinCola,pop,popFront,general,20260932,10,2000,6,14100,7.050000,8000
stack,ListaSimpleSinCola,pop,popFront,general,20260932,10,2000,7,18500,9.250000,8000
stack,ListaSimpleSinCola,pop,popFront,general,20260932,10,2000,8,20200,10.100000,8000
stack,ListaSimpleSinCola,pop,popFront,general,20260932,10,2000,9,16900,8.450000,8000
stack,ListaSimpleSinCola,pop,popFront,general,20260932,10,2000,10,17600,8.800000,8000
stack,PilaArreglo,pop,pop,general,20260932,10,2000,1,13000,6.500000,8000
stack,PilaArreglo,pop,pop,general,20260932,10,2000,2,13800,6.900000,8000
stack,PilaArreglo,pop,pop,general,20260932,10,2000,3,14000,7.000000,8000
stack,PilaArreglo,pop,pop,general,20260932,10,2000,4,13900,6.950000,8000
stack,PilaArreglo,pop,pop,general,20260932,10,2000,5,13800,6.900000,8000
stack,PilaArreglo,pop,pop,general,20260932,10,2000,6,12900,6.450000,8000
stack,PilaArreglo,pop,pop,general,20260932,10,2000,7,13300,6.650000,8000
stack,PilaArreglo,pop,pop,general,20260932,10,2000,8,13700,6.850000,8000
stack,PilaArreglo,pop,pop,general,20260932,10,2000,9,14600,7.300000,8000
stack,PilaArreglo,pop,pop,general,20260932,10,2000,10,13400,6.700000,8000
stack,ListaSimpleSinCola,peek,topFront,general,20260932,10,20096,1,123900,6.165406,40192
stack,ListaSimpleSinCola,peek,topFront,general,20260932,10,20096,2,128400,6.389331,40192
stack,ListaSimpleSinCola,peek,topFront,general,20260932,10,20096,3,108700,5.409037,40192
stack,ListaSimpleSinCola,peek,topFront,general,20260932,10,20096,4,106200,5.284634,40192
stack,ListaSimpleSinCola,peek,topFront,general,20260932,10,20096,5,106000,5.274682,40192
stack,ListaSimpleSinCola,peek,topFront,general,20260932,10,20096,6,105900,5.269705,40192
stack,ListaSimpleSinCola,peek,topFront,general,20260932,10,20096,7,105800,5.264729,40192
stack,ListaSimpleSinCola,peek,topFront,general,20260932,10,20096,8,107200,5.334395,40192
stack,ListaSimpleSinCola,peek,topFront,general,20260932,10,20096,9,110600,5.503583,40192
stack,ListaSimpleSinCola,peek,topFront,general,20260932,10,20096,10,106500,5.299562,40192
stack,PilaArreglo,peek,peek,general,20260932,10,20096,1,431700,21.481887,40192
stack,PilaArreglo,peek,peek,general,20260932,10,20096,2,400700,19.939291,40192
stack,PilaArreglo,peek,peek,general,20260932,10,20096,3,468800,23.328025,40192
stack,PilaArreglo,peek,peek,general,20260932,10,20096,4,402900,20.048766,40192
stack,PilaArreglo,peek,peek,general,20260932,10,20096,5,405400,20.173169,40192
stack,PilaArreglo,peek,peek,general,20260932,10,20096,6,403200,20.063694,40192
stack,PilaArreglo,peek,peek,general,20260932,10,20096,7,396900,19.750199,40192
stack,PilaArreglo,peek,peek,general,20260932,10,20096,8,400900,19.949244,40192
stack,PilaArreglo,peek,peek,general,20260932,10,20096,9,395800,19.695462,40192
stack,PilaArreglo,peek,peek,general,20260932,10,20096,10,401700,19.989053,40192
stack,ListaSimpleSinCola,delete,find+erase,base,20260932,10,2000,1,147500,73.750000,18000
stack,ListaSimpleSinCola,delete,find+erase,base,20260932,10,2000,2,148100,74.050000,18000
stack,ListaSimpleSinCola,delete,find+erase,base,20260932,10,2000,3,150000,75.000000,18000
stack,ListaSimpleSinCola,delete,find+erase,base,20260932,10,2000,4,146500,73.250000,18000
stack,ListaSimpleSinCola,delete,find+erase,base,20260932,10,2000,5,152700,76.350000,18000
stack,ListaSimpleSinCola,delete,find+erase,base,20260932,10,2000,6,145900,72.950000,18000
stack,ListaSimpleSinCola,delete,find+erase,base,20260932,10,2000,7,146700,73.350000,18000
stack,ListaSimpleSinCola,delete,find+erase,base,20260932,10,2000,8,145700,72.850000,18000
stack,ListaSimpleSinCola,delete,find+erase,base,20260932,10,2000,9,146800,73.400000,18000
stack,ListaSimpleSinCola,delete,find+erase,base,20260932,10,2000,10,146500,73.250000,18000
stack,PilaArreglo,delete,delete,base,20260932,10,2000,1,182900,91.450000,2000
stack,PilaArreglo,delete,delete,base,20260932,10,2000,2,182400,91.200000,2000
stack,PilaArreglo,delete,delete,base,20260932,10,2000,3,182700,91.350000,2000
stack,PilaArreglo,delete,delete,base,20260932,10,2000,4,183000,91.500000,2000
stack,PilaArreglo,delete,delete,base,20260932,10,2000,5,184100,92.050000,2000
stack,PilaArreglo,delete,delete,base,20260932,10,2000,6,182300,91.150000,2000
stack,PilaArreglo,delete,delete,base,20260932,10,2000,7,182200,91.100000,2000
stack,PilaArreglo,delete,delete,base,20260932,10,2000,8,184300,92.150000,2000
stack,PilaArreglo,delete,delete,base,20260932,10,2000,9,99000,49.500000,2000
stack,PilaArreglo,delete,delete,base,20260932,10,2000,10,97100,48.550000,2000
stack,ListaSimpleSinCola,size,size,general,20260932,10,20096,1,430400,21.417197,200960
stack,ListaSimpleSinCola,size,size,general,20260932,10,20096,2,434500,21.621218,200960
stack,ListaSimpleSinCola,size,size,general,20260932,10,20096,3,439000,21.845143,200960
stack,ListaSimpleSinCola,size,size,general,20260932,10,20096,4,435600,21.675955,200960
stack,ListaSimpleSinCola,size,size,general,20260932,10,20096,5,432300,21.511744,200960
stack,ListaSimpleSinCola,size,size,general,20260932,10,20096,6,433400,21.566481,200960
stack,ListaSimpleSinCola,size,size,general,20260932,10,20096,7,428700,21.332604,200960
stack,ListaSimpleSinCola,size,size,general,20260932,10,20096,8,431100,21.452030,200960
stack,ListaSimpleSinCola,size,size,general,20260932,10,20096,9,434800,21.636146,200960
stack,ListaSimpleSinCola,size,size,general,20260932,10,20096,10,435000,21.646099,200960
stack,PilaArreglo,size,size,general,20260932,10,20096,1,428500,21.322651,200960
stack,PilaArreglo,size,size,general,20260932,10,20096,2,419100,20.854896,200960
stack,PilaArreglo,size,size,general,20260932,10,20096,3,422200,21.009156,200960
stack,PilaArreglo,size,size,general,20260932,10,20096,4,426100,21.203225,200960
stack,PilaArreglo,size,size,general,20260932,10,20096,5,419100,20.854896,200960
stack,PilaArreglo,size,size,general,20260932,10,20096,6,423100,21.053941,200960
stack,PilaArreglo,size,size,general,20260932,10,20096,7,414500,20.625995,200960
stack,PilaArreglo,size,size,general,20260932,10,20096,8,75800,3.771895,200960
stack,PilaArreglo,size,size,general,20260932,10,20096,9,56200,2.796576,200960
stack,PilaArreglo,size,size,general,20260932,10,20096,10,59000,2.935908,200960
stack,ListaSimpleSinCola,isEmpty,isEmpty,general,20260932,10,20096,1,37700,1.875995,40192
stack,ListaSimpleSinCola,isEmpty,isEmpty,general,20260932,10,20096,2,37700,1.875995,40192
stack,ListaSimpleSinCola,isEmpty,isEmpty,general,20260932,10,20096,3,37700,1.875995,40192
stack,ListaSimpleSinCola,isEmpty,isEmpty,general,20260932,10,20096,4,37700,1.875995,40192
stack,ListaSimpleSinCola,isEmpty,isEmpty,general,20260932,10,20096,5,37700,1.875995,40192
stack,ListaSimpleSinCola,isEmpty,isEmpty,general,20260932,10,20096,6,44300,2.204419,40192
stack,ListaSimpleSinCola,isEmpty,isEmpty,general,20260932,10,20096,7,27900,1.388336,40192
stack,ListaSimpleSinCola,isEmpty,isEmpty,general,20260932,10,20096,8,27800,1.383360,40192
stack,ListaSimpleSinCola,isEmpty,isEmpty,general,20260932,10,20096,9,27800,1.383360,40192
stack,ListaSimpleSinCola,isEmpty,isEmpty,general,20260932,10,20096,10,27800,1.383360,40192
stack,PilaArreglo,isEmpty,isEmpty,general,20260932,10,20096,1,77300,3.846537,40192
stack,PilaArreglo,isEmpty,isEmpty,general,20260932,10,20096,2,73900,3.677349,40192
stack,PilaArreglo,isEmpty,isEmpty,general,20260932,10,20096,3,78900,3.926154,40192
stack,PilaArreglo,isEmpty,isEmpty,general,20260932,10,20096,4,40500,2.015326,40192
stack,PilaArreglo,isEmpty,isEmpty,general,20260932,10,20096,5,40500,2.015326,40192
stack,PilaArreglo,isEmpty,isEmpty,general,20260932,10,20096,6,40500,2.015326,40192
stack,PilaArreglo,isEmpty,isEmpty,general,20260932,10,20096,7,40500,2.015326,40192
stack,PilaArreglo,isEmpty,isEmpty,general,20260932,10,20096,8,40500,2.015326,40192
stack,PilaArreglo,isEmpty,isEmpty,general,20260932,10,20096,9,40500,2.015326,40192
stack,PilaArreglo,isEmpty,isEmpty,general,20260932,10,20096,10,40500,2.015326,40192
queue,ListaSimpleConCola,enqueue,pushBack,general,20260932,10,2000,1,45500,22.750000,12000
queue,ListaSimpleConCola,enqueue,pushBack,general,20260932,10,2000,2,38800,19.400000,12000
queue,ListaSimpleConCola,enqueue,pushBack,general,20260932,10,2000,3,39900,19.950000,12000
queue,ListaSimpleConCola,enqueue,pushBack,general,20260932,10,2000,4,42300,21.150000,12000
queue,ListaSimpleConCola,enqueue,pushBack,general,20260932,10,2000,5,39800,19.900000,12000
queue,ListaSimpleConCola,enqueue,pushBack,general,20260932,10,2000,6,8600,4.300000,12000
queue,ListaSimpleConCola,enqueue,pushBack,general,20260932,10,2000,7,7900,3.950000,12000
queue,ListaSimpleConCola,enqueue,pushBack,general,20260932,10,2000,8,7400,3.700000,12000
queue,ListaSimpleConCola,enqueue,pushBack,general,20260932,10,2000,9,10300,5.150000,12000
queue,ListaSimpleConCola,enqueue,pushBack,general,20260932,10,2000,10,9400,4.700000,12000
queue,ColaArreglo,enqueue,enqueue,general,20260932,10,2000,1,21100,10.550000,12000
queue,ColaArreglo,enqueue,enqueue,general,20260932,10,2000,2,21400,10.700000,12000
queue,ColaArreglo,enqueue,enqueue,general,20260932,10,2000,3,28200,14.100000,12000
queue,ColaArreglo,enqueue,enqueue,general,20260932,10,2000,4,21400,10.700000,12000
queue,ColaArreglo,enqueue,enqueue,general,20260932,10,2000,5,22100,11.050000,12000
queue,ColaArreglo,enqueue,enqueue,general,20260932,10,2000,6,20900,10.450000,12000
queue,ColaArreglo,enqueue,enqueue,general,20260932,10,2000,7,15100,7.550000,12000
queue,ColaArreglo,enqueue,enqueue,general,20260932,10,2000,8,8200,4.100000,12000
queue,ColaArreglo,enqueue,enqueue,general,20260932,10,2000,9,6900,3.450000,12000
queue,ColaArreglo,enqueue,enqueue,general,20260932,10,2000,10,7000,3.500000,12000
queue,ListaSimpleConCola,dequeue,popFront,general,20260932,10,2000,1,8300,4.150000,24000
queue,ListaSimpleConCola,dequeue,popFront,general,20260932,10,2000,2,8200,4.100000,24000
queue,ListaSimpleConCola,dequeue,popFront,general,20260932,10,2000,3,8500,4.250000,24000
queue,ListaSimpleConCola,dequeue,popFront,general,20260932,10,2000,4,14200,7.100000,24000
queue,ListaSimpleConCola,dequeue,popFront,general,20260932,10,2000,5,16700,8.350000,24000
queue,ListaSimpleConCola,dequeue,popFront,general,20260932,10,2000,6,10700,5.350000,24000
queue,ListaSimpleConCola,dequeue,popFront,general,20260932,10,2000,7,9400,4.700000,24000
queue,ListaSimpleConCola,dequeue,popFront,general,20260932,10,2000,8,6800,3.400000,24000
queue,ListaSimpleConCola,dequeue,popFront,general,20260932,10,2000,9,6700,3.350000,24000
queue,ListaSimpleConCola,dequeue,popFront,general,20260932,10,2000,10,6400,3.200000,24000
queue,ColaArreglo,dequeue,dequeue,general,20260932,10,2000,1,10900,5.450000,24000
queue,ColaArreglo,dequeue,dequeue,general,20260932,10,2000,2,11000,5.500000,24000
queue,ColaArreglo,dequeue,dequeue,general,20260932,10,2000,3,10900,5.450000,24000
queue,ColaArreglo,dequeue,dequeue,general,20260932,10,2000,4,10900,5.450000,24000
queue,ColaArreglo,dequeue,dequeue,general,20260932,10,2000,5,10800,5.400000,24000
queue,ColaArreglo,dequeue,dequeue,general,20260932,10,2000,6,10800,5.400000,24000
queue,ColaArreglo,dequeue,dequeue,general,20260932,10,2000,7,10800,5.400000,24000
queue,ColaArreglo,dequeue,dequeue,general,20260932,10,2000,8,10900,5.450000,24000
queue,ColaArreglo,dequeue,dequeue,general,20260932,10,2000,9,10700,5.350000,24000
queue,ColaArreglo,dequeue,dequeue,general,20260932,10,2000,10,10800,5.400000,24000
queue,ListaSimpleConCola,front,topFront,general,20260932,10,20096,1,113500,5.647890,120576
queue,ListaSimpleConCola,front,topFront,general,20260932,10,20096,2,75500,3.756967,120576
queue,ListaSimpleConCola,front,topFront,general,20260932,10,20096,3,42200,2.099920,120576
queue,ListaSimpleConCola,front,topFront,general,20260932,10,20096,4,42200,2.099920,120576
queue,ListaSimpleConCola,front,topFront,general,20260932,10,20096,5,42200,2.099920,120576
queue,ListaSimpleConCola,front,topFront,general,20260932,10,20096,6,42100,2.094944,120576
queue,ListaSimpleConCola,front,topFront,general,20260932,10,20096,7,42000,2.089968,120576
queue,ListaSimpleConCola,front,topFront,general,20260932,10,20096,8,42000,2.089968,120576
queue,ListaSimpleConCola,front,topFront,general,20260932,10,20096,9,42000,2.089968,120576
queue,ListaSimpleConCola,front,topFront,general,20260932,10,20096,10,41900,2.084992,120576
queue,ColaArreglo,front,front,general,20260932,10,20096,1,124600,6.200239,120576
queue,ColaArreglo,front,front,general,20260932,10,20096,2,123300,6.135549,120576
queue,ColaArreglo,front,front,general,20260932,10,20096,3,123300,6.135549,120576
queue,ColaArreglo,front,front,general,20260932,10,20096,4,136500,6.792396,120576
queue,ColaArreglo,front,front,general,20260932,10,20096,5,129600,6.449045,120576
queue,ColaArreglo,front,front,general,20260932,10,20096,6,124100,6.175358,120576
queue,ColaArreglo,front,front,general,20260932,10,20096,7,123600,6.150478,120576
queue,ColaArreglo,front,front,general,20260932,10,20096,8,123400,6.140525,120576
queue,ColaArreglo,front,front,general,20260932,10,20096,9,123600,6.150478,120576
queue,ColaArreglo,front,front,general,20260932,10,20096,10,123900,6.165406,120576
queue,ListaSimpleConCola,delete,find+erase,final,20260932,10,2000,1,144600,72.300000,18000
queue,ListaSimpleConCola,delete,find+erase,final,20260932,10,2000,2,147800,73.900000,18000
queue,ListaSimpleConCola,delete,find+erase,final,20260932,10,2000,3,150800,75.400000,18000
queue,ListaSimpleConCola,delete,find+erase,final,20260932,10,2000,4,145800,72.900000,18000
queue,ListaSimpleConCola,delete,find+erase,final,20260932,10,2000,5,319500,159.750000,18000
queue,ListaSimpleConCola,delete,find+erase,final,20260932,10,2000,6,145500,72.750000,18000
queue,ListaSimpleConCola,delete,find+erase,final,20260932,10,2000,7,146000,73.000000,18000
queue,ListaSimpleConCola,delete,find+erase,final,20260932,10,2000,8,313700,156.850000,18000
queue,ListaSimpleConCola,delete,find+erase,final,20260932,10,2000,9,145800,72.900000,18000
queue,ListaSimpleConCola,delete,find+erase,final,20260932,10,2000,10,149400,74.700000,18000
queue,ColaArreglo,delete,delete,final,20260932,10,2000,1,148900,74.450000,2000
queue,ColaArreglo,delete,delete,final,20260932,10,2000,2,147500,73.750000,2000
queue,ColaArreglo,delete,delete,final,20260932,10,2000,3,147200,73.600000,2000
queue,ColaArreglo,delete,delete,final,20260932,10,2000,4,146900,73.450000,2000
queue,ColaArreglo,delete,delete,final,20260932,10,2000,5,146700,73.350000,2000
queue,ColaArreglo,delete,delete,final,20260932,10,2000,6,181100,90.550000,2000
queue,ColaArreglo,delete,delete,final,20260932,10,2000,7,125400,62.700000,2000
queue,ColaArreglo,delete,delete,final,20260932,10,2000,8,81200,40.600000,2000
queue,ColaArreglo,delete,delete,final,20260932,10,2000,9,82700,41.350000,2000
queue,ColaArreglo,delete,delete,final,20260932,10,2000,10,80800,40.400000,2000
queue,ListaSimpleConCola,size,size,general,20260932,10,20096,1,41400,2.060111,200960
queue,ListaSimpleConCola,size,size,general,20260932,10,20096,2,41400,2.060111,200960
queue,ListaSimpleConCola,size,size,general,20260932,10,20096,3,41300,2.055135,200960
queue,ListaSimpleConCola,size,size,general,20260932,10,20096,4,41300,2.055135,200960
queue,ListaSimpleConCola,size,size,general,20260932,10,20096,5,41300,2.055135,200960
queue,ListaSimpleConCola,size,size,general,20260932,10,20096,6,44500,2.214371,200960
queue,ListaSimpleConCola,size,size,general,20260932,10,20096,7,44800,2.229299,200960
queue,ListaSimpleConCola,size,size,general,20260932,10,20096,8,41300,2.055135,200960
queue,ListaSimpleConCola,size,size,general,20260932,10,20096,9,41300,2.055135,200960
queue,ListaSimpleConCola,size,size,general,20260932,10,20096,10,41300,2.055135,200960
queue,ColaArreglo,size,size,general,20260932,10,20096,1,66600,3.314092,200960
queue,ColaArreglo,size,size,general,20260932,10,20096,2,62500,3.110072,200960
queue,ColaArreglo,size,size,general,20260932,10,20096,3,61800,3.075239,200960
queue,ColaArreglo,size,size,general,20260932,10,20096,4,59400,2.955812,200960
queue,ColaArreglo,size,size,general,20260932,10,20096,5,59300,2.950836,200960
queue,ColaArreglo,size,size,general,20260932,10,20096,6,61100,3.040406,200960
queue,ColaArreglo,size,size,general,20260932,10,20096,7,59600,2.965764,200960
queue,ColaArreglo,size,size,general,20260932,10,20096,8,59400,2.955812,200960
queue,ColaArreglo,size,size,general,20260932,10,20096,9,60100,2.990645,200960
queue,ColaArreglo,size,size,general,20260932,10,20096,10,59500,2.960788,200960
queue,ListaSimpleConCola,isEmpty,isEmpty,general,20260932,10,20096,1,73600,3.662420,40192
queue,ListaSimpleConCola,isEmpty,isEmpty,general,20260932,10,20096,2,74600,3.712182,40192
queue,ListaSimpleConCola,isEmpty,isEmpty,general,20260932,10,20096,3,80000,3.980892,40192
queue,ListaSimpleConCola,isEmpty,isEmpty,general,20260932,10,20096,4,79300,3.946059,40192
queue,ListaSimpleConCola,isEmpty,isEmpty,general,20260932,10,20096,5,75500,3.756967,40192
queue,ListaSimpleConCola,isEmpty,isEmpty,general,20260932,10,20096,6,73600,3.662420,40192
queue,ListaSimpleConCola,isEmpty,isEmpty,general,20260932,10,20096,7,84100,4.184912,40192
queue,ListaSimpleConCola,isEmpty,isEmpty,general,20260932,10,20096,8,73600,3.662420,40192
queue,ListaSimpleConCola,isEmpty,isEmpty,general,20260932,10,20096,9,73600,3.662420,40192
queue,ListaSimpleConCola,isEmpty,isEmpty,general,20260932,10,20096,10,73600,3.662420,40192
queue,ColaArreglo,isEmpty,isEmpty,general,20260932,10,20096,1,80500,4.005772,40192
queue,ColaArreglo,isEmpty,isEmpty,general,20260932,10,20096,2,41900,2.084992,40192
queue,ColaArreglo,isEmpty,isEmpty,general,20260932,10,20096,3,41000,2.040207,40192
queue,ColaArreglo,isEmpty,isEmpty,general,20260932,10,20096,4,41000,2.040207,40192
queue,ColaArreglo,isEmpty,isEmpty,general,20260932,10,20096,5,41300,2.055135,40192
queue,ColaArreglo,isEmpty,isEmpty,general,20260932,10,20096,6,41000,2.040207,40192
queue,ColaArreglo,isEmpty,isEmpty,general,20260932,10,20096,7,41000,2.040207,40192
queue,ColaArreglo,isEmpty,isEmpty,general,20260932,10,20096,8,41100,2.045183,40192
queue,ColaArreglo,isEmpty,isEmpty,general,20260932,10,20096,9,41000,2.040207,40192
queue,ColaArreglo,isEmpty,isEmpty,general,20260932,10,20096,10,41000,2.040207,40192
stack,ListaSimpleSinCola,push,pushFront,general,20261022,100,2000,1,31800,15.900000,-4294967296000
stack,ListaSimpleSinCola,push,pushFront,general,20261022,100,2000,2,31400,15.700000,-4294967296000
stack,ListaSimpleSinCola,push,pushFront,general,20261022,100,2000,3,34700,17.350000,-4294967296000
stack,ListaSimpleSinCola,push,pushFront,general,20261022,100,2000,4,28000,14.000000,-4294967296000
stack,ListaSimpleSinCola,push,pushFront,general,20261022,100,2000,5,32700,16.350000,-4294967296000
stack,ListaSimpleSinCola,push,pushFront,general,20261022,100,2000,6,44200,22.100000,-4294967296000
stack,ListaSimpleSinCola,push,pushFront,general,20261022,100,2000,7,22900,11.450000,-4294967296000
stack,ListaSimpleSinCola,push,pushFront,general,20261022,100,2000,8,31200,15.600000,-4294967296000
stack,ListaSimpleSinCola,push,pushFront,general,20261022,100,2000,9,18200,9.100000,-4294967296000
stack,ListaSimpleSinCola,push,pushFront,general,20261022,100,2000,10,23800,11.900000,-4294967296000
stack,PilaArreglo,push,push,general,20261022,100,2000,1,8700,4.350000,-4294967296000
stack,PilaArreglo,push,push,general,20261022,100,2000,2,10200,5.100000,-4294967296000
stack,PilaArreglo,push,push,general,20261022,100,2000,3,13600,6.800000,-4294967296000
stack,PilaArreglo,push,push,general,20261022,100,2000,4,7400,3.700000,-4294967296000
stack,PilaArreglo,push,push,general,20261022,100,2000,5,7200,3.600000,-4294967296000
stack,PilaArreglo,push,push,general,20261022,100,2000,6,6700,3.350000,-4294967296000
stack,PilaArreglo,push,push,general,20261022,100,2000,7,9200,4.600000,-4294967296000
stack,PilaArreglo,push,push,general,20261022,100,2000,8,8800,4.400000,-4294967296000
stack,PilaArreglo,push,push,general,20261022,100,2000,9,8200,4.100000,-4294967296000
stack,PilaArreglo,push,push,general,20261022,100,2000,10,10000,5.000000,-4294967296000
stack,ListaSimpleSinCola,pop,popFront,general,20261022,100,2000,1,37000,18.500000,44000
stack,ListaSimpleSinCola,pop,popFront,general,20261022,100,2000,2,57400,28.700000,44000
stack,ListaSimpleSinCola,pop,popFront,general,20261022,100,2000,3,34400,17.200000,44000
stack,ListaSimpleSinCola,pop,popFront,general,20261022,100,2000,4,33500,16.750000,44000
stack,ListaSimpleSinCola,pop,popFront,general,20261022,100,2000,5,36800,18.400000,44000
stack,ListaSimpleSinCola,pop,popFront,general,20261022,100,2000,6,37300,18.650000,44000
stack,ListaSimpleSinCola,pop,popFront,general,20261022,100,2000,7,28000,14.000000,44000
stack,ListaSimpleSinCola,pop,popFront,general,20261022,100,2000,8,30100,15.050000,44000
stack,ListaSimpleSinCola,pop,popFront,general,20261022,100,2000,9,30100,15.050000,44000
stack,ListaSimpleSinCola,pop,popFront,general,20261022,100,2000,10,27200,13.600000,44000
stack,PilaArreglo,pop,pop,general,20261022,100,2000,1,18900,9.450000,44000
stack,PilaArreglo,pop,pop,general,20261022,100,2000,2,11500,5.750000,44000
stack,PilaArreglo,pop,pop,general,20261022,100,2000,3,11000,5.500000,44000
stack,PilaArreglo,pop,pop,general,20261022,100,2000,4,8400,4.200000,44000
stack,PilaArreglo,pop,pop,general,20261022,100,2000,5,13900,6.950000,44000
stack,PilaArreglo,pop,pop,general,20261022,100,2000,6,9700,4.850000,44000
stack,PilaArreglo,pop,pop,general,20261022,100,2000,7,8100,4.050000,44000
stack,PilaArreglo,pop,pop,general,20261022,100,2000,8,8400,4.200000,44000
stack,PilaArreglo,pop,pop,general,20261022,100,2000,9,7700,3.850000,44000
stack,PilaArreglo,pop,pop,general,20261022,100,2000,10,9300,4.650000,44000
stack,ListaSimpleSinCola,peek,topFront,general,20261022,100,20096,1,41100,2.045183,221056
stack,ListaSimpleSinCola,peek,topFront,general,20261022,100,20096,2,41200,2.050159,221056
stack,ListaSimpleSinCola,peek,topFront,general,20261022,100,20096,3,41300,2.055135,221056
stack,ListaSimpleSinCola,peek,topFront,general,20261022,100,20096,4,41200,2.050159,221056
stack,ListaSimpleSinCola,peek,topFront,general,20261022,100,20096,5,41200,2.050159,221056
stack,ListaSimpleSinCola,peek,topFront,general,20261022,100,20096,6,41200,2.050159,221056
stack,ListaSimpleSinCola,peek,topFront,general,20261022,100,20096,7,41400,2.060111,221056
stack,ListaSimpleSinCola,peek,topFront,general,20261022,100,20096,8,41600,2.070064,221056
stack,ListaSimpleSinCola,peek,topFront,general,20261022,100,20096,9,41200,2.050159,221056
stack,ListaSimpleSinCola,peek,topFront,general,20261022,100,20096,10,41200,2.050159,221056
stack,PilaArreglo,peek,peek,general,20261022,100,20096,1,44900,2.234275,221056
stack,PilaArreglo,peek,peek,general,20261022,100,20096,2,44700,2.224323,221056
stack,PilaArreglo,peek,peek,general,20261022,100,20096,3,44900,2.234275,221056
stack,PilaArreglo,peek,peek,general,20261022,100,20096,4,44900,2.234275,221056
stack,PilaArreglo,peek,peek,general,20261022,100,20096,5,44900,2.234275,221056
stack,PilaArreglo,peek,peek,general,20261022,100,20096,6,44900,2.234275,221056
stack,PilaArreglo,peek,peek,general,20261022,100,20096,7,44800,2.229299,221056
stack,PilaArreglo,peek,peek,general,20261022,100,20096,8,45300,2.254180,221056
stack,PilaArreglo,peek,peek,general,20261022,100,20096,9,44900,2.234275,221056
stack,PilaArreglo,peek,peek,general,20261022,100,20096,10,49100,2.443272,221056
stack,ListaSimpleSinCola,delete,find+erase,base,20261022,100,2000,1,1059900,529.950000,198000
stack,ListaSimpleSinCola,delete,find+erase,base,20261022,100,2000,2,1452500,726.250000,198000
stack,ListaSimpleSinCola,delete,find+erase,base,20261022,100,2000,3,1468400,734.200000,198000
stack,ListaSimpleSinCola,delete,find+erase,base,20261022,100,2000,4,1040400,520.200000,198000
stack,ListaSimpleSinCola,delete,find+erase,base,20261022,100,2000,5,1207500,603.750000,198000
stack,ListaSimpleSinCola,delete,find+erase,base,20261022,100,2000,6,1106500,553.250000,198000
stack,ListaSimpleSinCola,delete,find+erase,base,20261022,100,2000,7,1227700,613.850000,198000
stack,ListaSimpleSinCola,delete,find+erase,base,20261022,100,2000,8,1167500,583.750000,198000
stack,ListaSimpleSinCola,delete,find+erase,base,20261022,100,2000,9,1119200,559.600000,198000
stack,ListaSimpleSinCola,delete,find+erase,base,20261022,100,2000,10,1504400,752.200000,198000
stack,PilaArreglo,delete,delete,base,20261022,100,2000,1,221600,110.800000,2000
stack,PilaArreglo,delete,delete,base,20261022,100,2000,2,222200,111.100000,2000
stack,PilaArreglo,delete,delete,base,20261022,100,2000,3,224700,112.350000,2000
stack,PilaArreglo,delete,delete,base,20261022,100,2000,4,222700,111.350000,2000
stack,PilaArreglo,delete,delete,base,20261022,100,2000,5,222400,111.200000,2000
stack,PilaArreglo,delete,delete,base,20261022,100,2000,6,223000,111.500000,2000
stack,PilaArreglo,delete,delete,base,20261022,100,2000,7,221600,110.800000,2000
stack,PilaArreglo,delete,delete,base,20261022,100,2000,8,221900,110.950000,2000
stack,PilaArreglo,delete,delete,base,20261022,100,2000,9,221100,110.550000,2000
stack,PilaArreglo,delete,delete,base,20261022,100,2000,10,221700,110.850000,2000
stack,ListaSimpleSinCola,size,size,general,20261022,100,20096,1,38800,1.930732,2009600
stack,ListaSimpleSinCola,size,size,general,20261022,100,20096,2,38700,1.925756,2009600
stack,ListaSimpleSinCola,size,size,general,20261022,100,20096,3,38700,1.925756,2009600
stack,ListaSimpleSinCola,size,size,general,20261022,100,20096,4,38900,1.935709,2009600
stack,ListaSimpleSinCola,size,size,general,20261022,100,20096,5,38900,1.935709,2009600
stack,ListaSimpleSinCola,size,size,general,20261022,100,20096,6,38900,1.935709,2009600
stack,ListaSimpleSinCola,size,size,general,20261022,100,20096,7,38800,1.930732,2009600
stack,ListaSimpleSinCola,size,size,general,20261022,100,20096,8,38800,1.930732,2009600
stack,ListaSimpleSinCola,size,size,general,20261022,100,20096,9,39000,1.940685,2009600
stack,ListaSimpleSinCola,size,size,general,20261022,100,20096,10,38900,1.935709,2009600
stack,PilaArreglo,size,size,general,20261022,100,20096,1,37500,1.866043,2009600
stack,PilaArreglo,size,size,general,20261022,100,20096,2,37500,1.866043,2009600
stack,PilaArreglo,size,size,general,20261022,100,20096,3,37600,1.871019,2009600
stack,PilaArreglo,size,size,general,20261022,100,20096,4,37700,1.875995,2009600
stack,PilaArreglo,size,size,general,20261022,100,20096,5,37700,1.875995,2009600
stack,PilaArreglo,size,size,general,20261022,100,20096,6,37700,1.875995,2009600
stack,PilaArreglo,size,size,general,20261022,100,20096,7,37600,1.871019,2009600
stack,PilaArreglo,size,size,general,20261022,100,20096,8,37700,1.875995,2009600
stack,PilaArreglo,size,size,general,20261022,100,20096,9,37500,1.866043,2009600
stack,PilaArreglo,size,size,general,20261022,100,20096,10,37500,1.866043,2009600
stack,ListaSimpleSinCola,isEmpty,isEmpty,general,20261022,100,20096,1,39700,1.975518,40192
stack,ListaSimpleSinCola,isEmpty,isEmpty,general,20261022,100,20096,2,39700,1.975518,40192
stack,ListaSimpleSinCola,isEmpty,isEmpty,general,20261022,100,20096,3,39700,1.975518,40192
stack,ListaSimpleSinCola,isEmpty,isEmpty,general,20261022,100,20096,4,39600,1.970541,40192
stack,ListaSimpleSinCola,isEmpty,isEmpty,general,20261022,100,20096,5,39700,1.975518,40192
stack,ListaSimpleSinCola,isEmpty,isEmpty,general,20261022,100,20096,6,39700,1.975518,40192
stack,ListaSimpleSinCola,isEmpty,isEmpty,general,20261022,100,20096,7,39700,1.975518,40192
stack,ListaSimpleSinCola,isEmpty,isEmpty,general,20261022,100,20096,8,39700,1.975518,40192
stack,ListaSimpleSinCola,isEmpty,isEmpty,general,20261022,100,20096,9,39800,1.980494,40192
stack,ListaSimpleSinCola,isEmpty,isEmpty,general,20261022,100,20096,10,39800,1.980494,40192
stack,PilaArreglo,isEmpty,isEmpty,general,20261022,100,20096,1,39800,1.980494,40192
stack,PilaArreglo,isEmpty,isEmpty,general,20261022,100,20096,2,39800,1.980494,40192
stack,PilaArreglo,isEmpty,isEmpty,general,20261022,100,20096,3,39800,1.980494,40192
stack,PilaArreglo,isEmpty,isEmpty,general,20261022,100,20096,4,39700,1.975518,40192
stack,PilaArreglo,isEmpty,isEmpty,general,20261022,100,20096,5,39800,1.980494,40192
stack,PilaArreglo,isEmpty,isEmpty,general,20261022,100,20096,6,39700,1.975518,40192
stack,PilaArreglo,isEmpty,isEmpty,general,20261022,100,20096,7,39800,1.980494,40192
stack,PilaArreglo,isEmpty,isEmpty,general,20261022,100,20096,8,39700,1.975518,40192
stack,PilaArreglo,isEmpty,isEmpty,general,20261022,100,20096,9,44300,2.204419,40192
stack,PilaArreglo,isEmpty,isEmpty,general,20261022,100,20096,10,39700,1.975518,40192
queue,ListaSimpleConCola,enqueue,pushBack,general,20261022,100,2000,1,16000,8.000000,30000
queue,ListaSimpleConCola,enqueue,pushBack,general,20261022,100,2000,2,15700,7.850000,30000
queue,ListaSimpleConCola,enqueue,pushBack,general,20261022,100,2000,3,17900,8.950000,30000
queue,ListaSimpleConCola,enqueue,pushBack,general,20261022,100,2000,4,31600,15.800000,30000
queue,ListaSimpleConCola,enqueue,pushBack,general,20261022,100,2000,5,15500,7.750000,30000
queue,ListaSimpleConCola,enqueue,pushBack,general,20261022,100,2000,6,14100,7.050000,30000
queue,ListaSimpleConCola,enqueue,pushBack,general,20261022,100,2000,7,20900,10.450000,30000
queue,ListaSimpleConCola,enqueue,pushBack,general,20261022,100,2000,8,26800,13.400000,30000
queue,ListaSimpleConCola,enqueue,pushBack,general,20261022,100,2000,9,26500,13.250000,30000
queue,ListaSimpleConCola,enqueue,pushBack,general,20261022,100,2000,10,25000,12.500000,30000
queue,ColaArreglo,enqueue,enqueue,general,20261022,100,2000,1,8000,4.000000,30000
queue,ColaArreglo,enqueue,enqueue,general,20261022,100,2000,2,8200,4.100000,30000
queue,ColaArreglo,enqueue,enqueue,general,20261022,100,2000,3,8700,4.350000,30000
queue,ColaArreglo,enqueue,enqueue,general,20261022,100,2000,4,7600,3.800000,30000
queue,ColaArreglo,enqueue,enqueue,general,20261022,100,2000,5,7200,3.600000,30000
queue,ColaArreglo,enqueue,enqueue,general,20261022,100,2000,6,7000,3.500000,30000
queue,ColaArreglo,enqueue,enqueue,general,20261022,100,2000,7,14200,7.100000,30000
queue,ColaArreglo,enqueue,enqueue,general,20261022,100,2000,8,7800,3.900000,30000
queue,ColaArreglo,enqueue,enqueue,general,20261022,100,2000,9,8100,4.050000,30000
queue,ColaArreglo,enqueue,enqueue,general,20261022,100,2000,10,7600,3.800000,30000
queue,ListaSimpleConCola,dequeue,popFront,general,20261022,100,2000,1,23200,11.600000,60000
queue,ListaSimpleConCola,dequeue,popFront,general,20261022,100,2000,2,33600,16.800000,60000
queue,ListaSimpleConCola,dequeue,popFront,general,20261022,100,2000,3,18600,9.300000,60000
queue,ListaSimpleConCola,dequeue,popFront,general,20261022,100,2000,4,15800,7.900000,60000
queue,ListaSimpleConCola,dequeue,popFront,general,20261022,100,2000,5,24900,12.450000,60000
queue,ListaSimpleConCola,dequeue,popFront,general,20261022,100,2000,6,18300,9.150000,60000
queue,ListaSimpleConCola,dequeue,popFront,general,20261022,100,2000,7,17500,8.750000,60000
queue,ListaSimpleConCola,dequeue,popFront,general,20261022,100,2000,8,22000,11.000000,60000
queue,ListaSimpleConCola,dequeue,popFront,general,20261022,100,2000,9,17400,8.700000,60000
queue,ListaSimpleConCola,dequeue,popFront,general,20261022,100,2000,10,19600,9.800000,60000
queue,ColaArreglo,dequeue,dequeue,general,20261022,100,2000,1,7100,3.550000,60000
queue,ColaArreglo,dequeue,dequeue,general,20261022,100,2000,2,6600,3.300000,60000
queue,ColaArreglo,dequeue,dequeue,general,20261022,100,2000,3,7500,3.750000,60000
queue,ColaArreglo,dequeue,dequeue,general,20261022,100,2000,4,7200,3.600000,60000
queue,ColaArreglo,dequeue,dequeue,general,20261022,100,2000,5,7200,3.600000,60000
queue,ColaArreglo,dequeue,dequeue,general,20261022,100,2000,6,9600,4.800000,60000
queue,ColaArreglo,dequeue,dequeue,general,20261022,100,2000,7,7000,3.500000,60000
queue,ColaArreglo,dequeue,dequeue,general,20261022,100,2000,8,7200,3.600000,60000
queue,ColaArreglo,dequeue,dequeue,general,20261022,100,2000,9,7000,3.500000,60000
queue,ColaArreglo,dequeue,dequeue,general,20261022,100,2000,10,7700,3.850000,60000
queue,ListaSimpleConCola,front,topFront,general,20261022,100,20096,1,43200,2.149682,301440
queue,ListaSimpleConCola,front,topFront,general,20261022,100,20096,2,42800,2.129777,301440
queue,ListaSimpleConCola,front,topFront,general,20261022,100,20096,3,44000,2.189490,301440
queue,ListaSimpleConCola,front,topFront,general,20261022,100,20096,4,42800,2.129777,301440
queue,ListaSimpleConCola,front,topFront,general,20261022,100,20096,5,43000,2.139729,301440
queue,ListaSimpleConCola,front,topFront,general,20261022,100,20096,6,45100,2.244228,301440
queue,ListaSimpleConCola,front,topFront,general,20261022,100,20096,7,42600,2.119825,301440
queue,ListaSimpleConCola,front,topFront,general,20261022,100,20096,8,48000,2.388535,301440
queue,ListaSimpleConCola,front,topFront,general,20261022,100,20096,9,42900,2.134753,301440
queue,ListaSimpleConCola,front,topFront,general,20261022,100,20096,10,42600,2.119825,301440
queue,ColaArreglo,front,front,general,20261022,100,20096,1,44500,2.214371,301440
queue,ColaArreglo,front,front,general,20261022,100,20096,2,52300,2.602508,301440
queue,ColaArreglo,front,front,general,20261022,100,20096,3,52600,2.617436,301440
queue,ColaArreglo,front,front,general,20261022,100,20096,4,55000,2.736863,301440
queue,ColaArreglo,front,front,general,20261022,100,20096,5,63800,3.174761,301440
queue,ColaArreglo,front,front,general,20261022,100,20096,6,58200,2.896099,301440
queue,ColaArreglo,front,front,general,20261022,100,20096,7,59700,2.970740,301440
queue,ColaArreglo,front,front,general,20261022,100,20096,8,66500,3.309116,301440
queue,ColaArreglo,front,front,general,20261022,100,20096,9,53800,2.677150,301440
queue,ColaArreglo,front,front,general,20261022,100,20096,10,55200,2.746815,301440
queue,ListaSimpleConCola,delete,find+erase,final,20261022,100,2000,1,417600,208.800000,198000
queue,ListaSimpleConCola,delete,find+erase,final,20261022,100,2000,2,416200,208.100000,198000
queue,ListaSimpleConCola,delete,find+erase,final,20261022,100,2000,3,422200,211.100000,198000
queue,ListaSimpleConCola,delete,find+erase,final,20261022,100,2000,4,424700,212.350000,198000
queue,ListaSimpleConCola,delete,find+erase,final,20261022,100,2000,5,636100,318.050000,198000
queue,ListaSimpleConCola,delete,find+erase,final,20261022,100,2000,6,621900,310.950000,198000
queue,ListaSimpleConCola,delete,find+erase,final,20261022,100,2000,7,500100,250.050000,198000
queue,ListaSimpleConCola,delete,find+erase,final,20261022,100,2000,8,435400,217.700000,198000
queue,ListaSimpleConCola,delete,find+erase,final,20261022,100,2000,9,449600,224.800000,198000
queue,ListaSimpleConCola,delete,find+erase,final,20261022,100,2000,10,443800,221.900000,198000
queue,ColaArreglo,delete,delete,final,20261022,100,2000,1,262600,131.300000,2000
queue,ColaArreglo,delete,delete,final,20261022,100,2000,2,264600,132.300000,2000
queue,ColaArreglo,delete,delete,final,20261022,100,2000,3,267400,133.700000,2000
queue,ColaArreglo,delete,delete,final,20261022,100,2000,4,261800,130.900000,2000
queue,ColaArreglo,delete,delete,final,20261022,100,2000,5,268800,134.400000,2000
queue,ColaArreglo,delete,delete,final,20261022,100,2000,6,327600,163.800000,2000
queue,ColaArreglo,delete,delete,final,20261022,100,2000,7,348400,174.200000,2000
queue,ColaArreglo,delete,delete,final,20261022,100,2000,8,345800,172.900000,2000
queue,ColaArreglo,delete,delete,final,20261022,100,2000,9,359900,179.950000,2000
queue,ColaArreglo,delete,delete,final,20261022,100,2000,10,357500,178.750000,2000
queue,ListaSimpleConCola,size,size,general,20261022,100,20096,1,59400,2.955812,2009600
queue,ListaSimpleConCola,size,size,general,20261022,100,20096,2,60000,2.985669,2009600
queue,ListaSimpleConCola,size,size,general,20261022,100,20096,3,58500,2.911027,2009600
queue,ListaSimpleConCola,size,size,general,20261022,100,20096,4,58400,2.906051,2009600
queue,ListaSimpleConCola,size,size,general,20261022,100,20096,5,64100,3.189689,2009600
queue,ListaSimpleConCola,size,size,general,20261022,100,20096,6,57700,2.871218,2009600
queue,ListaSimpleConCola,size,size,general,20261022,100,20096,7,57400,2.856290,2009600
queue,ListaSimpleConCola,size,size,general,20261022,100,20096,8,58900,2.930932,2009600
queue,ListaSimpleConCola,size,size,general,20261022,100,20096,9,58800,2.925955,2009600
queue,ListaSimpleConCola,size,size,general,20261022,100,20096,10,56600,2.816481,2009600
queue,ColaArreglo,size,size,general,20261022,100,20096,1,63900,3.179737,2009600
queue,ColaArreglo,size,size,general,20261022,100,20096,2,65800,3.274283,2009600
queue,ColaArreglo,size,size,general,20261022,100,20096,3,64900,3.229498,2009600
queue,ColaArreglo,size,size,general,20261022,100,20096,4,64500,3.209594,2009600
queue,ColaArreglo,size,size,general,20261022,100,20096,5,64200,3.194666,2009600
queue,ColaArreglo,size,size,general,20261022,100,20096,6,63800,3.174761,2009600
queue,ColaArreglo,size,size,general,20261022,100,20096,7,63600,3.164809,2009600
queue,ColaArreglo,size,size,general,20261022,100,20096,8,65200,3.244427,2009600
queue,ColaArreglo,size,size,general,20261022,100,20096,9,64500,3.209594,2009600
queue,ColaArreglo,size,size,general,20261022,100,20096,10,63600,3.164809,2009600
queue,ListaSimpleConCola,isEmpty,isEmpty,general,20261022,100,20096,1,66300,3.299164,40192
queue,ListaSimpleConCola,isEmpty,isEmpty,general,20261022,100,20096,2,65200,3.244427,40192
queue,ListaSimpleConCola,isEmpty,isEmpty,general,20261022,100,20096,3,61900,3.080215,40192
queue,ListaSimpleConCola,isEmpty,isEmpty,general,20261022,100,20096,4,62400,3.105096,40192
queue,ListaSimpleConCola,isEmpty,isEmpty,general,20261022,100,20096,5,62800,3.125000,40192
queue,ListaSimpleConCola,isEmpty,isEmpty,general,20261022,100,20096,6,64600,3.214570,40192
queue,ListaSimpleConCola,isEmpty,isEmpty,general,20261022,100,20096,7,64200,3.194666,40192
queue,ListaSimpleConCola,isEmpty,isEmpty,general,20261022,100,20096,8,63600,3.164809,40192
queue,ListaSimpleConCola,isEmpty,isEmpty,general,20261022,100,20096,9,65100,3.239451,40192
queue,ListaSimpleConCola,isEmpty,isEmpty,general,20261022,100,20096,10,61100,3.040406,40192
queue,ColaArreglo,isEmpty,isEmpty,general,20261022,100,20096,1,65000,3.234475,40192
queue,ColaArreglo,isEmpty,isEmpty,general,20261022,100,20096,2,66300,3.299164,40192
queue,ColaArreglo,isEmpty,isEmpty,general,20261022,100,20096,3,66100,3.289212,40192
queue,ColaArreglo,isEmpty,isEmpty,general,20261022,100,20096,4,61100,3.040406,40192
queue,ColaArreglo,isEmpty,isEmpty,general,20261022,100,20096,5,64600,3.214570,40192
queue,ColaArreglo,isEmpty,isEmpty,general,20261022,100,20096,6,68400,3.403662,40192
queue,ColaArreglo,isEmpty,isEmpty,general,20261022,100,20096,7,68900,3.428543,40192
queue,ColaArreglo,isEmpty,isEmpty,general,20261022,100,20096,8,68600,3.413615,40192
queue,ColaArreglo,isEmpty,isEmpty,general,20261022,100,20096,9,67400,3.353901,40192
queue,ColaArreglo,isEmpty,isEmpty,general,20261022,100,20096,10,68000,3.383758,40192
stack,ListaSimpleSinCola,push,pushFront,general,20261922,1000,2000,1,13800,6.900000,-4294967296000
stack,ListaSimpleSinCola,push,pushFront,general,20261922,1000,2000,2,18900,9.450000,-4294967296000
stack,ListaSimpleSinCola,push,pushFront,general,20261922,1000,2000,3,14600,7.300000,-4294967296000
stack,ListaSimpleSinCola,push,pushFront,general,20261922,1000,2000,4,14800,7.400000,-4294967296000
stack,ListaSimpleSinCola,push,pushFront,general,20261922,1000,2000,5,15500,7.750000,-4294967296000
stack,ListaSimpleSinCola,push,pushFront,general,20261922,1000,2000,6,15700,7.850000,-4294967296000
stack,ListaSimpleSinCola,push,pushFront,general,20261922,1000,2000,7,12700,6.350000,-4294967296000
stack,ListaSimpleSinCola,push,pushFront,general,20261922,1000,2000,8,13700,6.850000,-4294967296000
stack,ListaSimpleSinCola,push,pushFront,general,20261922,1000,2000,9,12700,6.350000,-4294967296000
stack,ListaSimpleSinCola,push,pushFront,general,20261922,1000,2000,10,16300,8.150000,-4294967296000
stack,PilaArreglo,push,push,general,20261922,1000,2000,1,10600,5.300000,-4294967296000
stack,PilaArreglo,push,push,general,20261922,1000,2000,2,11200,5.600000,-4294967296000
stack,PilaArreglo,push,push,general,20261922,1000,2000,3,10600,5.300000,-4294967296000
stack,PilaArreglo,push,push,general,20261922,1000,2000,4,9800,4.900000,-4294967296000
stack,PilaArreglo,push,push,general,20261922,1000,2000,5,10900,5.450000,-4294967296000
stack,PilaArreglo,push,push,general,20261922,1000,2000,6,10400,5.200000,-4294967296000
stack,PilaArreglo,push,push,general,20261922,1000,2000,7,10500,5.250000,-4294967296000
stack,PilaArreglo,push,push,general,20261922,1000,2000,8,10700,5.350000,-4294967296000
stack,PilaArreglo,push,push,general,20261922,1000,2000,9,11100,5.550000,-4294967296000
stack,PilaArreglo,push,push,general,20261922,1000,2000,10,10000,5.000000,-4294967296000
stack,ListaSimpleSinCola,pop,popFront,general,20261922,1000,2000,1,15900,7.950000,3460000
stack,ListaSimpleSinCola,pop,popFront,general,20261922,1000,2000,2,13400,6.700000,3460000
stack,ListaSimpleSinCola,pop,popFront,general,20261922,1000,2000,3,13800,6.900000,3460000
stack,ListaSimpleSinCola,pop,popFront,general,20261922,1000,2000,4,13300,6.650000,3460000
stack,ListaSimpleSinCola,pop,popFront,general,20261922,1000,2000,5,13800,6.900000,3460000
stack,ListaSimpleSinCola,pop,popFront,general,20261922,1000,2000,6,13600,6.800000,3460000
stack,ListaSimpleSinCola,pop,popFront,general,20261922,1000,2000,7,13300,6.650000,3460000
stack,ListaSimpleSinCola,pop,popFront,general,20261922,1000,2000,8,13600,6.800000,3460000
stack,ListaSimpleSinCola,pop,popFront,general,20261922,1000,2000,9,12600,6.300000,3460000
stack,ListaSimpleSinCola,pop,popFront,general,20261922,1000,2000,10,13400,6.700000,3460000
stack,PilaArreglo,pop,pop,general,20261922,1000,2000,1,9400,4.700000,3460000
stack,PilaArreglo,pop,pop,general,20261922,1000,2000,2,11000,5.500000,3460000
stack,PilaArreglo,pop,pop,general,20261922,1000,2000,3,10200,5.100000,3460000
stack,PilaArreglo,pop,pop,general,20261922,1000,2000,4,9100,4.550000,3460000
stack,PilaArreglo,pop,pop,general,20261922,1000,2000,5,10400,5.200000,3460000
stack,PilaArreglo,pop,pop,general,20261922,1000,2000,6,9700,4.850000,3460000
stack,PilaArreglo,pop,pop,general,20261922,1000,2000,7,9400,4.700000,3460000
stack,PilaArreglo,pop,pop,general,20261922,1000,2000,8,10100,5.050000,3460000
stack,PilaArreglo,pop,pop,general,20261922,1000,2000,9,10000,5.000000,3460000
stack,PilaArreglo,pop,pop,general,20261922,1000,2000,10,10100,5.050000,3460000
stack,ListaSimpleSinCola,peek,topFront,general,20261922,1000,20000,1,48200,2.410000,17300000
stack,ListaSimpleSinCola,peek,topFront,general,20261922,1000,20000,2,48900,2.445000,17300000
stack,ListaSimpleSinCola,peek,topFront,general,20261922,1000,20000,3,48600,2.430000,17300000
stack,ListaSimpleSinCola,peek,topFront,general,20261922,1000,20000,4,48300,2.415000,17300000
stack,ListaSimpleSinCola,peek,topFront,general,20261922,1000,20000,5,48800,2.440000,17300000
stack,ListaSimpleSinCola,peek,topFront,general,20261922,1000,20000,6,49200,2.460000,17300000
stack,ListaSimpleSinCola,peek,topFront,general,20261922,1000,20000,7,49000,2.450000,17300000
stack,ListaSimpleSinCola,peek,topFront,general,20261922,1000,20000,8,47100,2.355000,17300000
stack,ListaSimpleSinCola,peek,topFront,general,20261922,1000,20000,9,49900,2.495000,17300000
stack,ListaSimpleSinCola,peek,topFront,general,20261922,1000,20000,10,50200,2.510000,17300000
stack,PilaArreglo,peek,peek,general,20261922,1000,20000,1,52600,2.630000,17300000
stack,PilaArreglo,peek,peek,general,20261922,1000,20000,2,51600,2.580000,17300000
stack,PilaArreglo,peek,peek,general,20261922,1000,20000,3,51500,2.575000,17300000
stack,PilaArreglo,peek,peek,general,20261922,1000,20000,4,51300,2.565000,17300000
stack,PilaArreglo,peek,peek,general,20261922,1000,20000,5,52800,2.640000,17300000
stack,PilaArreglo,peek,peek,general,20261922,1000,20000,6,51600,2.580000,17300000
stack,PilaArreglo,peek,peek,general,20261922,1000,20000,7,52200,2.610000,17300000
stack,PilaArreglo,peek,peek,general,20261922,1000,20000,8,50900,2.545000,17300000
stack,PilaArreglo,peek,peek,general,20261922,1000,20000,9,51600,2.580000,17300000
stack,PilaArreglo,peek,peek,general,20261922,1000,20000,10,53800,2.690000,17300000
stack,ListaSimpleSinCola,delete,find+erase,base,20261922,1000,200,1,833200,4166.000000,199800
stack,ListaSimpleSinCola,delete,find+erase,base,20261922,1000,200,2,638900,3194.500000,199800
stack,ListaSimpleSinCola,delete,find+erase,base,20261922,1000,200,3,725800,3629.000000,199800
stack,ListaSimpleSinCola,delete,find+erase,base,20261922,1000,200,4,661100,3305.500000,199800
stack,ListaSimpleSinCola,delete,find+erase,base,20261922,1000,200,5,664400,3322.000000,199800
stack,ListaSimpleSinCola,delete,find+erase,base,20261922,1000,200,6,650200,3251.000000,199800
stack,ListaSimpleSinCola,delete,find+erase,base,20261922,1000,200,7,624600,3123.000000,199800
stack,ListaSimpleSinCola,delete,find+erase,base,20261922,1000,200,8,673800,3369.000000,199800
stack,ListaSimpleSinCola,delete,find+erase,base,20261922,1000,200,9,685700,3428.500000,199800
stack,ListaSimpleSinCola,delete,find+erase,base,20261922,1000,200,10,675100,3375.500000,199800
stack,PilaArreglo,delete,delete,base,20261922,1000,200,1,257300,1286.500000,200
stack,PilaArreglo,delete,delete,base,20261922,1000,200,2,287700,1438.500000,200
stack,PilaArreglo,delete,delete,base,20261922,1000,200,3,286200,1431.000000,200
stack,PilaArreglo,delete,delete,base,20261922,1000,200,4,331700,1658.500000,200
stack,PilaArreglo,delete,delete,base,20261922,1000,200,5,321100,1605.500000,200
stack,PilaArreglo,delete,delete,base,20261922,1000,200,6,310700,1553.500000,200
stack,PilaArreglo,delete,delete,base,20261922,1000,200,7,249700,1248.500000,200
stack,PilaArreglo,delete,delete,base,20261922,1000,200,8,277600,1388.000000,200
stack,PilaArreglo,delete,delete,base,20261922,1000,200,9,315600,1578.000000,200
stack,PilaArreglo,delete,delete,base,20261922,1000,200,10,281400,1407.000000,200
stack,ListaSimpleSinCola,size,size,general,20261922,1000,20000,1,40200,2.010000,20000000
stack,ListaSimpleSinCola,size,size,general,20261922,1000,20000,2,40200,2.010000,20000000
stack,ListaSimpleSinCola,size,size,general,20261922,1000,20000,3,40400,2.020000,20000000
stack,ListaSimpleSinCola,size,size,general,20261922,1000,20000,4,40500,2.025000,20000000
stack,ListaSimpleSinCola,size,size,general,20261922,1000,20000,5,40500,2.025000,20000000
stack,ListaSimpleSinCola,size,size,general,20261922,1000,20000,6,42000,2.100000,20000000
stack,ListaSimpleSinCola,size,size,general,20261922,1000,20000,7,40300,2.015000,20000000
stack,ListaSimpleSinCola,size,size,general,20261922,1000,20000,8,40700,2.035000,20000000
stack,ListaSimpleSinCola,size,size,general,20261922,1000,20000,9,59800,2.990000,20000000
stack,ListaSimpleSinCola,size,size,general,20261922,1000,20000,10,42000,2.100000,20000000
stack,PilaArreglo,size,size,general,20261922,1000,20000,1,37900,1.895000,20000000
stack,PilaArreglo,size,size,general,20261922,1000,20000,2,38300,1.915000,20000000
stack,PilaArreglo,size,size,general,20261922,1000,20000,3,39200,1.960000,20000000
stack,PilaArreglo,size,size,general,20261922,1000,20000,4,38100,1.905000,20000000
stack,PilaArreglo,size,size,general,20261922,1000,20000,5,39900,1.995000,20000000
stack,PilaArreglo,size,size,general,20261922,1000,20000,6,37800,1.890000,20000000
stack,PilaArreglo,size,size,general,20261922,1000,20000,7,37900,1.895000,20000000
stack,PilaArreglo,size,size,general,20261922,1000,20000,8,37900,1.895000,20000000
stack,PilaArreglo,size,size,general,20261922,1000,20000,9,39900,1.995000,20000000
stack,PilaArreglo,size,size,general,20261922,1000,20000,10,38000,1.900000,20000000
stack,ListaSimpleSinCola,isEmpty,isEmpty,general,20261922,1000,20000,1,40600,2.030000,40000
stack,ListaSimpleSinCola,isEmpty,isEmpty,general,20261922,1000,20000,2,40900,2.045000,40000
stack,ListaSimpleSinCola,isEmpty,isEmpty,general,20261922,1000,20000,3,40400,2.020000,40000
stack,ListaSimpleSinCola,isEmpty,isEmpty,general,20261922,1000,20000,4,40800,2.040000,40000
stack,ListaSimpleSinCola,isEmpty,isEmpty,general,20261922,1000,20000,5,40500,2.025000,40000
stack,ListaSimpleSinCola,isEmpty,isEmpty,general,20261922,1000,20000,6,40500,2.025000,40000
stack,ListaSimpleSinCola,isEmpty,isEmpty,general,20261922,1000,20000,7,40200,2.010000,40000
stack,ListaSimpleSinCola,isEmpty,isEmpty,general,20261922,1000,20000,8,42200,2.110000,40000
stack,ListaSimpleSinCola,isEmpty,isEmpty,general,20261922,1000,20000,9,40200,2.010000,40000
stack,ListaSimpleSinCola,isEmpty,isEmpty,general,20261922,1000,20000,10,40000,2.000000,40000
stack,PilaArreglo,isEmpty,isEmpty,general,20261922,1000,20000,1,39800,1.990000,40000
stack,PilaArreglo,isEmpty,isEmpty,general,20261922,1000,20000,2,39700,1.985000,40000
stack,PilaArreglo,isEmpty,isEmpty,general,20261922,1000,20000,3,39700,1.985000,40000
stack,PilaArreglo,isEmpty,isEmpty,general,20261922,1000,20000,4,39700,1.985000,40000
stack,PilaArreglo,isEmpty,isEmpty,general,20261922,1000,20000,5,42200,2.110000,40000
stack,PilaArreglo,isEmpty,isEmpty,general,20261922,1000,20000,6,48500,2.425000,40000
stack,PilaArreglo,isEmpty,isEmpty,general,20261922,1000,20000,7,39900,1.995000,40000
stack,PilaArreglo,isEmpty,isEmpty,general,20261922,1000,20000,8,39800,1.990000,40000
stack,PilaArreglo,isEmpty,isEmpty,general,20261922,1000,20000,9,39900,1.995000,40000
stack,PilaArreglo,isEmpty,isEmpty,general,20261922,1000,20000,10,40200,2.010000,40000
queue,ListaSimpleConCola,enqueue,pushBack,general,20261922,1000,2000,1,19900,9.950000,741600
queue,ListaSimpleConCola,enqueue,pushBack,general,20261922,1000,2000,2,20500,10.250000,741600
queue,ListaSimpleConCola,enqueue,pushBack,general,20261922,1000,2000,3,21000,10.500000,741600
queue,ListaSimpleConCola,enqueue,pushBack,general,20261922,1000,2000,4,24500,12.250000,741600
queue,ListaSimpleConCola,enqueue,pushBack,general,20261922,1000,2000,5,18400,9.200000,741600
queue,ListaSimpleConCola,enqueue,pushBack,general,20261922,1000,2000,6,18800,9.400000,741600
queue,ListaSimpleConCola,enqueue,pushBack,general,20261922,1000,2000,7,18200,9.100000,741600
queue,ListaSimpleConCola,enqueue,pushBack,general,20261922,1000,2000,8,18600,9.300000,741600
queue,ListaSimpleConCola,enqueue,pushBack,general,20261922,1000,2000,9,20100,10.050000,741600
queue,ListaSimpleConCola,enqueue,pushBack,general,20261922,1000,2000,10,19100,9.550000,741600
queue,ColaArreglo,enqueue,enqueue,general,20261922,1000,2000,1,11000,5.500000,741600
queue,ColaArreglo,enqueue,enqueue,general,20261922,1000,2000,2,11100,5.550000,741600
queue,ColaArreglo,enqueue,enqueue,general,20261922,1000,2000,3,10800,5.400000,741600
queue,ColaArreglo,enqueue,enqueue,general,20261922,1000,2000,4,10700,5.350000,741600
queue,ColaArreglo,enqueue,enqueue,general,20261922,1000,2000,5,11700,5.850000,741600
queue,ColaArreglo,enqueue,enqueue,general,20261922,1000,2000,6,11600,5.800000,741600
queue,ColaArreglo,enqueue,enqueue,general,20261922,1000,2000,7,11300,5.650000,741600
queue,ColaArreglo,enqueue,enqueue,general,20261922,1000,2000,8,11100,5.550000,741600
queue,ColaArreglo,enqueue,enqueue,general,20261922,1000,2000,9,12200,6.100000,741600
queue,ColaArreglo,enqueue,enqueue,general,20261922,1000,2000,10,11700,5.850000,741600
queue,ListaSimpleConCola,dequeue,popFront,general,20261922,1000,2000,1,33800,16.900000,1483200
queue,ListaSimpleConCola,dequeue,popFront,general,20261922,1000,2000,2,36100,18.050000,1483200
queue,ListaSimpleConCola,dequeue,popFront,general,20261922,1000,2000,3,34500,17.250000,1483200
queue,ListaSimpleConCola,dequeue,popFront,general,20261922,1000,2000,4,35100,17.550000,1483200
queue,ListaSimpleConCola,dequeue,popFront,general,20261922,1000,2000,5,35300,17.650000,1483200
queue,ListaSimpleConCola,dequeue,popFront,general,20261922,1000,2000,6,39600,19.800000,1483200
queue,ListaSimpleConCola,dequeue,popFront,general,20261922,1000,2000,7,34800,17.400000,1483200
queue,ListaSimpleConCola,dequeue,popFront,general,20261922,1000,2000,8,35500,17.750000,1483200
queue,ListaSimpleConCola,dequeue,popFront,general,20261922,1000,2000,9,35000,17.500000,1483200
queue,ListaSimpleConCola,dequeue,popFront,general,20261922,1000,2000,10,37100,18.550000,1483200
queue,ColaArreglo,dequeue,dequeue,general,20261922,1000,2000,1,19800,9.900000,1483200
queue,ColaArreglo,dequeue,dequeue,general,20261922,1000,2000,2,21400,10.700000,1483200
queue,ColaArreglo,dequeue,dequeue,general,20261922,1000,2000,3,21100,10.550000,1483200
queue,ColaArreglo,dequeue,dequeue,general,20261922,1000,2000,4,19900,9.950000,1483200
queue,ColaArreglo,dequeue,dequeue,general,20261922,1000,2000,5,21600,10.800000,1483200
queue,ColaArreglo,dequeue,dequeue,general,20261922,1000,2000,6,20400,10.200000,1483200
queue,ColaArreglo,dequeue,dequeue,general,20261922,1000,2000,7,24000,12.000000,1483200
queue,ColaArreglo,dequeue,dequeue,general,20261922,1000,2000,8,21000,10.500000,1483200
queue,ColaArreglo,dequeue,dequeue,general,20261922,1000,2000,9,20400,10.200000,1483200
queue,ColaArreglo,dequeue,dequeue,general,20261922,1000,2000,10,20900,10.450000,1483200
queue,ListaSimpleConCola,front,topFront,general,20261922,1000,20000,1,45900,2.295000,3140000
queue,ListaSimpleConCola,front,topFront,general,20261922,1000,20000,2,46000,2.300000,3140000
queue,ListaSimpleConCola,front,topFront,general,20261922,1000,20000,3,46700,2.335000,3140000
queue,ListaSimpleConCola,front,topFront,general,20261922,1000,20000,4,45800,2.290000,3140000
queue,ListaSimpleConCola,front,topFront,general,20261922,1000,20000,5,45900,2.295000,3140000
queue,ListaSimpleConCola,front,topFront,general,20261922,1000,20000,6,45500,2.275000,3140000
queue,ListaSimpleConCola,front,topFront,general,20261922,1000,20000,7,45300,2.265000,3140000
queue,ListaSimpleConCola,front,topFront,general,20261922,1000,20000,8,46200,2.310000,3140000
queue,ListaSimpleConCola,front,topFront,general,20261922,1000,20000,9,45600,2.280000,3140000
queue,ListaSimpleConCola,front,topFront,general,20261922,1000,20000,10,47900,2.395000,3140000
queue,ColaArreglo,front,front,general,20261922,1000,20000,1,49900,2.495000,3140000
queue,ColaArreglo,front,front,general,20261922,1000,20000,2,54600,2.730000,3140000
queue,ColaArreglo,front,front,general,20261922,1000,20000,3,51500,2.575000,3140000
queue,ColaArreglo,front,front,general,20261922,1000,20000,4,51300,2.565000,3140000
queue,ColaArreglo,front,front,general,20261922,1000,20000,5,51500,2.575000,3140000
queue,ColaArreglo,front,front,general,20261922,1000,20000,6,52500,2.625000,3140000
queue,ColaArreglo,front,front,general,20261922,1000,20000,7,51400,2.570000,3140000
queue,ColaArreglo,front,front,general,20261922,1000,20000,8,53400,2.670000,3140000
queue,ColaArreglo,front,front,general,20261922,1000,20000,9,54500,2.725000,3140000
queue,ColaArreglo,front,front,general,20261922,1000,20000,10,54800,2.740000,3140000
queue,ListaSimpleConCola,delete,find+erase,final,20261922,1000,200,1,640400,3202.000000,199800
queue,ListaSimpleConCola,delete,find+erase,final,20261922,1000,200,2,544900,2724.500000,199800
queue,ListaSimpleConCola,delete,find+erase,final,20261922,1000,200,3,683700,3418.500000,199800
queue,ListaSimpleConCola,delete,find+erase,final,20261922,1000,200,4,696300,3481.500000,199800
queue,ListaSimpleConCola,delete,find+erase,final,20261922,1000,200,5,662600,3313.000000,199800
queue,ListaSimpleConCola,delete,find+erase,final,20261922,1000,200,6,631100,3155.500000,199800
queue,ListaSimpleConCola,delete,find+erase,final,20261922,1000,200,7,621600,3108.000000,199800
queue,ListaSimpleConCola,delete,find+erase,final,20261922,1000,200,8,571400,2857.000000,199800
queue,ListaSimpleConCola,delete,find+erase,final,20261922,1000,200,9,692900,3464.500000,199800
queue,ListaSimpleConCola,delete,find+erase,final,20261922,1000,200,10,616000,3080.000000,199800
queue,ColaArreglo,delete,delete,final,20261922,1000,200,1,311200,1556.000000,200
queue,ColaArreglo,delete,delete,final,20261922,1000,200,2,286900,1434.500000,200
queue,ColaArreglo,delete,delete,final,20261922,1000,200,3,281800,1409.000000,200
queue,ColaArreglo,delete,delete,final,20261922,1000,200,4,277000,1385.000000,200
queue,ColaArreglo,delete,delete,final,20261922,1000,200,5,288400,1442.000000,200
queue,ColaArreglo,delete,delete,final,20261922,1000,200,6,280300,1401.500000,200
queue,ColaArreglo,delete,delete,final,20261922,1000,200,7,281500,1407.500000,200
queue,ColaArreglo,delete,delete,final,20261922,1000,200,8,284300,1421.500000,200
queue,ColaArreglo,delete,delete,final,20261922,1000,200,9,298000,1490.000000,200
queue,ColaArreglo,delete,delete,final,20261922,1000,200,10,304800,1524.000000,200
queue,ListaSimpleConCola,size,size,general,20261922,1000,20000,1,37700,1.885000,20000000
queue,ListaSimpleConCola,size,size,general,20261922,1000,20000,2,38800,1.940000,20000000
queue,ListaSimpleConCola,size,size,general,20261922,1000,20000,3,37700,1.885000,20000000
queue,ListaSimpleConCola,size,size,general,20261922,1000,20000,4,38100,1.905000,20000000
queue,ListaSimpleConCola,size,size,general,20261922,1000,20000,5,38700,1.935000,20000000
queue,ListaSimpleConCola,size,size,general,20261922,1000,20000,6,37600,1.880000,20000000
queue,ListaSimpleConCola,size,size,general,20261922,1000,20000,7,37500,1.875000,20000000
queue,ListaSimpleConCola,size,size,general,20261922,1000,20000,8,37700,1.885000,20000000
queue,ListaSimpleConCola,size,size,general,20261922,1000,20000,9,37700,1.885000,20000000
queue,ListaSimpleConCola,size,size,general,20261922,1000,20000,10,37600,1.880000,20000000
queue,ColaArreglo,size,size,general,20261922,1000,20000,1,37500,1.875000,20000000
queue,ColaArreglo,size,size,general,20261922,1000,20000,2,37500,1.875000,20000000
queue,ColaArreglo,size,size,general,20261922,1000,20000,3,38700,1.935000,20000000
queue,ColaArreglo,size,size,general,20261922,1000,20000,4,37500,1.875000,20000000
queue,ColaArreglo,size,size,general,20261922,1000,20000,5,37500,1.875000,20000000
queue,ColaArreglo,size,size,general,20261922,1000,20000,6,38500,1.925000,20000000
queue,ColaArreglo,size,size,general,20261922,1000,20000,7,37500,1.875000,20000000
queue,ColaArreglo,size,size,general,20261922,1000,20000,8,37500,1.875000,20000000
queue,ColaArreglo,size,size,general,20261922,1000,20000,9,37500,1.875000,20000000
queue,ColaArreglo,size,size,general,20261922,1000,20000,10,37400,1.870000,20000000
queue,ListaSimpleConCola,isEmpty,isEmpty,general,20261922,1000,20000,1,39600,1.980000,40000
queue,ListaSimpleConCola,isEmpty,isEmpty,general,20261922,1000,20000,2,39600,1.980000,40000
queue,ListaSimpleConCola,isEmpty,isEmpty,general,20261922,1000,20000,3,41600,2.080000,40000
queue,ListaSimpleConCola,isEmpty,isEmpty,general,20261922,1000,20000,4,39500,1.975000,40000
queue,ListaSimpleConCola,isEmpty,isEmpty,general,20261922,1000,20000,5,39500,1.975000,40000
queue,ListaSimpleConCola,isEmpty,isEmpty,general,20261922,1000,20000,6,39800,1.990000,40000
queue,ListaSimpleConCola,isEmpty,isEmpty,general,20261922,1000,20000,7,39500,1.975000,40000
queue,ListaSimpleConCola,isEmpty,isEmpty,general,20261922,1000,20000,8,39900,1.995000,40000
queue,ListaSimpleConCola,isEmpty,isEmpty,general,20261922,1000,20000,9,39500,1.975000,40000
queue,ListaSimpleConCola,isEmpty,isEmpty,general,20261922,1000,20000,10,39900,1.995000,40000
queue,ColaArreglo,isEmpty,isEmpty,general,20261922,1000,20000,1,45500,2.275000,40000
queue,ColaArreglo,isEmpty,isEmpty,general,20261922,1000,20000,2,40600,2.030000,40000
queue,ColaArreglo,isEmpty,isEmpty,general,20261922,1000,20000,3,39400,1.970000,40000
queue,ColaArreglo,isEmpty,isEmpty,general,20261922,1000,20000,4,39500,1.975000,40000
queue,ColaArreglo,isEmpty,isEmpty,general,20261922,1000,20000,5,40500,2.025000,40000
queue,ColaArreglo,isEmpty,isEmpty,general,20261922,1000,20000,6,39400,1.970000,40000
queue,ColaArreglo,isEmpty,isEmpty,general,20261922,1000,20000,7,40200,2.010000,40000
queue,ColaArreglo,isEmpty,isEmpty,general,20261922,1000,20000,8,39300,1.965000,40000
queue,ColaArreglo,isEmpty,isEmpty,general,20261922,1000,20000,9,40300,2.015000,40000
queue,ColaArreglo,isEmpty,isEmpty,general,20261922,1000,20000,10,39400,1.970000,40000
stack,ListaSimpleSinCola,push,pushFront,general,20270922,10000,2000,1,8900,4.450000,-4294967296000
stack,ListaSimpleSinCola,push,pushFront,general,20270922,10000,2000,2,8900,4.450000,-4294967296000
stack,ListaSimpleSinCola,push,pushFront,general,20270922,10000,2000,3,9100,4.550000,-4294967296000
stack,ListaSimpleSinCola,push,pushFront,general,20270922,10000,2000,4,8900,4.450000,-4294967296000
stack,ListaSimpleSinCola,push,pushFront,general,20270922,10000,2000,5,9000,4.500000,-4294967296000
stack,ListaSimpleSinCola,push,pushFront,general,20270922,10000,2000,6,9000,4.500000,-4294967296000
stack,ListaSimpleSinCola,push,pushFront,general,20270922,10000,2000,7,10000,5.000000,-4294967296000
stack,ListaSimpleSinCola,push,pushFront,general,20270922,10000,2000,8,14800,7.400000,-4294967296000
stack,ListaSimpleSinCola,push,pushFront,general,20270922,10000,2000,9,8900,4.450000,-4294967296000
stack,ListaSimpleSinCola,push,pushFront,general,20270922,10000,2000,10,9300,4.650000,-4294967296000
stack,PilaArreglo,push,push,general,20270922,10000,2000,1,7800,3.900000,-4294967296000
stack,PilaArreglo,push,push,general,20270922,10000,2000,2,7600,3.800000,-4294967296000
stack,PilaArreglo,push,push,general,20270922,10000,2000,3,8100,4.050000,-4294967296000
stack,PilaArreglo,push,push,general,20270922,10000,2000,4,9000,4.500000,-4294967296000
stack,PilaArreglo,push,push,general,20270922,10000,2000,5,8200,4.100000,-4294967296000
stack,PilaArreglo,push,push,general,20270922,10000,2000,6,7900,3.950000,-4294967296000
stack,PilaArreglo,push,push,general,20270922,10000,2000,7,7700,3.850000,-4294967296000
stack,PilaArreglo,push,push,general,20270922,10000,2000,8,7700,3.850000,-4294967296000
stack,PilaArreglo,push,push,general,20270922,10000,2000,9,7800,3.900000,-4294967296000
stack,PilaArreglo,push,push,general,20270922,10000,2000,10,7600,3.800000,-4294967296000
stack,ListaSimpleSinCola,pop,popFront,general,20270922,10000,2000,1,8400,4.200000,36724000
stack,ListaSimpleSinCola,pop,popFront,general,20270922,10000,2000,2,7900,3.950000,36724000
stack,ListaSimpleSinCola,pop,popFront,general,20270922,10000,2000,3,9400,4.700000,36724000
stack,ListaSimpleSinCola,pop,popFront,general,20270922,10000,2000,4,10700,5.350000,36724000
stack,ListaSimpleSinCola,pop,popFront,general,20270922,10000,2000,5,9100,4.550000,36724000
stack,ListaSimpleSinCola,pop,popFront,general,20270922,10000,2000,6,8000,4.000000,36724000
stack,ListaSimpleSinCola,pop,popFront,general,20270922,10000,2000,7,7600,3.800000,36724000
stack,ListaSimpleSinCola,pop,popFront,general,20270922,10000,2000,8,7900,3.950000,36724000
stack,ListaSimpleSinCola,pop,popFront,general,20270922,10000,2000,9,7900,3.950000,36724000
stack,ListaSimpleSinCola,pop,popFront,general,20270922,10000,2000,10,9900,4.950000,36724000
stack,PilaArreglo,pop,pop,general,20270922,10000,2000,1,6800,3.400000,36724000
stack,PilaArreglo,pop,pop,general,20270922,10000,2000,2,6900,3.450000,36724000
stack,PilaArreglo,pop,pop,general,20270922,10000,2000,3,6900,3.450000,36724000
stack,PilaArreglo,pop,pop,general,20270922,10000,2000,4,6900,3.450000,36724000
stack,PilaArreglo,pop,pop,general,20270922,10000,2000,5,7000,3.500000,36724000
stack,PilaArreglo,pop,pop,general,20270922,10000,2000,6,6600,3.300000,36724000
stack,PilaArreglo,pop,pop,general,20270922,10000,2000,7,6600,3.300000,36724000
stack,PilaArreglo,pop,pop,general,20270922,10000,2000,8,7100,3.550000,36724000
stack,PilaArreglo,pop,pop,general,20270922,10000,2000,9,6500,3.250000,36724000
stack,PilaArreglo,pop,pop,general,20270922,10000,2000,10,7900,3.950000,36724000
stack,ListaSimpleSinCola,peek,topFront,general,20270922,10000,20000,1,43100,2.155000,183620000
stack,ListaSimpleSinCola,peek,topFront,general,20270922,10000,20000,2,41200,2.060000,183620000
stack,ListaSimpleSinCola,peek,topFront,general,20270922,10000,20000,3,43300,2.165000,183620000
stack,ListaSimpleSinCola,peek,topFront,general,20270922,10000,20000,4,41100,2.055000,183620000
stack,ListaSimpleSinCola,peek,topFront,general,20270922,10000,20000,5,41400,2.070000,183620000
stack,ListaSimpleSinCola,peek,topFront,general,20270922,10000,20000,6,41600,2.080000,183620000
stack,ListaSimpleSinCola,peek,topFront,general,20270922,10000,20000,7,40800,2.040000,183620000
stack,ListaSimpleSinCola,peek,topFront,general,20270922,10000,20000,8,42100,2.105000,183620000
stack,ListaSimpleSinCola,peek,topFront,general,20270922,10000,20000,9,40700,2.035000,183620000
stack,ListaSimpleSinCola,peek,topFront,general,20270922,10000,20000,10,40900,2.045000,183620000
stack,PilaArreglo,peek,peek,general,20270922,10000,20000,1,43900,2.195000,183620000
stack,PilaArreglo,peek,peek,general,20270922,10000,20000,2,44100,2.205000,183620000
stack,PilaArreglo,peek,peek,general,20270922,10000,20000,3,44100,2.205000,183620000
stack,PilaArreglo,peek,peek,general,20270922,10000,20000,4,44100,2.205000,183620000
stack,PilaArreglo,peek,peek,general,20270922,10000,20000,5,45400,2.270000,183620000
stack,PilaArreglo,peek,peek,general,20270922,10000,20000,6,45100,2.255000,183620000
stack,PilaArreglo,peek,peek,general,20270922,10000,20000,7,44000,2.200000,183620000
stack,PilaArreglo,peek,peek,general,20270922,10000,20000,8,44000,2.200000,183620000
stack,PilaArreglo,peek,peek,general,20270922,10000,20000,9,45100,2.255000,183620000
stack,PilaArreglo,peek,peek,general,20270922,10000,20000,10,43900,2.195000,183620000
stack,ListaSimpleSinCola,delete,find+erase,base,20270922,10000,20,1,555200,27760.000000,199980
stack,ListaSimpleSinCola,delete,find+erase,base,20270922,10000,20,2,557000,27850.000000,199980
stack,ListaSimpleSinCola,delete,find+erase,base,20270922,10000,20,3,556400,27820.000000,199980
stack,ListaSimpleSinCola,delete,find+erase,base,20270922,10000,20,4,592000,29600.000000,199980
stack,ListaSimpleSinCola,delete,find+erase,base,20270922,10000,20,5,663600,33180.000000,199980
stack,ListaSimpleSinCola,delete,find+erase,base,20270922,10000,20,6,581100,29055.000000,199980
stack,ListaSimpleSinCola,delete,find+erase,base,20270922,10000,20,7,625000,31250.000000,199980
stack,ListaSimpleSinCola,delete,find+erase,base,20270922,10000,20,8,579400,28970.000000,199980
stack,ListaSimpleSinCola,delete,find+erase,base,20270922,10000,20,9,600400,30020.000000,199980
stack,ListaSimpleSinCola,delete,find+erase,base,20270922,10000,20,10,595400,29770.000000,199980
stack,PilaArreglo,delete,delete,base,20270922,10000,20,1,234700,11735.000000,20
stack,PilaArreglo,delete,delete,base,20270922,10000,20,2,222400,11120.000000,20
stack,PilaArreglo,delete,delete,base,20270922,10000,20,3,250100,12505.000000,20
stack,PilaArreglo,delete,delete,base,20270922,10000,20,4,231400,11570.000000,20
stack,PilaArreglo,delete,delete,base,20270922,10000,20,5,222400,11120.000000,20
stack,PilaArreglo,delete,delete,base,20270922,10000,20,6,227700,11385.000000,20
stack,PilaArreglo,delete,delete,base,20270922,10000,20,7,230100,11505.000000,20
stack,PilaArreglo,delete,delete,base,20270922,10000,20,8,221900,11095.000000,20
stack,PilaArreglo,delete,delete,base,20270922,10000,20,9,216000,10800.000000,20
stack,PilaArreglo,delete,delete,base,20270922,10000,20,10,222000,11100.000000,20
stack,ListaSimpleSinCola,size,size,general,20270922,10000,20000,1,38700,1.935000,200000000
stack,ListaSimpleSinCola,size,size,general,20270922,10000,20000,2,42400,2.120000,200000000
stack,ListaSimpleSinCola,size,size,general,20270922,10000,20000,3,39800,1.990000,200000000
stack,ListaSimpleSinCola,size,size,general,20270922,10000,20000,4,39100,1.955000,200000000
stack,ListaSimpleSinCola,size,size,general,20270922,10000,20000,5,38900,1.945000,200000000
stack,ListaSimpleSinCola,size,size,general,20270922,10000,20000,6,41800,2.090000,200000000
stack,ListaSimpleSinCola,size,size,general,20270922,10000,20000,7,40000,2.000000,200000000
stack,ListaSimpleSinCola,size,size,general,20270922,10000,20000,8,38800,1.940000,200000000
stack,ListaSimpleSinCola,size,size,general,20270922,10000,20000,9,38800,1.940000,200000000
stack,ListaSimpleSinCola,size,size,general,20270922,10000,20000,10,43900,2.195000,200000000
stack,PilaArreglo,size,size,general,20270922,10000,20000,1,36600,1.830000,200000000
stack,PilaArreglo,size,size,general,20270922,10000,20000,2,42900,2.145000,200000000
stack,PilaArreglo,size,size,general,20270922,10000,20000,3,36700,1.835000,200000000
stack,PilaArreglo,size,size,general,20270922,10000,20000,4,38900,1.945000,200000000
stack,PilaArreglo,size,size,general,20270922,10000,20000,5,36600,1.830000,200000000
stack,PilaArreglo,size,size,general,20270922,10000,20000,6,36600,1.830000,200000000
stack,PilaArreglo,size,size,general,20270922,10000,20000,7,36800,1.840000,200000000
stack,PilaArreglo,size,size,general,20270922,10000,20000,8,37900,1.895000,200000000
stack,PilaArreglo,size,size,general,20270922,10000,20000,9,36700,1.835000,200000000
stack,PilaArreglo,size,size,general,20270922,10000,20000,10,37800,1.890000,200000000
stack,ListaSimpleSinCola,isEmpty,isEmpty,general,20270922,10000,20000,1,38800,1.940000,40000
stack,ListaSimpleSinCola,isEmpty,isEmpty,general,20270922,10000,20000,2,38700,1.935000,40000
stack,ListaSimpleSinCola,isEmpty,isEmpty,general,20270922,10000,20000,3,39900,1.995000,40000
stack,ListaSimpleSinCola,isEmpty,isEmpty,general,20270922,10000,20000,4,38600,1.930000,40000
stack,ListaSimpleSinCola,isEmpty,isEmpty,general,20270922,10000,20000,5,38700,1.935000,40000
stack,ListaSimpleSinCola,isEmpty,isEmpty,general,20270922,10000,20000,6,38700,1.935000,40000
stack,ListaSimpleSinCola,isEmpty,isEmpty,general,20270922,10000,20000,7,38700,1.935000,40000
stack,ListaSimpleSinCola,isEmpty,isEmpty,general,20270922,10000,20000,8,40800,2.040000,40000
stack,ListaSimpleSinCola,isEmpty,isEmpty,general,20270922,10000,20000,9,38700,1.935000,40000
stack,ListaSimpleSinCola,isEmpty,isEmpty,general,20270922,10000,20000,10,39700,1.985000,40000
stack,PilaArreglo,isEmpty,isEmpty,general,20270922,10000,20000,1,39600,1.980000,40000
stack,PilaArreglo,isEmpty,isEmpty,general,20270922,10000,20000,2,38600,1.930000,40000
stack,PilaArreglo,isEmpty,isEmpty,general,20270922,10000,20000,3,38600,1.930000,40000
stack,PilaArreglo,isEmpty,isEmpty,general,20270922,10000,20000,4,38600,1.930000,40000
stack,PilaArreglo,isEmpty,isEmpty,general,20270922,10000,20000,5,39800,1.990000,40000
stack,PilaArreglo,isEmpty,isEmpty,general,20270922,10000,20000,6,38600,1.930000,40000
stack,PilaArreglo,isEmpty,isEmpty,general,20270922,10000,20000,7,38700,1.935000,40000
stack,PilaArreglo,isEmpty,isEmpty,general,20270922,10000,20000,8,39600,1.980000,40000
stack,PilaArreglo,isEmpty,isEmpty,general,20270922,10000,20000,9,38800,1.940000,40000
stack,PilaArreglo,isEmpty,isEmpty,general,20270922,10000,20000,10,38600,1.930000,40000
queue,ListaSimpleConCola,enqueue,pushBack,general,20270922,10000,2000,1,11800,5.900000,9931900
queue,ListaSimpleConCola,enqueue,pushBack,general,20270922,10000,2000,2,10700,5.350000,9931900
queue,ListaSimpleConCola,enqueue,pushBack,general,20270922,10000,2000,3,10100,5.050000,9931900
queue,ListaSimpleConCola,enqueue,pushBack,general,20270922,10000,2000,4,13600,6.800000,9931900
queue,ListaSimpleConCola,enqueue,pushBack,general,20270922,10000,2000,5,11900,5.950000,9931900
queue,ListaSimpleConCola,enqueue,pushBack,general,20270922,10000,2000,6,11300,5.650000,9931900
queue,ListaSimpleConCola,enqueue,pushBack,general,20270922,10000,2000,7,11500,5.750000,9931900
queue,ListaSimpleConCola,enqueue,pushBack,general,20270922,10000,2000,8,11600,5.800000,9931900
queue,ListaSimpleConCola,enqueue,pushBack,general,20270922,10000,2000,9,12100,6.050000,9931900
queue,ListaSimpleConCola,enqueue,pushBack,general,20270922,10000,2000,10,11600,5.800000,9931900
queue,ColaArreglo,enqueue,enqueue,general,20270922,10000,2000,1,10400,5.200000,9931900
queue,ColaArreglo,enqueue,enqueue,general,20270922,10000,2000,2,8900,4.450000,9931900
queue,ColaArreglo,enqueue,enqueue,general,20270922,10000,2000,3,9300,4.650000,9931900
queue,ColaArreglo,enqueue,enqueue,general,20270922,10000,2000,4,9500,4.750000,9931900
queue,ColaArreglo,enqueue,enqueue,general,20270922,10000,2000,5,10700,5.350000,9931900
queue,ColaArreglo,enqueue,enqueue,general,20270922,10000,2000,6,9300,4.650000,9931900
queue,ColaArreglo,enqueue,enqueue,general,20270922,10000,2000,7,11200,5.600000,9931900
queue,ColaArreglo,enqueue,enqueue,general,20270922,10000,2000,8,9500,4.750000,9931900
queue,ColaArreglo,enqueue,enqueue,general,20270922,10000,2000,9,9000,4.500000,9931900
queue,ColaArreglo,enqueue,enqueue,general,20270922,10000,2000,10,26400,13.200000,9931900
queue,ListaSimpleConCola,dequeue,popFront,general,20270922,10000,2000,1,9900,4.950000,19863800
queue,ListaSimpleConCola,dequeue,popFront,general,20270922,10000,2000,2,12100,6.050000,19863800
queue,ListaSimpleConCola,dequeue,popFront,general,20270922,10000,2000,3,11400,5.700000,19863800
queue,ListaSimpleConCola,dequeue,popFront,general,20270922,10000,2000,4,9800,4.900000,19863800
queue,ListaSimpleConCola,dequeue,popFront,general,20270922,10000,2000,5,10900,5.450000,19863800
queue,ListaSimpleConCola,dequeue,popFront,general,20270922,10000,2000,6,10200,5.100000,19863800
queue,ListaSimpleConCola,dequeue,popFront,general,20270922,10000,2000,7,10100,5.050000,19863800
queue,ListaSimpleConCola,dequeue,popFront,general,20270922,10000,2000,8,11800,5.900000,19863800
queue,ListaSimpleConCola,dequeue,popFront,general,20270922,10000,2000,9,11500,5.750000,19863800
queue,ListaSimpleConCola,dequeue,popFront,general,20270922,10000,2000,10,11000,5.500000,19863800
queue,ColaArreglo,dequeue,dequeue,general,20270922,10000,2000,1,8400,4.200000,19863800
queue,ColaArreglo,dequeue,dequeue,general,20270922,10000,2000,2,9900,4.950000,19863800
queue,ColaArreglo,dequeue,dequeue,general,20270922,10000,2000,3,9000,4.500000,19863800
queue,ColaArreglo,dequeue,dequeue,general,20270922,10000,2000,4,10000,5.000000,19863800
queue,ColaArreglo,dequeue,dequeue,general,20270922,10000,2000,5,8500,4.250000,19863800
queue,ColaArreglo,dequeue,dequeue,general,20270922,10000,2000,6,8900,4.450000,19863800
queue,ColaArreglo,dequeue,dequeue,general,20270922,10000,2000,7,9700,4.850000,19863800
queue,ColaArreglo,dequeue,dequeue,general,20270922,10000,2000,8,8300,4.150000,19863800
queue,ColaArreglo,dequeue,dequeue,general,20270922,10000,2000,9,8000,4.000000,19863800
queue,ColaArreglo,dequeue,dequeue,general,20270922,10000,2000,10,9600,4.800000,19863800
queue,ListaSimpleConCola,front,topFront,general,20270922,10000,20000,1,39800,1.990000,158060000
queue,ListaSimpleConCola,front,topFront,general,20270922,10000,20000,2,39700,1.985000,158060000
queue,ListaSimpleConCola,front,topFront,general,20270922,10000,20000,3,39900,1.995000,158060000
queue,ListaSimpleConCola,front,topFront,general,20270922,10000,20000,4,39700,1.985000,158060000
queue,ListaSimpleConCola,front,topFront,general,20270922,10000,20000,5,39700,1.985000,158060000
queue,ListaSimpleConCola,front,topFront,general,20270922,10000,20000,6,40500,2.025000,158060000
queue,ListaSimpleConCola,front,topFront,general,20270922,10000,20000,7,39800,1.990000,158060000
queue,ListaSimpleConCola,front,topFront,general,20270922,10000,20000,8,40800,2.040000,158060000
queue,ListaSimpleConCola,front,topFront,general,20270922,10000,20000,9,39800,1.990000,158060000
queue,ListaSimpleConCola,front,topFront,general,20270922,10000,20000,10,41600,2.080000,158060000
queue,ColaArreglo,front,front,general,20270922,10000,20000,1,44700,2.235000,158060000
queue,ColaArreglo,front,front,general,20270922,10000,20000,2,43600,2.180000,158060000
queue,ColaArreglo,front,front,general,20270922,10000,20000,3,43700,2.185000,158060000
queue,ColaArreglo,front,front,general,20270922,10000,20000,4,43800,2.190000,158060000
queue,ColaArreglo,front,front,general,20270922,10000,20000,5,44500,2.225000,158060000
queue,ColaArreglo,front,front,general,20270922,10000,20000,6,43700,2.185000,158060000
queue,ColaArreglo,front,front,general,20270922,10000,20000,7,43600,2.180000,158060000
queue,ColaArreglo,front,front,general,20270922,10000,20000,8,43600,2.180000,158060000
queue,ColaArreglo,front,front,general,20270922,10000,20000,9,43800,2.190000,158060000
queue,ColaArreglo,front,front,general,20270922,10000,20000,10,43500,2.175000,158060000
queue,ListaSimpleConCola,delete,find+erase,final,20270922,10000,20,1,595000,29750.000000,199980
queue,ListaSimpleConCola,delete,find+erase,final,20270922,10000,20,2,554200,27710.000000,199980
queue,ListaSimpleConCola,delete,find+erase,final,20270922,10000,20,3,535000,26750.000000,199980
queue,ListaSimpleConCola,delete,find+erase,final,20270922,10000,20,4,537800,26890.000000,199980
queue,ListaSimpleConCola,delete,find+erase,final,20270922,10000,20,5,505800,25290.000000,199980
queue,ListaSimpleConCola,delete,find+erase,final,20270922,10000,20,6,537900,26895.000000,199980
queue,ListaSimpleConCola,delete,find+erase,final,20270922,10000,20,7,521000,26050.000000,199980
queue,ListaSimpleConCola,delete,find+erase,final,20270922,10000,20,8,565300,28265.000000,199980
queue,ListaSimpleConCola,delete,find+erase,final,20270922,10000,20,9,497500,24875.000000,199980
queue,ListaSimpleConCola,delete,find+erase,final,20270922,10000,20,10,507800,25390.000000,199980
queue,ColaArreglo,delete,delete,final,20270922,10000,20,1,315600,15780.000000,20
queue,ColaArreglo,delete,delete,final,20270922,10000,20,2,280900,14045.000000,20
queue,ColaArreglo,delete,delete,final,20270922,10000,20,3,267800,13390.000000,20
queue,ColaArreglo,delete,delete,final,20270922,10000,20,4,266500,13325.000000,20
queue,ColaArreglo,delete,delete,final,20270922,10000,20,5,278700,13935.000000,20
queue,ColaArreglo,delete,delete,final,20270922,10000,20,6,268400,13420.000000,20
queue,ColaArreglo,delete,delete,final,20270922,10000,20,7,266100,13305.000000,20
queue,ColaArreglo,delete,delete,final,20270922,10000,20,8,276700,13835.000000,20
queue,ColaArreglo,delete,delete,final,20270922,10000,20,9,281800,14090.000000,20
queue,ColaArreglo,delete,delete,final,20270922,10000,20,10,264300,13215.000000,20
queue,ListaSimpleConCola,size,size,general,20270922,10000,20000,1,36600,1.830000,200000000
queue,ListaSimpleConCola,size,size,general,20270922,10000,20000,2,35600,1.780000,200000000
queue,ListaSimpleConCola,size,size,general,20270922,10000,20000,3,35700,1.785000,200000000
queue,ListaSimpleConCola,size,size,general,20270922,10000,20000,4,37600,1.880000,200000000
queue,ListaSimpleConCola,size,size,general,20270922,10000,20000,5,36600,1.830000,200000000
queue,ListaSimpleConCola,size,size,general,20270922,10000,20000,6,36500,1.825000,200000000
queue,ListaSimpleConCola,size,size,general,20270922,10000,20000,7,35900,1.795000,200000000
queue,ListaSimpleConCola,size,size,general,20270922,10000,20000,8,37000,1.850000,200000000
queue,ListaSimpleConCola,size,size,general,20270922,10000,20000,9,35900,1.795000,200000000
queue,ListaSimpleConCola,size,size,general,20270922,10000,20000,10,35900,1.795000,200000000
queue,ColaArreglo,size,size,general,20270922,10000,20000,1,35800,1.790000,200000000
queue,ColaArreglo,size,size,general,20270922,10000,20000,2,35700,1.785000,200000000
queue,ColaArreglo,size,size,general,20270922,10000,20000,3,35500,1.775000,200000000
queue,ColaArreglo,size,size,general,20270922,10000,20000,4,35600,1.780000,200000000
queue,ColaArreglo,size,size,general,20270922,10000,20000,5,36600,1.830000,200000000
queue,ColaArreglo,size,size,general,20270922,10000,20000,6,35500,1.775000,200000000
queue,ColaArreglo,size,size,general,20270922,10000,20000,7,35500,1.775000,200000000
queue,ColaArreglo,size,size,general,20270922,10000,20000,8,35700,1.785000,200000000
queue,ColaArreglo,size,size,general,20270922,10000,20000,9,35600,1.780000,200000000
queue,ColaArreglo,size,size,general,20270922,10000,20000,10,36700,1.835000,200000000
queue,ListaSimpleConCola,isEmpty,isEmpty,general,20270922,10000,20000,1,37700,1.885000,40000
queue,ListaSimpleConCola,isEmpty,isEmpty,general,20270922,10000,20000,2,37700,1.885000,40000
queue,ListaSimpleConCola,isEmpty,isEmpty,general,20270922,10000,20000,3,37700,1.885000,40000
queue,ListaSimpleConCola,isEmpty,isEmpty,general,20270922,10000,20000,4,37700,1.885000,40000
queue,ListaSimpleConCola,isEmpty,isEmpty,general,20270922,10000,20000,5,37800,1.890000,40000
queue,ListaSimpleConCola,isEmpty,isEmpty,general,20270922,10000,20000,6,38800,1.940000,40000
queue,ListaSimpleConCola,isEmpty,isEmpty,general,20270922,10000,20000,7,37700,1.885000,40000
queue,ListaSimpleConCola,isEmpty,isEmpty,general,20270922,10000,20000,8,37600,1.880000,40000
queue,ListaSimpleConCola,isEmpty,isEmpty,general,20270922,10000,20000,9,37700,1.885000,40000
queue,ListaSimpleConCola,isEmpty,isEmpty,general,20270922,10000,20000,10,37800,1.890000,40000
queue,ColaArreglo,isEmpty,isEmpty,general,20270922,10000,20000,1,37500,1.875000,40000
queue,ColaArreglo,isEmpty,isEmpty,general,20270922,10000,20000,2,37500,1.875000,40000
queue,ColaArreglo,isEmpty,isEmpty,general,20270922,10000,20000,3,37600,1.880000,40000
queue,ColaArreglo,isEmpty,isEmpty,general,20270922,10000,20000,4,39400,1.970000,40000
queue,ColaArreglo,isEmpty,isEmpty,general,20270922,10000,20000,5,37500,1.875000,40000
queue,ColaArreglo,isEmpty,isEmpty,general,20270922,10000,20000,6,38700,1.935000,40000
queue,ColaArreglo,isEmpty,isEmpty,general,20270922,10000,20000,7,37500,1.875000,40000
queue,ColaArreglo,isEmpty,isEmpty,general,20270922,10000,20000,8,38500,1.925000,40000
queue,ColaArreglo,isEmpty,isEmpty,general,20270922,10000,20000,9,37600,1.880000,40000
queue,ColaArreglo,isEmpty,isEmpty,general,20270922,10000,20000,10,37500,1.875000,40000
stack,ListaSimpleSinCola,push,pushFront,general,20360922,100000,2001,1,19300,9.645177,-4297114779648
stack,ListaSimpleSinCola,push,pushFront,general,20360922,100000,2001,2,19000,9.495252,-4297114779648
stack,ListaSimpleSinCola,push,pushFront,general,20360922,100000,2001,3,20700,10.344828,-4297114779648
stack,ListaSimpleSinCola,push,pushFront,general,20360922,100000,2001,4,20200,10.094953,-4297114779648
stack,ListaSimpleSinCola,push,pushFront,general,20360922,100000,2001,5,19000,9.495252,-4297114779648
stack,ListaSimpleSinCola,push,pushFront,general,20360922,100000,2001,6,19100,9.545227,-4297114779648
stack,ListaSimpleSinCola,push,pushFront,general,20360922,100000,2001,7,19000,9.495252,-4297114779648
stack,ListaSimpleSinCola,push,pushFront,general,20360922,100000,2001,8,19400,9.695152,-4297114779648
stack,ListaSimpleSinCola,push,pushFront,general,20360922,100000,2001,9,18900,9.445277,-4297114779648
stack,ListaSimpleSinCola,push,pushFront,general,20360922,100000,2001,10,20700,10.344828,-4297114779648
stack,PilaArreglo,push,push,general,20360922,100000,2001,1,20000,9.995002,-4297114779648
stack,PilaArreglo,push,push,general,20360922,100000,2001,2,18600,9.295352,-4297114779648
stack,PilaArreglo,push,push,general,20360922,100000,2001,3,18700,9.345327,-4297114779648
stack,PilaArreglo,push,push,general,20360922,100000,2001,4,18500,9.245377,-4297114779648
stack,PilaArreglo,push,push,general,20360922,100000,2001,5,18700,9.345327,-4297114779648
stack,PilaArreglo,push,push,general,20360922,100000,2001,6,18700,9.345327,-4297114779648
stack,PilaArreglo,push,push,general,20360922,100000,2001,7,18600,9.295352,-4297114779648
stack,PilaArreglo,push,push,general,20360922,100000,2001,8,18900,9.445277,-4297114779648
stack,PilaArreglo,push,push,general,20360922,100000,2001,9,18800,9.395302,-4297114779648
stack,PilaArreglo,push,push,general,20360922,100000,2001,10,24000,11.994003,-4297114779648
stack,ListaSimpleSinCola,pop,popFront,general,20360922,100000,2001,1,19000,9.495252,304648248
stack,ListaSimpleSinCola,pop,popFront,general,20360922,100000,2001,2,19100,9.545227,304648248
stack,ListaSimpleSinCola,pop,popFront,general,20360922,100000,2001,3,19200,9.595202,304648248
stack,ListaSimpleSinCola,pop,popFront,general,20360922,100000,2001,4,20700,10.344828,304648248
stack,ListaSimpleSinCola,pop,popFront,general,20360922,100000,2001,5,18800,9.395302,304648248
stack,ListaSimpleSinCola,pop,popFront,general,20360922,100000,2001,6,18900,9.445277,304648248
stack,ListaSimpleSinCola,pop,popFront,general,20360922,100000,2001,7,20100,10.044978,304648248
stack,ListaSimpleSinCola,pop,popFront,general,20360922,100000,2001,8,19000,9.495252,304648248
stack,ListaSimpleSinCola,pop,popFront,general,20360922,100000,2001,9,18900,9.445277,304648248
stack,ListaSimpleSinCola,pop,popFront,general,20360922,100000,2001,10,18500,9.245377,304648248
stack,PilaArreglo,pop,pop,general,20360922,100000,2001,1,16800,8.395802,304648248
stack,PilaArreglo,pop,pop,general,20360922,100000,2001,2,18300,9.145427,304648248
stack,PilaArreglo,pop,pop,general,20360922,100000,2001,3,18000,8.995502,304648248
stack,PilaArreglo,pop,pop,general,20360922,100000,2001,4,17900,8.945527,304648248
stack,PilaArreglo,pop,pop,general,20360922,100000,2001,5,17500,8.745627,304648248
stack,PilaArreglo,pop,pop,general,20360922,100000,2001,6,18300,9.145427,304648248
stack,PilaArreglo,pop,pop,general,20360922,100000,2001,7,17600,8.795602,304648248
stack,PilaArreglo,pop,pop,general,20360922,100000,2001,8,17800,8.895552,304648248
stack,PilaArreglo,pop,pop,general,20360922,100000,2001,9,17900,8.945527,304648248
stack,PilaArreglo,pop,pop,general,20360922,100000,2001,10,17600,8.795602,304648248
stack,ListaSimpleSinCola,peek,topFront,general,20360922,100000,20000,1,42500,2.125000,1522480000
stack,ListaSimpleSinCola,peek,topFront,general,20360922,100000,20000,2,42200,2.110000,1522480000
stack,ListaSimpleSinCola,peek,topFront,general,20360922,100000,20000,3,39100,1.955000,1522480000
stack,ListaSimpleSinCola,peek,topFront,general,20360922,100000,20000,4,39200,1.960000,1522480000
stack,ListaSimpleSinCola,peek,topFront,general,20360922,100000,20000,5,39400,1.970000,1522480000
stack,ListaSimpleSinCola,peek,topFront,general,20360922,100000,20000,6,39100,1.955000,1522480000
stack,ListaSimpleSinCola,peek,topFront,general,20360922,100000,20000,7,40200,2.010000,1522480000
stack,ListaSimpleSinCola,peek,topFront,general,20360922,100000,20000,8,39300,1.965000,1522480000
stack,ListaSimpleSinCola,peek,topFront,general,20360922,100000,20000,9,117500,5.875000,1522480000
stack,ListaSimpleSinCola,peek,topFront,general,20360922,100000,20000,10,39800,1.990000,1522480000
stack,PilaArreglo,peek,peek,general,20360922,100000,20000,1,41500,2.075000,1522480000
stack,PilaArreglo,peek,peek,general,20360922,100000,20000,2,41700,2.085000,1522480000
stack,PilaArreglo,peek,peek,general,20360922,100000,20000,3,41800,2.090000,1522480000
stack,PilaArreglo,peek,peek,general,20360922,100000,20000,4,41900,2.095000,1522480000
stack,PilaArreglo,peek,peek,general,20360922,100000,20000,5,42000,2.100000,1522480000
stack,PilaArreglo,peek,peek,general,20360922,100000,20000,6,45000,2.250000,1522480000
stack,PilaArreglo,peek,peek,general,20360922,100000,20000,7,42300,2.115000,1522480000
stack,PilaArreglo,peek,peek,general,20360922,100000,20000,8,41900,2.095000,1522480000
stack,PilaArreglo,peek,peek,general,20360922,100000,20000,9,41900,2.095000,1522480000
stack,PilaArreglo,peek,peek,general,20360922,100000,20000,10,42000,2.100000,1522480000
stack,ListaSimpleSinCola,delete,find+erase,base,20360922,100000,3,1,797700,265900.000000,299997
stack,ListaSimpleSinCola,delete,find+erase,base,20360922,100000,3,2,852200,284066.666667,299997
stack,ListaSimpleSinCola,delete,find+erase,base,20360922,100000,3,3,807600,269200.000000,299997
stack,ListaSimpleSinCola,delete,find+erase,base,20360922,100000,3,4,775600,258533.333333,299997
stack,ListaSimpleSinCola,delete,find+erase,base,20360922,100000,3,5,825900,275300.000000,299997
stack,ListaSimpleSinCola,delete,find+erase,base,20360922,100000,3,6,767900,255966.666667,299997
stack,ListaSimpleSinCola,delete,find+erase,base,20360922,100000,3,7,748100,249366.666667,299997
stack,ListaSimpleSinCola,delete,find+erase,base,20360922,100000,3,8,743100,247700.000000,299997
stack,ListaSimpleSinCola,delete,find+erase,base,20360922,100000,3,9,827600,275866.666667,299997
stack,ListaSimpleSinCola,delete,find+erase,base,20360922,100000,3,10,769700,256566.666667,299997
stack,PilaArreglo,delete,delete,base,20360922,100000,3,1,270200,90066.666667,3
stack,PilaArreglo,delete,delete,base,20360922,100000,3,2,315800,105266.666667,3
stack,PilaArreglo,delete,delete,base,20360922,100000,3,3,336100,112033.333333,3
stack,PilaArreglo,delete,delete,base,20360922,100000,3,4,326500,108833.333333,3
stack,PilaArreglo,delete,delete,base,20360922,100000,3,5,584700,194900.000000,3
stack,PilaArreglo,delete,delete,base,20360922,100000,3,6,429600,143200.000000,3
stack,PilaArreglo,delete,delete,base,20360922,100000,3,7,258700,86233.333333,3
stack,PilaArreglo,delete,delete,base,20360922,100000,3,8,308400,102800.000000,3
stack,PilaArreglo,delete,delete,base,20360922,100000,3,9,317400,105800.000000,3
stack,PilaArreglo,delete,delete,base,20360922,100000,3,10,346400,115466.666667,3
stack,ListaSimpleSinCola,size,size,general,20360922,100000,20000,1,36100,1.805000,2000000000
stack,ListaSimpleSinCola,size,size,general,20360922,100000,20000,2,35900,1.795000,2000000000
stack,ListaSimpleSinCola,size,size,general,20360922,100000,20000,3,36100,1.805000,2000000000
stack,ListaSimpleSinCola,size,size,general,20360922,100000,20000,4,36000,1.800000,2000000000
stack,ListaSimpleSinCola,size,size,general,20360922,100000,20000,5,36100,1.805000,2000000000
stack,ListaSimpleSinCola,size,size,general,20360922,100000,20000,6,36000,1.800000,2000000000
stack,ListaSimpleSinCola,size,size,general,20360922,100000,20000,7,37700,1.885000,2000000000
stack,ListaSimpleSinCola,size,size,general,20360922,100000,20000,8,36300,1.815000,2000000000
stack,ListaSimpleSinCola,size,size,general,20360922,100000,20000,9,36300,1.815000,2000000000
stack,ListaSimpleSinCola,size,size,general,20360922,100000,20000,10,37000,1.850000,2000000000
stack,PilaArreglo,size,size,general,20360922,100000,20000,1,37400,1.870000,2000000000
stack,PilaArreglo,size,size,general,20360922,100000,20000,2,36400,1.820000,2000000000
stack,PilaArreglo,size,size,general,20360922,100000,20000,3,34400,1.720000,2000000000
stack,PilaArreglo,size,size,general,20360922,100000,20000,4,49800,2.490000,2000000000
stack,PilaArreglo,size,size,general,20360922,100000,20000,5,34300,1.715000,2000000000
stack,PilaArreglo,size,size,general,20360922,100000,20000,6,34200,1.710000,2000000000
stack,PilaArreglo,size,size,general,20360922,100000,20000,7,36300,1.815000,2000000000
stack,PilaArreglo,size,size,general,20360922,100000,20000,8,34500,1.725000,2000000000
stack,PilaArreglo,size,size,general,20360922,100000,20000,9,35500,1.775000,2000000000
stack,PilaArreglo,size,size,general,20360922,100000,20000,10,34800,1.740000,2000000000
stack,ListaSimpleSinCola,isEmpty,isEmpty,general,20360922,100000,20000,1,36800,1.840000,40000
stack,ListaSimpleSinCola,isEmpty,isEmpty,general,20360922,100000,20000,2,37000,1.850000,40000
stack,ListaSimpleSinCola,isEmpty,isEmpty,general,20360922,100000,20000,3,38900,1.945000,40000
stack,ListaSimpleSinCola,isEmpty,isEmpty,general,20360922,100000,20000,4,36300,1.815000,40000
stack,ListaSimpleSinCola,isEmpty,isEmpty,general,20360922,100000,20000,5,36300,1.815000,40000
stack,ListaSimpleSinCola,isEmpty,isEmpty,general,20360922,100000,20000,6,37300,1.865000,40000
stack,ListaSimpleSinCola,isEmpty,isEmpty,general,20360922,100000,20000,7,37500,1.875000,40000
stack,ListaSimpleSinCola,isEmpty,isEmpty,general,20360922,100000,20000,8,36500,1.825000,40000
stack,ListaSimpleSinCola,isEmpty,isEmpty,general,20360922,100000,20000,9,36600,1.830000,40000
stack,ListaSimpleSinCola,isEmpty,isEmpty,general,20360922,100000,20000,10,36400,1.820000,40000
stack,PilaArreglo,isEmpty,isEmpty,general,20360922,100000,20000,1,37500,1.875000,40000
stack,PilaArreglo,isEmpty,isEmpty,general,20360922,100000,20000,2,37100,1.855000,40000
stack,PilaArreglo,isEmpty,isEmpty,general,20360922,100000,20000,3,36500,1.825000,40000
stack,PilaArreglo,isEmpty,isEmpty,general,20360922,100000,20000,4,36200,1.810000,40000
stack,PilaArreglo,isEmpty,isEmpty,general,20360922,100000,20000,5,36200,1.810000,40000
stack,PilaArreglo,isEmpty,isEmpty,general,20360922,100000,20000,6,36100,1.805000,40000
stack,PilaArreglo,isEmpty,isEmpty,general,20360922,100000,20000,7,36300,1.815000,40000
stack,PilaArreglo,isEmpty,isEmpty,general,20360922,100000,20000,8,36200,1.810000,40000
stack,PilaArreglo,isEmpty,isEmpty,general,20360922,100000,20000,9,36400,1.820000,40000
stack,PilaArreglo,isEmpty,isEmpty,general,20360922,100000,20000,10,39500,1.975000,40000
queue,ListaSimpleConCola,enqueue,pushBack,general,20360922,100000,2001,1,19800,9.895052,98983782
queue,ListaSimpleConCola,enqueue,pushBack,general,20360922,100000,2001,2,20300,10.144928,98983782
queue,ListaSimpleConCola,enqueue,pushBack,general,20360922,100000,2001,3,20700,10.344828,98983782
queue,ListaSimpleConCola,enqueue,pushBack,general,20360922,100000,2001,4,20200,10.094953,98983782
queue,ListaSimpleConCola,enqueue,pushBack,general,20360922,100000,2001,5,24500,12.243878,98983782
queue,ListaSimpleConCola,enqueue,pushBack,general,20360922,100000,2001,6,19800,9.895052,98983782
queue,ListaSimpleConCola,enqueue,pushBack,general,20360922,100000,2001,7,21600,10.794603,98983782
queue,ListaSimpleConCola,enqueue,pushBack,general,20360922,100000,2001,8,18900,9.445277,98983782
queue,ListaSimpleConCola,enqueue,pushBack,general,20360922,100000,2001,9,19200,9.595202,98983782
queue,ListaSimpleConCola,enqueue,pushBack,general,20360922,100000,2001,10,19400,9.695152,98983782
queue,ColaArreglo,enqueue,enqueue,general,20360922,100000,2001,1,19600,9.795102,98983782
queue,ColaArreglo,enqueue,enqueue,general,20360922,100000,2001,2,19600,9.795102,98983782
queue,ColaArreglo,enqueue,enqueue,general,20360922,100000,2001,3,18100,9.045477,98983782
queue,ColaArreglo,enqueue,enqueue,general,20360922,100000,2001,4,18900,9.445277,98983782
queue,ColaArreglo,enqueue,enqueue,general,20360922,100000,2001,5,17800,8.895552,98983782
queue,ColaArreglo,enqueue,enqueue,general,20360922,100000,2001,6,19900,9.945027,98983782
queue,ColaArreglo,enqueue,enqueue,general,20360922,100000,2001,7,18400,9.195402,98983782
queue,ColaArreglo,enqueue,enqueue,general,20360922,100000,2001,8,18900,9.445277,98983782
queue,ColaArreglo,enqueue,enqueue,general,20360922,100000,2001,9,18700,9.345327,98983782
queue,ColaArreglo,enqueue,enqueue,general,20360922,100000,2001,10,17900,8.945527,98983782
queue,ListaSimpleConCola,dequeue,popFront,general,20360922,100000,2001,1,17900,8.945527,197967564
queue,ListaSimpleConCola,dequeue,popFront,general,20360922,100000,2001,2,19000,9.495252,197967564
queue,ListaSimpleConCola,dequeue,popFront,general,20360922,100000,2001,3,18100,9.045477,197967564
queue,ListaSimpleConCola,dequeue,popFront,general,20360922,100000,2001,4,18500,9.245377,197967564
queue,ListaSimpleConCola,dequeue,popFront,general,20360922,100000,2001,5,17900,8.945527,197967564
queue,ListaSimpleConCola,dequeue,popFront,general,20360922,100000,2001,6,18300,9.145427,197967564
queue,ListaSimpleConCola,dequeue,popFront,general,20360922,100000,2001,7,18400,9.195402,197967564
queue,ListaSimpleConCola,dequeue,popFront,general,20360922,100000,2001,8,19500,9.745127,197967564
queue,ListaSimpleConCola,dequeue,popFront,general,20360922,100000,2001,9,28300,14.142929,197967564
queue,ListaSimpleConCola,dequeue,popFront,general,20360922,100000,2001,10,21300,10.644678,197967564
queue,ColaArreglo,dequeue,dequeue,general,20360922,100000,2001,1,21400,10.694653,197967564
queue,ColaArreglo,dequeue,dequeue,general,20360922,100000,2001,2,19100,9.545227,197967564
queue,ColaArreglo,dequeue,dequeue,general,20360922,100000,2001,3,19600,9.795102,197967564
queue,ColaArreglo,dequeue,dequeue,general,20360922,100000,2001,4,20500,10.244878,197967564
queue,ColaArreglo,dequeue,dequeue,general,20360922,100000,2001,5,19200,9.595202,197967564
queue,ColaArreglo,dequeue,dequeue,general,20360922,100000,2001,6,18000,8.995502,197967564
queue,ColaArreglo,dequeue,dequeue,general,20360922,100000,2001,7,18600,9.295352,197967564
queue,ColaArreglo,dequeue,dequeue,general,20360922,100000,2001,8,19400,9.695152,197967564
queue,ColaArreglo,dequeue,dequeue,general,20360922,100000,2001,9,18600,9.295352,197967564
queue,ColaArreglo,dequeue,dequeue,general,20360922,100000,2001,10,18600,9.295352,197967564
queue,ListaSimpleConCola,front,topFront,general,20360922,100000,20000,1,39500,1.975000,1327860000
queue,ListaSimpleConCola,front,topFront,general,20360922,100000,20000,2,39900,1.995000,1327860000
queue,ListaSimpleConCola,front,topFront,general,20360922,100000,20000,3,38400,1.920000,1327860000
queue,ListaSimpleConCola,front,topFront,general,20360922,100000,20000,4,39800,1.990000,1327860000
queue,ListaSimpleConCola,front,topFront,general,20360922,100000,20000,5,40600,2.030000,1327860000
queue,ListaSimpleConCola,front,topFront,general,20360922,100000,20000,6,40700,2.035000,1327860000
queue,ListaSimpleConCola,front,topFront,general,20360922,100000,20000,7,38600,1.930000,1327860000
queue,ListaSimpleConCola,front,topFront,general,20360922,100000,20000,8,38600,1.930000,1327860000
queue,ListaSimpleConCola,front,topFront,general,20360922,100000,20000,9,38500,1.925000,1327860000
queue,ListaSimpleConCola,front,topFront,general,20360922,100000,20000,10,38800,1.940000,1327860000
queue,ColaArreglo,front,front,general,20360922,100000,20000,1,43100,2.155000,1327860000
queue,ColaArreglo,front,front,general,20360922,100000,20000,2,42400,2.120000,1327860000
queue,ColaArreglo,front,front,general,20360922,100000,20000,3,42500,2.125000,1327860000
queue,ColaArreglo,front,front,general,20360922,100000,20000,4,42200,2.110000,1327860000
queue,ColaArreglo,front,front,general,20360922,100000,20000,5,42700,2.135000,1327860000
queue,ColaArreglo,front,front,general,20360922,100000,20000,6,44500,2.225000,1327860000
queue,ColaArreglo,front,front,general,20360922,100000,20000,7,42500,2.125000,1327860000
queue,ColaArreglo,front,front,general,20360922,100000,20000,8,43500,2.175000,1327860000
queue,ColaArreglo,front,front,general,20360922,100000,20000,9,42600,2.130000,1327860000
queue,ColaArreglo,front,front,general,20360922,100000,20000,10,43400,2.170000,1327860000
queue,ListaSimpleConCola,delete,find+erase,final,20360922,100000,3,1,753700,251233.333333,299997
queue,ListaSimpleConCola,delete,find+erase,final,20360922,100000,3,2,840200,280066.666667,299997
queue,ListaSimpleConCola,delete,find+erase,final,20360922,100000,3,3,807700,269233.333333,299997
queue,ListaSimpleConCola,delete,find+erase,final,20360922,100000,3,4,796800,265600.000000,299997
queue,ListaSimpleConCola,delete,find+erase,final,20360922,100000,3,5,841500,280500.000000,299997
queue,ListaSimpleConCola,delete,find+erase,final,20360922,100000,3,6,1656400,552133.333333,299997
queue,ListaSimpleConCola,delete,find+erase,final,20360922,100000,3,7,910000,303333.333333,299997
queue,ListaSimpleConCola,delete,find+erase,final,20360922,100000,3,8,854300,284766.666667,299997
queue,ListaSimpleConCola,delete,find+erase,final,20360922,100000,3,9,900600,300200.000000,299997
queue,ListaSimpleConCola,delete,find+erase,final,20360922,100000,3,10,785200,261733.333333,299997
queue,ColaArreglo,delete,delete,final,20360922,100000,3,1,390400,130133.333333,3
queue,ColaArreglo,delete,delete,final,20360922,100000,3,2,430800,143600.000000,3
queue,ColaArreglo,delete,delete,final,20360922,100000,3,3,394000,131333.333333,3
queue,ColaArreglo,delete,delete,final,20360922,100000,3,4,380100,126700.000000,3
queue,ColaArreglo,delete,delete,final,20360922,100000,3,5,387400,129133.333333,3
queue,ColaArreglo,delete,delete,final,20360922,100000,3,6,405500,135166.666667,3
queue,ColaArreglo,delete,delete,final,20360922,100000,3,7,381300,127100.000000,3
queue,ColaArreglo,delete,delete,final,20360922,100000,3,8,377900,125966.666667,3
queue,ColaArreglo,delete,delete,final,20360922,100000,3,9,390400,130133.333333,3
queue,ColaArreglo,delete,delete,final,20360922,100000,3,10,380700,126900.000000,3
queue,ListaSimpleConCola,size,size,general,20360922,100000,20000,1,34800,1.740000,2000000000
queue,ListaSimpleConCola,size,size,general,20360922,100000,20000,2,37700,1.885000,2000000000
queue,ListaSimpleConCola,size,size,general,20360922,100000,20000,3,37500,1.875000,2000000000
queue,ListaSimpleConCola,size,size,general,20360922,100000,20000,4,34700,1.735000,2000000000
queue,ListaSimpleConCola,size,size,general,20360922,100000,20000,5,36100,1.805000,2000000000
queue,ListaSimpleConCola,size,size,general,20360922,100000,20000,6,35400,1.770000,2000000000
queue,ListaSimpleConCola,size,size,general,20360922,100000,20000,7,37600,1.880000,2000000000
queue,ListaSimpleConCola,size,size,general,20360922,100000,20000,8,34700,1.735000,2000000000
queue,ListaSimpleConCola,size,size,general,20360922,100000,20000,9,34800,1.740000,2000000000
queue,ListaSimpleConCola,size,size,general,20360922,100000,20000,10,36800,1.840000,2000000000
queue,ColaArreglo,size,size,general,20360922,100000,20000,1,36600,1.830000,2000000000
queue,ColaArreglo,size,size,general,20360922,100000,20000,2,34900,1.745000,2000000000
queue,ColaArreglo,size,size,general,20360922,100000,20000,3,37200,1.860000,2000000000
queue,ColaArreglo,size,size,general,20360922,100000,20000,4,34900,1.745000,2000000000
queue,ColaArreglo,size,size,general,20360922,100000,20000,5,34900,1.745000,2000000000
queue,ColaArreglo,size,size,general,20360922,100000,20000,6,35000,1.750000,2000000000
queue,ColaArreglo,size,size,general,20360922,100000,20000,7,34700,1.735000,2000000000
queue,ColaArreglo,size,size,general,20360922,100000,20000,8,35000,1.750000,2000000000
queue,ColaArreglo,size,size,general,20360922,100000,20000,9,34900,1.745000,2000000000
queue,ColaArreglo,size,size,general,20360922,100000,20000,10,36600,1.830000,2000000000
queue,ListaSimpleConCola,isEmpty,isEmpty,general,20360922,100000,20000,1,39700,1.985000,40000
queue,ListaSimpleConCola,isEmpty,isEmpty,general,20360922,100000,20000,2,37800,1.890000,40000
queue,ListaSimpleConCola,isEmpty,isEmpty,general,20360922,100000,20000,3,36700,1.835000,40000
queue,ListaSimpleConCola,isEmpty,isEmpty,general,20360922,100000,20000,4,41200,2.060000,40000
queue,ListaSimpleConCola,isEmpty,isEmpty,general,20360922,100000,20000,5,38700,1.935000,40000
queue,ListaSimpleConCola,isEmpty,isEmpty,general,20360922,100000,20000,6,40000,2.000000,40000
queue,ListaSimpleConCola,isEmpty,isEmpty,general,20360922,100000,20000,7,37100,1.855000,40000
queue,ListaSimpleConCola,isEmpty,isEmpty,general,20360922,100000,20000,8,39500,1.975000,40000
queue,ListaSimpleConCola,isEmpty,isEmpty,general,20360922,100000,20000,9,36800,1.840000,40000
queue,ListaSimpleConCola,isEmpty,isEmpty,general,20360922,100000,20000,10,38700,1.935000,40000
queue,ColaArreglo,isEmpty,isEmpty,general,20360922,100000,20000,1,37800,1.890000,40000
queue,ColaArreglo,isEmpty,isEmpty,general,20360922,100000,20000,2,37800,1.890000,40000
queue,ColaArreglo,isEmpty,isEmpty,general,20360922,100000,20000,3,37100,1.855000,40000
queue,ColaArreglo,isEmpty,isEmpty,general,20360922,100000,20000,4,39600,1.980000,40000
queue,ColaArreglo,isEmpty,isEmpty,general,20360922,100000,20000,5,37800,1.890000,40000
queue,ColaArreglo,isEmpty,isEmpty,general,20360922,100000,20000,6,37800,1.890000,40000
queue,ColaArreglo,isEmpty,isEmpty,general,20360922,100000,20000,7,38900,1.945000,40000
queue,ColaArreglo,isEmpty,isEmpty,general,20360922,100000,20000,8,36700,1.835000,40000
queue,ColaArreglo,isEmpty,isEmpty,general,20360922,100000,20000,9,38800,1.940000,40000
queue,ColaArreglo,isEmpty,isEmpty,general,20360922,100000,20000,10,36800,1.840000,40000
