bloque,implementacion,metodo,escenario,semilla,n_inicial,n_final_objetivo,k,repeticion,capacidad,crecimiento,restauracion_fuera_reloj,total_ns,ns_por_operacion,checksum
listas,ListaSimpleSinCola,pushFront,general,20260931,10,11,2000,1,-1,NA,true,113500,56.750,-4294967296000
listas,ListaSimpleSinCola,pushFront,general,20260931,10,11,2000,2,-1,NA,true,113300,56.650,-4294967296000
listas,ListaSimpleSinCola,pushFront,general,20260931,10,11,2000,3,-1,NA,true,108800,54.400,-4294967296000
listas,ListaSimpleSinCola,pushFront,general,20260931,10,11,2000,4,-1,NA,true,94600,47.300,-4294967296000
listas,ListaSimpleSinCola,pushFront,general,20260931,10,11,2000,5,-1,NA,true,120100,60.050,-4294967296000
listas,ListaSimpleSinCola,pushFront,general,20260931,10,11,2000,6,-1,NA,true,89700,44.850,-4294967296000
listas,ListaSimpleSinCola,pushFront,general,20260931,10,11,2000,7,-1,NA,true,118200,59.100,-4294967296000
listas,ListaSimpleSinCola,pushFront,general,20260931,10,11,2000,8,-1,NA,true,100200,50.100,-4294967296000
listas,ListaSimpleSinCola,pushFront,general,20260931,10,11,2000,9,-1,NA,true,90100,45.050,-4294967296000
listas,ListaSimpleSinCola,pushFront,general,20260931,10,11,2000,10,-1,NA,true,97800,48.900,-4294967296000
listas,ListaSimpleSinCola,popFront,general,20260931,10,9,2000,1,-1,NA,true,95400,47.700,2000
listas,ListaSimpleSinCola,popFront,general,20260931,10,9,2000,2,-1,NA,true,87500,43.750,2000
listas,ListaSimpleSinCola,popFront,general,20260931,10,9,2000,3,-1,NA,true,87700,43.850,2000
listas,ListaSimpleSinCola,popFront,general,20260931,10,9,2000,4,-1,NA,true,86700,43.350,2000
listas,ListaSimpleSinCola,popFront,general,20260931,10,9,2000,5,-1,NA,true,91100,45.550,2000
listas,ListaSimpleSinCola,popFront,general,20260931,10,9,2000,6,-1,NA,true,87500,43.750,2000
listas,ListaSimpleSinCola,popFront,general,20260931,10,9,2000,7,-1,NA,true,91100,45.550,2000
listas,ListaSimpleSinCola,popFront,general,20260931,10,9,2000,8,-1,NA,true,86600,43.300,2000
listas,ListaSimpleSinCola,popFront,general,20260931,10,9,2000,9,-1,NA,true,90000,45.000,2000
listas,ListaSimpleSinCola,popFront,general,20260931,10,9,2000,10,-1,NA,true,103700,51.850,2000
listas,ListaSimpleSinCola,topFront,general,20260931,10,10,2000,1,-1,NA,true,63700,31.850,2000
listas,ListaSimpleSinCola,topFront,general,20260931,10,10,2000,2,-1,NA,true,62700,31.350,2000
listas,ListaSimpleSinCola,topFront,general,20260931,10,10,2000,3,-1,NA,true,65500,32.750,2000
listas,ListaSimpleSinCola,topFront,general,20260931,10,10,2000,4,-1,NA,true,55900,27.950,2000
listas,ListaSimpleSinCola,topFront,general,20260931,10,10,2000,5,-1,NA,true,39500,19.750,2000
listas,ListaSimpleSinCola,topFront,general,20260931,10,10,2000,6,-1,NA,true,42000,21.000,2000
listas,ListaSimpleSinCola,topFront,general,20260931,10,10,2000,7,-1,NA,true,41600,20.800,2000
listas,ListaSimpleSinCola,topFront,general,20260931,10,10,2000,8,-1,NA,true,41600,20.800,2000
listas,ListaSimpleSinCola,topFront,general,20260931,10,10,2000,9,-1,NA,true,43400,21.700,2000
listas,ListaSimpleSinCola,topFront,general,20260931,10,10,2000,10,-1,NA,true,43900,21.950,2000
listas,ListaSimpleSinCola,size,no_vacia,20260931,10,10,2000,1,-1,NA,true,48800,24.400,20000
listas,ListaSimpleSinCola,size,no_vacia,20260931,10,10,2000,2,-1,NA,true,46400,23.200,20000
listas,ListaSimpleSinCola,size,no_vacia,20260931,10,10,2000,3,-1,NA,true,52000,26.000,20000
listas,ListaSimpleSinCola,size,no_vacia,20260931,10,10,2000,4,-1,NA,true,43700,21.850,20000
listas,ListaSimpleSinCola,size,no_vacia,20260931,10,10,2000,5,-1,NA,true,44800,22.400,20000
listas,ListaSimpleSinCola,size,no_vacia,20260931,10,10,2000,6,-1,NA,true,43600,21.800,20000
listas,ListaSimpleSinCola,size,no_vacia,20260931,10,10,2000,7,-1,NA,true,43800,21.900,20000
listas,ListaSimpleSinCola,size,no_vacia,20260931,10,10,2000,8,-1,NA,true,46300,23.150,20000
listas,ListaSimpleSinCola,size,no_vacia,20260931,10,10,2000,9,-1,NA,true,45700,22.850,20000
listas,ListaSimpleSinCola,size,no_vacia,20260931,10,10,2000,10,-1,NA,true,44100,22.050,20000
listas,ListaSimpleSinCola,isEmpty,no_vacia,20260931,10,10,2000,1,-1,NA,true,71300,35.650,0
listas,ListaSimpleSinCola,isEmpty,no_vacia,20260931,10,10,2000,2,-1,NA,true,55700,27.850,0
listas,ListaSimpleSinCola,isEmpty,no_vacia,20260931,10,10,2000,3,-1,NA,true,47200,23.600,0
listas,ListaSimpleSinCola,isEmpty,no_vacia,20260931,10,10,2000,4,-1,NA,true,47100,23.550,0
listas,ListaSimpleSinCola,isEmpty,no_vacia,20260931,10,10,2000,5,-1,NA,true,49700,24.850,0
listas,ListaSimpleSinCola,isEmpty,no_vacia,20260931,10,10,2000,6,-1,NA,true,48300,24.150,0
listas,ListaSimpleSinCola,isEmpty,no_vacia,20260931,10,10,2000,7,-1,NA,true,47300,23.650,0
listas,ListaSimpleSinCola,isEmpty,no_vacia,20260931,10,10,2000,8,-1,NA,true,46100,23.050,0
listas,ListaSimpleSinCola,isEmpty,no_vacia,20260931,10,10,2000,9,-1,NA,true,48200,24.100,0
listas,ListaSimpleSinCola,isEmpty,no_vacia,20260931,10,10,2000,10,-1,NA,true,46200,23.100,0
listas,ListaSimpleSinCola,pushBack,general,20260931,10,11,200,1,-1,NA,true,41200,206.000,-429496729600
listas,ListaSimpleSinCola,pushBack,general,20260931,10,11,200,2,-1,NA,true,47500,237.500,-429496729600
listas,ListaSimpleSinCola,pushBack,general,20260931,10,11,200,3,-1,NA,true,58400,292.000,-429496729600
listas,ListaSimpleSinCola,pushBack,general,20260931,10,11,200,4,-1,NA,true,31100,155.500,-429496729600
listas,ListaSimpleSinCola,pushBack,general,20260931,10,11,200,5,-1,NA,true,20500,102.500,-429496729600
listas,ListaSimpleSinCola,pushBack,general,20260931,10,11,200,6,-1,NA,true,12000,60.000,-429496729600
listas,ListaSimpleSinCola,pushBack,general,20260931,10,11,200,7,-1,NA,true,17800,89.000,-429496729600
listas,ListaSimpleSinCola,pushBack,general,20260931,10,11,200,8,-1,NA,true,16900,84.500,-429496729600
listas,ListaSimpleSinCola,pushBack,general,20260931,10,11,200,9,-1,NA,true,14200,71.000,-429496729600
listas,ListaSimpleSinCola,pushBack,general,20260931,10,11,200,10,-1,NA,true,20700,103.500,-429496729600
listas,ListaSimpleSinCola,popBack,general,20260931,10,9,200,1,-1,NA,true,10600,53.000,1000
listas,ListaSimpleSinCola,popBack,general,20260931,10,9,200,2,-1,NA,true,11600,58.000,1000
listas,ListaSimpleSinCola,popBack,general,20260931,10,9,200,3,-1,NA,true,11700,58.500,1000
listas,ListaSimpleSinCola,popBack,general,20260931,10,9,200,4,-1,NA,true,11400,57.000,1000
listas,ListaSimpleSinCola,popBack,general,20260931,10,9,200,5,-1,NA,true,11200,56.000,1000
listas,ListaSimpleSinCola,popBack,general,20260931,10,9,200,6,-1,NA,true,10800,54.000,1000
listas,ListaSimpleSinCola,popBack,general,20260931,10,9,200,7,-1,NA,true,11700,58.500,1000
listas,ListaSimpleSinCola,popBack,general,20260931,10,9,200,8,-1,NA,true,11200,56.000,1000
listas,ListaSimpleSinCola,popBack,general,20260931,10,9,200,9,-1,NA,true,13100,65.500,1000
listas,ListaSimpleSinCola,popBack,general,20260931,10,9,200,10,-1,NA,true,12100,60.500,1000
listas,ListaSimpleSinCola,topBack,general,20260931,10,10,200,1,-1,NA,true,27900,139.500,1000
listas,ListaSimpleSinCola,topBack,general,20260931,10,10,200,2,-1,NA,true,8000,40.000,1000
listas,ListaSimpleSinCola,topBack,general,20260931,10,10,200,3,-1,NA,true,6000,30.000,1000
listas,ListaSimpleSinCola,topBack,general,20260931,10,10,200,4,-1,NA,true,6100,30.500,1000
listas,ListaSimpleSinCola,topBack,general,20260931,10,10,200,5,-1,NA,true,6100,30.500,1000
listas,ListaSimpleSinCola,topBack,general,20260931,10,10,200,6,-1,NA,true,6700,33.500,1000
listas,ListaSimpleSinCola,topBack,general,20260931,10,10,200,7,-1,NA,true,6600,33.000,1000
listas,ListaSimpleSinCola,topBack,general,20260931,10,10,200,8,-1,NA,true,6200,31.000,1000
listas,ListaSimpleSinCola,topBack,general,20260931,10,10,200,9,-1,NA,true,6200,31.000,1000
listas,ListaSimpleSinCola,topBack,general,20260931,10,10,200,10,-1,NA,true,6200,31.000,1000
listas,ListaSimpleSinCola,find,inicio,20260931,10,10,200,1,-1,NA,true,14800,74.000,265109445400
listas,ListaSimpleSinCola,find,inicio,20260931,10,10,200,2,-1,NA,true,15100,75.500,196109356200
listas,ListaSimpleSinCola,find,inicio,20260931,10,10,200,3,-1,NA,true,9700,48.500,412295135800
listas,ListaSimpleSinCola,find,inicio,20260931,10,10,200,4,-1,NA,true,10500,52.500,28087013400
listas,ListaSimpleSinCola,find,inicio,20260931,10,10,200,5,-1,NA,true,9800,49.000,290099061800
listas,ListaSimpleSinCola,find,inicio,20260931,10,10,200,6,-1,NA,true,10000,50.000,334156403600
listas,ListaSimpleSinCola,find,inicio,20260931,10,10,200,7,-1,NA,true,9200,46.000,341275547200
listas,ListaSimpleSinCola,find,inicio,20260931,10,10,200,8,-1,NA,true,10100,50.500,93624205400
listas,ListaSimpleSinCola,find,inicio,20260931,10,10,200,9,-1,NA,true,10800,54.000,360818961400
listas,ListaSimpleSinCola,find,inicio,20260931,10,10,200,10,-1,NA,true,10100,50.500,190201467200
listas,ListaSimpleSinCola,find,medio,20260931,10,10,200,1,-1,NA,true,15100,75.500,197822008800
listas,ListaSimpleSinCola,find,medio,20260931,10,10,200,2,-1,NA,true,14600,73.000,84811706000
listas,ListaSimpleSinCola,find,medio,20260931,10,10,200,3,-1,NA,true,14800,74.000,64200209000
listas,ListaSimpleSinCola,find,medio,20260931,10,10,200,4,-1,NA,true,14900,74.500,158290488200
listas,ListaSimpleSinCola,find,medio,20260931,10,10,200,5,-1,NA,true,14800,74.000,166920070200
listas,ListaSimpleSinCola,find,medio,20260931,10,10,200,6,-1,NA,true,14700,73.500,94382004000
listas,ListaSimpleSinCola,find,medio,20260931,10,10,200,7,-1,NA,true,20700,103.500,106377007000
listas,ListaSimpleSinCola,find,medio,20260931,10,10,200,8,-1,NA,true,20600,103.000,283696299000
listas,ListaSimpleSinCola,find,medio,20260931,10,10,200,9,-1,NA,true,12500,62.500,60712671200
listas,ListaSimpleSinCola,find,medio,20260931,10,10,200,10,-1,NA,true,13300,66.500,27144319400
listas,ListaSimpleSinCola,find,final,20260931,10,10,200,1,-1,NA,true,14200,71.000,341147207400
listas,ListaSimpleSinCola,find,final,20260931,10,10,200,2,-1,NA,true,13900,69.500,91131800400
listas,ListaSimpleSinCola,find,final,20260931,10,10,200,3,-1,NA,true,15800,79.000,50084202400
listas,ListaSimpleSinCola,find,final,20260931,10,10,200,4,-1,NA,true,14100,70.500,383063772600
listas,ListaSimpleSinCola,find,final,20260931,10,10,200,5,-1,NA,true,14600,73.000,256785776000
listas,ListaSimpleSinCola,find,final,20260931,10,10,200,6,-1,NA,true,13800,69.000,59106113400
listas,ListaSimpleSinCola,find,final,20260931,10,10,200,7,-1,NA,true,15300,76.500,400749817400
listas,ListaSimpleSinCola,find,final,20260931,10,10,200,8,-1,NA,true,13900,69.500,264823985400
listas,ListaSimpleSinCola,find,final,20260931,10,10,200,9,-1,NA,true,13900,69.500,198073710600
listas,ListaSimpleSinCola,find,final,20260931,10,10,200,10,-1,NA,true,15100,75.500,219395854000
listas,ListaSimpleSinCola,find,ausente,20260931,10,10,200,1,-1,NA,true,14200,71.000,200
listas,ListaSimpleSinCola,find,ausente,20260931,10,10,200,2,-1,NA,true,14100,70.500,200
listas,ListaSimpleSinCola,find,ausente,20260931,10,10,200,3,-1,NA,true,20900,104.500,200
listas,ListaSimpleSinCola,find,ausente,20260931,10,10,200,4,-1,NA,true,15600,78.000,200
listas,ListaSimpleSinCola,find,ausente,20260931,10,10,200,5,-1,NA,true,14300,71.500,200
listas,ListaSimpleSinCola,find,ausente,20260931,10,10,200,6,-1,NA,true,14100,70.500,200
listas,ListaSimpleSinCola,find,ausente,20260931,10,10,200,7,-1,NA,true,14700,73.500,200
listas,ListaSimpleSinCola,find,ausente,20260931,10,10,200,8,-1,NA,true,14500,72.500,200
listas,ListaSimpleSinCola,find,ausente,20260931,10,10,200,9,-1,NA,true,13900,69.500,200
listas,ListaSimpleSinCola,find,ausente,20260931,10,10,200,10,-1,NA,true,13900,69.500,200
listas,ListaSimpleSinCola,erase,inicio_nodo_prelocalizado,20260931,10,9,200,1,-1,NA,true,17300,86.500,200
listas,ListaSimpleSinCola,erase,inicio_nodo_prelocalizado,20260931,10,9,200,2,-1,NA,true,17200,86.000,200
listas,ListaSimpleSinCola,erase,inicio_nodo_prelocalizado,20260931,10,9,200,3,-1,NA,true,18700,93.500,200
listas,ListaSimpleSinCola,erase,inicio_nodo_prelocalizado,20260931,10,9,200,4,-1,NA,true,18200,91.000,200
listas,ListaSimpleSinCola,erase,inicio_nodo_prelocalizado,20260931,10,9,200,5,-1,NA,true,17500,87.500,200
listas,ListaSimpleSinCola,erase,inicio_nodo_prelocalizado,20260931,10,9,200,6,-1,NA,true,18700,93.500,200
listas,ListaSimpleSinCola,erase,inicio_nodo_prelocalizado,20260931,10,9,200,7,-1,NA,true,17500,87.500,200
listas,ListaSimpleSinCola,erase,inicio_nodo_prelocalizado,20260931,10,9,200,8,-1,NA,true,17000,85.000,200
listas,ListaSimpleSinCola,erase,inicio_nodo_prelocalizado,20260931,10,9,200,9,-1,NA,true,17000,85.000,200
listas,ListaSimpleSinCola,erase,inicio_nodo_prelocalizado,20260931,10,9,200,10,-1,NA,true,18100,90.500,200
listas,ListaSimpleSinCola,erase,medio_nodo_prelocalizado,20260931,10,9,200,1,-1,NA,true,24300,121.500,1200
listas,ListaSimpleSinCola,erase,medio_nodo_prelocalizado,20260931,10,9,200,2,-1,NA,true,24900,124.500,1200
listas,ListaSimpleSinCola,erase,medio_nodo_prelocalizado,20260931,10,9,200,3,-1,NA,true,24600,123.000,1200
listas,ListaSimpleSinCola,erase,medio_nodo_prelocalizado,20260931,10,9,200,4,-1,NA,true,25300,126.500,1200
listas,ListaSimpleSinCola,erase,medio_nodo_prelocalizado,20260931,10,9,200,5,-1,NA,true,26200,131.000,1200
listas,ListaSimpleSinCola,erase,medio_nodo_prelocalizado,20260931,10,9,200,6,-1,NA,true,24500,122.500,1200
listas,ListaSimpleSinCola,erase,medio_nodo_prelocalizado,20260931,10,9,200,7,-1,NA,true,24600,123.000,1200
listas,ListaSimpleSinCola,erase,medio_nodo_prelocalizado,20260931,10,9,200,8,-1,NA,true,25800,129.000,1200
listas,ListaSimpleSinCola,erase,medio_nodo_prelocalizado,20260931,10,9,200,9,-1,NA,true,24500,122.500,1200
listas,ListaSimpleSinCola,erase,medio_nodo_prelocalizado,20260931,10,9,200,10,-1,NA,true,27200,136.000,1200
listas,ListaSimpleSinCola,erase,final_nodo_prelocalizado,20260931,10,9,200,1,-1,NA,true,10300,51.500,1000
listas,ListaSimpleSinCola,erase,final_nodo_prelocalizado,20260931,10,9,200,2,-1,NA,true,10100,50.500,1000
listas,ListaSimpleSinCola,erase,final_nodo_prelocalizado,20260931,10,9,200,3,-1,NA,true,9900,49.500,1000
listas,ListaSimpleSinCola,erase,final_nodo_prelocalizado,20260931,10,9,200,4,-1,NA,true,11600,58.000,1000
listas,ListaSimpleSinCola,erase,final_nodo_prelocalizado,20260931,10,9,200,5,-1,NA,true,9700,48.500,1000
listas,ListaSimpleSinCola,erase,final_nodo_prelocalizado,20260931,10,9,200,6,-1,NA,true,10700,53.500,1000
listas,ListaSimpleSinCola,erase,final_nodo_prelocalizado,20260931,10,9,200,7,-1,NA,true,122100,610.500,1000
listas,ListaSimpleSinCola,erase,final_nodo_prelocalizado,20260931,10,9,200,8,-1,NA,true,13900,69.500,1000
listas,ListaSimpleSinCola,erase,final_nodo_prelocalizado,20260931,10,9,200,9,-1,NA,true,12900,64.500,1000
listas,ListaSimpleSinCola,erase,final_nodo_prelocalizado,20260931,10,9,200,10,-1,NA,true,12500,62.500,1000
listas,ListaSimpleSinCola,addBefore,inicio_nodo_prelocalizado,20260931,10,11,200,1,-1,NA,true,19800,99.000,2200
listas,ListaSimpleSinCola,addBefore,inicio_nodo_prelocalizado,20260931,10,11,200,2,-1,NA,true,23700,118.500,2200
listas,ListaSimpleSinCola,addBefore,inicio_nodo_prelocalizado,20260931,10,11,200,3,-1,NA,true,21100,105.500,2200
listas,ListaSimpleSinCola,addBefore,inicio_nodo_prelocalizado,20260931,10,11,200,4,-1,NA,true,19500,97.500,2200
listas,ListaSimpleSinCola,addBefore,inicio_nodo_prelocalizado,20260931,10,11,200,5,-1,NA,true,23400,117.000,2200
listas,ListaSimpleSinCola,addBefore,inicio_nodo_prelocalizado,20260931,10,11,200,6,-1,NA,true,10300,51.500,2200
listas,ListaSimpleSinCola,addBefore,inicio_nodo_prelocalizado,20260931,10,11,200,7,-1,NA,true,10100,50.500,2200
listas,ListaSimpleSinCola,addBefore,inicio_nodo_prelocalizado,20260931,10,11,200,8,-1,NA,true,10400,52.000,2200
listas,ListaSimpleSinCola,addBefore,inicio_nodo_prelocalizado,20260931,10,11,200,9,-1,NA,true,10300,51.500,2200
listas,ListaSimpleSinCola,addBefore,inicio_nodo_prelocalizado,20260931,10,11,200,10,-1,NA,true,10700,53.500,2200
listas,ListaSimpleSinCola,addBefore,medio_nodo_prelocalizado,20260931,10,11,200,1,-1,NA,true,11500,57.500,2200
listas,ListaSimpleSinCola,addBefore,medio_nodo_prelocalizado,20260931,10,11,200,2,-1,NA,true,11400,57.000,2200
listas,ListaSimpleSinCola,addBefore,medio_nodo_prelocalizado,20260931,10,11,200,3,-1,NA,true,12300,61.500,2200
listas,ListaSimpleSinCola,addBefore,medio_nodo_prelocalizado,20260931,10,11,200,4,-1,NA,true,11800,59.000,2200
listas,ListaSimpleSinCola,addBefore,medio_nodo_prelocalizado,20260931,10,11,200,5,-1,NA,true,12700,63.500,2200
listas,ListaSimpleSinCola,addBefore,medio_nodo_prelocalizado,20260931,10,11,200,6,-1,NA,true,12600,63.000,2200
listas,ListaSimpleSinCola,addBefore,medio_nodo_prelocalizado,20260931,10,11,200,7,-1,NA,true,14600,73.000,2200
listas,ListaSimpleSinCola,addBefore,medio_nodo_prelocalizado,20260931,10,11,200,8,-1,NA,true,11200,56.000,2200
listas,ListaSimpleSinCola,addBefore,medio_nodo_prelocalizado,20260931,10,11,200,9,-1,NA,true,15700,78.500,2200
listas,ListaSimpleSinCola,addBefore,medio_nodo_prelocalizado,20260931,10,11,200,10,-1,NA,true,11700,58.500,2200
listas,ListaSimpleSinCola,addBefore,final_nodo_prelocalizado,20260931,10,11,200,1,-1,NA,true,12100,60.500,2200
listas,ListaSimpleSinCola,addBefore,final_nodo_prelocalizado,20260931,10,11,200,2,-1,NA,true,12900,64.500,2200
listas,ListaSimpleSinCola,addBefore,final_nodo_prelocalizado,20260931,10,11,200,3,-1,NA,true,15500,77.500,2200
listas,ListaSimpleSinCola,addBefore,final_nodo_prelocalizado,20260931,10,11,200,4,-1,NA,true,12800,64.000,2200
listas,ListaSimpleSinCola,addBefore,final_nodo_prelocalizado,20260931,10,11,200,5,-1,NA,true,12500,62.500,2200
listas,ListaSimpleSinCola,addBefore,final_nodo_prelocalizado,20260931,10,11,200,6,-1,NA,true,12000,60.000,2200
listas,ListaSimpleSinCola,addBefore,final_nodo_prelocalizado,20260931,10,11,200,7,-1,NA,true,12600,63.000,2200
listas,ListaSimpleSinCola,addBefore,final_nodo_prelocalizado,20260931,10,11,200,8,-1,NA,true,20900,104.500,2200
listas,ListaSimpleSinCola,addBefore,final_nodo_prelocalizado,20260931,10,11,200,9,-1,NA,true,13700,68.500,2200
listas,ListaSimpleSinCola,addBefore,final_nodo_prelocalizado,20260931,10,11,200,10,-1,NA,true,12700,63.500,2200
listas,ListaSimpleSinCola,addAfter,inicio_nodo_prelocalizado,20260931,10,11,200,1,-1,NA,true,11200,56.000,2200
listas,ListaSimpleSinCola,addAfter,inicio_nodo_prelocalizado,20260931,10,11,200,2,-1,NA,true,11600,58.000,2200
listas,ListaSimpleSinCola,addAfter,inicio_nodo_prelocalizado,20260931,10,11,200,3,-1,NA,true,10000,50.000,2200
listas,ListaSimpleSinCola,addAfter,inicio_nodo_prelocalizado,20260931,10,11,200,4,-1,NA,true,10300,51.500,2200
listas,ListaSimpleSinCola,addAfter,inicio_nodo_prelocalizado,20260931,10,11,200,5,-1,NA,true,14500,72.500,2200
listas,ListaSimpleSinCola,addAfter,inicio_nodo_prelocalizado,20260931,10,11,200,6,-1,NA,true,12900,64.500,2200
listas,ListaSimpleSinCola,addAfter,inicio_nodo_prelocalizado,20260931,10,11,200,7,-1,NA,true,10500,52.500,2200
listas,ListaSimpleSinCola,addAfter,inicio_nodo_prelocalizado,20260931,10,11,200,8,-1,NA,true,10400,52.000,2200
listas,ListaSimpleSinCola,addAfter,inicio_nodo_prelocalizado,20260931,10,11,200,9,-1,NA,true,11000,55.000,2200
listas,ListaSimpleSinCola,addAfter,inicio_nodo_prelocalizado,20260931,10,11,200,10,-1,NA,true,10400,52.000,2200
listas,ListaSimpleSinCola,addAfter,medio_nodo_prelocalizado,20260931,10,11,200,1,-1,NA,true,11300,56.500,2200
listas,ListaSimpleSinCola,addAfter,medio_nodo_prelocalizado,20260931,10,11,200,2,-1,NA,true,14600,73.000,2200
listas,ListaSimpleSinCola,addAfter,medio_nodo_prelocalizado,20260931,10,11,200,3,-1,NA,true,10000,50.000,2200
listas,ListaSimpleSinCola,addAfter,medio_nodo_prelocalizado,20260931,10,11,200,4,-1,NA,true,11000,55.000,2200
listas,ListaSimpleSinCola,addAfter,medio_nodo_prelocalizado,20260931,10,11,200,5,-1,NA,true,10600,53.000,2200
listas,ListaSimpleSinCola,addAfter,medio_nodo_prelocalizado,20260931,10,11,200,6,-1,NA,true,10500,52.500,2200
listas,ListaSimpleSinCola,addAfter,medio_nodo_prelocalizado,20260931,10,11,200,7,-1,NA,true,13600,68.000,2200
listas,ListaSimpleSinCola,addAfter,medio_nodo_prelocalizado,20260931,10,11,200,8,-1,NA,true,10500,52.500,2200
listas,ListaSimpleSinCola,addAfter,medio_nodo_prelocalizado,20260931,10,11,200,9,-1,NA,true,10700,53.500,2200
listas,ListaSimpleSinCola,addAfter,medio_nodo_prelocalizado,20260931,10,11,200,10,-1,NA,true,10000,50.000,2200
listas,ListaSimpleSinCola,addAfter,final_nodo_prelocalizado,20260931,10,11,200,1,-1,NA,true,9900,49.500,2200
listas,ListaSimpleSinCola,addAfter,final_nodo_prelocalizado,20260931,10,11,200,2,-1,NA,true,9800,49.000,2200
listas,ListaSimpleSinCola,addAfter,final_nodo_prelocalizado,20260931,10,11,200,3,-1,NA,true,13000,65.000,2200
listas,ListaSimpleSinCola,addAfter,final_nodo_prelocalizado,20260931,10,11,200,4,-1,NA,true,10300,51.500,2200
listas,ListaSimpleSinCola,addAfter,final_nodo_prelocalizado,20260931,10,11,200,5,-1,NA,true,10200,51.000,2200
listas,ListaSimpleSinCola,addAfter,final_nodo_prelocalizado,20260931,10,11,200,6,-1,NA,true,10400,52.000,2200
listas,ListaSimpleSinCola,addAfter,final_nodo_prelocalizado,20260931,10,11,200,7,-1,NA,true,10000,50.000,2200
listas,ListaSimpleSinCola,addAfter,final_nodo_prelocalizado,20260931,10,11,200,8,-1,NA,true,10100,50.500,2200
listas,ListaSimpleSinCola,addAfter,final_nodo_prelocalizado,20260931,10,11,200,9,-1,NA,true,10000,50.000,2200
listas,ListaSimpleSinCola,addAfter,final_nodo_prelocalizado,20260931,10,11,200,10,-1,NA,true,11300,56.500,2200
listas,ListaSimpleConCola,pushFront,general,20260931,10,11,2000,1,-1,NA,true,108700,54.350,-4294967296000
listas,ListaSimpleConCola,pushFront,general,20260931,10,11,2000,2,-1,NA,true,105700,52.850,-4294967296000
listas,ListaSimpleConCola,pushFront,general,20260931,10,11,2000,3,-1,NA,true,99700,49.850,-4294967296000
listas,ListaSimpleConCola,pushFront,general,20260931,10,11,2000,4,-1,NA,true,100400,50.200,-4294967296000
listas,ListaSimpleConCola,pushFront,general,20260931,10,11,2000,5,-1,NA,true,97300,48.650,-4294967296000
listas,ListaSimpleConCola,pushFront,general,20260931,10,11,2000,6,-1,NA,true,90000,45.000,-4294967296000
listas,ListaSimpleConCola,pushFront,general,20260931,10,11,2000,7,-1,NA,true,94400,47.200,-4294967296000
listas,ListaSimpleConCola,pushFront,general,20260931,10,11,2000,8,-1,NA,true,89500,44.750,-4294967296000
listas,ListaSimpleConCola,pushFront,general,20260931,10,11,2000,9,-1,NA,true,95900,47.950,-4294967296000
listas,ListaSimpleConCola,pushFront,general,20260931,10,11,2000,10,-1,NA,true,103000,51.500,-4294967296000
listas,ListaSimpleConCola,popFront,general,20260931,10,9,2000,1,-1,NA,true,85400,42.700,2000
listas,ListaSimpleConCola,popFront,general,20260931,10,9,2000,2,-1,NA,true,87300,43.650,2000
listas,ListaSimpleConCola,popFront,general,20260931,10,9,2000,3,-1,NA,true,88700,44.350,2000
listas,ListaSimpleConCola,popFront,general,20260931,10,9,2000,4,-1,NA,true,89200,44.600,2000
listas,ListaSimpleConCola,popFront,general,20260931,10,9,2000,5,-1,NA,true,86200,43.100,2000
listas,ListaSimpleConCola,popFront,general,20260931,10,9,2000,6,-1,NA,true,88300,44.150,2000
listas,ListaSimpleConCola,popFront,general,20260931,10,9,2000,7,-1,NA,true,87500,43.750,2000
listas,ListaSimpleConCola,popFront,general,20260931,10,9,2000,8,-1,NA,true,88400,44.200,2000
listas,ListaSimpleConCola,popFront,general,20260931,10,9,2000,9,-1,NA,true,93400,46.700,2000
listas,ListaSimpleConCola,popFront,general,20260931,10,9,2000,10,-1,NA,true,93800,46.900,2000
listas,ListaSimpleConCola,topFront,general,20260931,10,10,2000,1,-1,NA,true,62400,31.200,2000
listas,ListaSimpleConCola,topFront,general,20260931,10,10,2000,2,-1,NA,true,63300,31.650,2000
listas,ListaSimpleConCola,topFront,general,20260931,10,10,2000,3,-1,NA,true,62600,31.300,2000
listas,ListaSimpleConCola,topFront,general,20260931,10,10,2000,4,-1,NA,true,63200,31.600,2000
listas,ListaSimpleConCola,topFront,general,20260931,10,10,2000,5,-1,NA,true,62500,31.250,2000
listas,ListaSimpleConCola,topFront,general,20260931,10,10,2000,6,-1,NA,true,50400,25.200,2000
listas,ListaSimpleConCola,topFront,general,20260931,10,10,2000,7,-1,NA,true,40200,20.100,2000
listas,ListaSimpleConCola,topFront,general,20260931,10,10,2000,8,-1,NA,true,40000,20.000,2000
listas,ListaSimpleConCola,topFront,general,20260931,10,10,2000,9,-1,NA,true,40300,20.150,2000
listas,ListaSimpleConCola,topFront,general,20260931,10,10,2000,10,-1,NA,true,39800,19.900,2000
listas,ListaSimpleConCola,size,no_vacia,20260931,10,10,2000,1,-1,NA,true,42400,21.200,20000
listas,ListaSimpleConCola,size,no_vacia,20260931,10,10,2000,2,-1,NA,true,50300,25.150,20000
listas,ListaSimpleConCola,size,no_vacia,20260931,10,10,2000,3,-1,NA,true,45900,22.950,20000
listas,ListaSimpleConCola,size,no_vacia,20260931,10,10,2000,4,-1,NA,true,45200,22.600,20000
listas,ListaSimpleConCola,size,no_vacia,20260931,10,10,2000,5,-1,NA,true,42600,21.300,20000
listas,ListaSimpleConCola,size,no_vacia,20260931,10,10,2000,6,-1,NA,true,42400,21.200,20000
listas,ListaSimpleConCola,size,no_vacia,20260931,10,10,2000,7,-1,NA,true,42400,21.200,20000
listas,ListaSimpleConCola,size,no_vacia,20260931,10,10,2000,8,-1,NA,true,43400,21.700,20000
listas,ListaSimpleConCola,size,no_vacia,20260931,10,10,2000,9,-1,NA,true,42400,21.200,20000
listas,ListaSimpleConCola,size,no_vacia,20260931,10,10,2000,10,-1,NA,true,41800,20.900,20000
listas,ListaSimpleConCola,isEmpty,no_vacia,20260931,10,10,2000,1,-1,NA,true,46800,23.400,0
listas,ListaSimpleConCola,isEmpty,no_vacia,20260931,10,10,2000,2,-1,NA,true,46200,23.100,0
listas,ListaSimpleConCola,isEmpty,no_vacia,20260931,10,10,2000,3,-1,NA,true,46900,23.450,0
listas,ListaSimpleConCola,isEmpty,no_vacia,20260931,10,10,2000,4,-1,NA,true,47800,23.900,0
listas,ListaSimpleConCola,isEmpty,no_vacia,20260931,10,10,2000,5,-1,NA,true,44900,22.450,0
listas,ListaSimpleConCola,isEmpty,no_vacia,20260931,10,10,2000,6,-1,NA,true,47200,23.600,0
listas,ListaSimpleConCola,isEmpty,no_vacia,20260931,10,10,2000,7,-1,NA,true,45700,22.850,0
listas,ListaSimpleConCola,isEmpty,no_vacia,20260931,10,10,2000,8,-1,NA,true,44300,22.150,0
listas,ListaSimpleConCola,isEmpty,no_vacia,20260931,10,10,2000,9,-1,NA,true,45000,22.500,0
listas,ListaSimpleConCola,isEmpty,no_vacia,20260931,10,10,2000,10,-1,NA,true,44900,22.450,0
listas,ListaSimpleConCola,pushBack,general,20260931,10,11,200,1,-1,NA,true,24700,123.500,-429496729600
listas,ListaSimpleConCola,pushBack,general,20260931,10,11,200,2,-1,NA,true,33600,168.000,-429496729600
listas,ListaSimpleConCola,pushBack,general,20260931,10,11,200,3,-1,NA,true,24200,121.000,-429496729600
listas,ListaSimpleConCola,pushBack,general,20260931,10,11,200,4,-1,NA,true,28900,144.500,-429496729600
listas,ListaSimpleConCola,pushBack,general,20260931,10,11,200,5,-1,NA,true,21600,108.000,-429496729600
listas,ListaSimpleConCola,pushBack,general,20260931,10,11,200,6,-1,NA,true,14800,74.000,-429496729600
listas,ListaSimpleConCola,pushBack,general,20260931,10,11,200,7,-1,NA,true,14500,72.500,-429496729600
listas,ListaSimpleConCola,pushBack,general,20260931,10,11,200,8,-1,NA,true,14200,71.000,-429496729600
listas,ListaSimpleConCola,pushBack,general,20260931,10,11,200,9,-1,NA,true,14700,73.500,-429496729600
listas,ListaSimpleConCola,pushBack,general,20260931,10,11,200,10,-1,NA,true,18000,90.000,-429496729600
listas,ListaSimpleConCola,popBack,general,20260931,10,9,200,1,-1,NA,true,10900,54.500,1000
listas,ListaSimpleConCola,popBack,general,20260931,10,9,200,2,-1,NA,true,10800,54.000,1000
listas,ListaSimpleConCola,popBack,general,20260931,10,9,200,3,-1,NA,true,10600,53.000,1000
listas,ListaSimpleConCola,popBack,general,20260931,10,9,200,4,-1,NA,true,11900,59.500,1000
listas,ListaSimpleConCola,popBack,general,20260931,10,9,200,5,-1,NA,true,10800,54.000,1000
listas,ListaSimpleConCola,popBack,general,20260931,10,9,200,6,-1,NA,true,10800,54.000,1000
listas,ListaSimpleConCola,popBack,general,20260931,10,9,200,7,-1,NA,true,11800,59.000,1000
listas,ListaSimpleConCola,popBack,general,20260931,10,9,200,8,-1,NA,true,11400,57.000,1000
listas,ListaSimpleConCola,popBack,general,20260931,10,9,200,9,-1,NA,true,11700,58.500,1000
listas,ListaSimpleConCola,popBack,general,20260931,10,9,200,10,-1,NA,true,10800,54.000,1000
listas,ListaSimpleConCola,topBack,general,20260931,10,10,200,1,-1,NA,true,16200,81.000,1000
listas,ListaSimpleConCola,topBack,general,20260931,10,10,200,2,-1,NA,true,14700,73.500,1000
listas,ListaSimpleConCola,topBack,general,20260931,10,10,200,3,-1,NA,true,15000,75.000,1000
listas,ListaSimpleConCola,topBack,general,20260931,10,10,200,4,-1,NA,true,14700,73.500,1000
listas,ListaSimpleConCola,topBack,general,20260931,10,10,200,5,-1,NA,true,15000,75.000,1000
listas,ListaSimpleConCola,topBack,general,20260931,10,10,200,6,-1,NA,true,6400,32.000,1000
listas,ListaSimpleConCola,topBack,general,20260931,10,10,200,7,-1,NA,true,5100,25.500,1000
listas,ListaSimpleConCola,topBack,general,20260931,10,10,200,8,-1,NA,true,5100,25.500,1000
listas,ListaSimpleConCola,topBack,general,20260931,10,10,200,9,-1,NA,true,4900,24.500,1000
listas,ListaSimpleConCola,topBack,general,20260931,10,10,200,10,-1,NA,true,5000,25.000,1000
listas,ListaSimpleConCola,find,inicio,20260931,10,10,200,1,-1,NA,true,26800,134.000,290425392400
listas,ListaSimpleConCola,find,inicio,20260931,10,10,200,2,-1,NA,true,22900,114.500,186383822600
listas,ListaSimpleConCola,find,inicio,20260931,10,10,200,3,-1,NA,true,33000,165.000,321504342000
listas,ListaSimpleConCola,find,inicio,20260931,10,10,200,4,-1,NA,true,18600,93.000,152995594600
listas,ListaSimpleConCola,find,inicio,20260931,10,10,200,5,-1,NA,true,18800,94.000,76251870000
listas,ListaSimpleConCola,find,inicio,20260931,10,10,200,6,-1,NA,true,18200,91.000,425957898600
listas,ListaSimpleConCola,find,inicio,20260931,10,10,200,7,-1,NA,true,25200,126.000,133677356800
listas,ListaSimpleConCola,find,inicio,20260931,10,10,200,8,-1,NA,true,16200,81.000,265910432800
listas,ListaSimpleConCola,find,inicio,20260931,10,10,200,9,-1,NA,true,11500,57.500,72754363800
listas,ListaSimpleConCola,find,inicio,20260931,10,10,200,10,-1,NA,true,7200,36.000,413190374600
listas,ListaSimpleConCola,find,medio,20260931,10,10,200,1,-1,NA,true,11900,59.500,383182121400
listas,ListaSimpleConCola,find,medio,20260931,10,10,200,2,-1,NA,true,15500,77.500,56944193600
listas,ListaSimpleConCola,find,medio,20260931,10,10,200,3,-1,NA,true,12500,62.500,37913723600
listas,ListaSimpleConCola,find,medio,20260931,10,10,200,4,-1,NA,true,12400,62.000,158717902600
listas,ListaSimpleConCola,find,medio,20260931,10,10,200,5,-1,NA,true,11900,59.500,262784572400
listas,ListaSimpleConCola,find,medio,20260931,10,10,200,6,-1,NA,true,11900,59.500,99010743000
listas,ListaSimpleConCola,find,medio,20260931,10,10,200,7,-1,NA,true,12900,64.500,384430979000
listas,ListaSimpleConCola,find,medio,20260931,10,10,200,8,-1,NA,true,24500,122.500,176609979800
listas,ListaSimpleConCola,find,medio,20260931,10,10,200,9,-1,NA,true,16000,80.000,418635250800
listas,ListaSimpleConCola,find,medio,20260931,10,10,200,10,-1,NA,true,18000,90.000,370946292400
listas,ListaSimpleConCola,find,final,20260931,10,10,200,1,-1,NA,true,20500,102.500,164981846000
listas,ListaSimpleConCola,find,final,20260931,10,10,200,2,-1,NA,true,19500,97.500,24576667600
listas,ListaSimpleConCola,find,final,20260931,10,10,200,3,-1,NA,true,22300,111.500,133328388400
listas,ListaSimpleConCola,find,final,20260931,10,10,200,4,-1,NA,true,22300,111.500,192120812000
listas,ListaSimpleConCola,find,final,20260931,10,10,200,5,-1,NA,true,22900,114.500,269878654200
listas,ListaSimpleConCola,find,final,20260931,10,10,200,6,-1,NA,true,19500,97.500,267733769000
listas,ListaSimpleConCola,find,final,20260931,10,10,200,7,-1,NA,true,20000,100.000,31882666400
listas,ListaSimpleConCola,find,final,20260931,10,10,200,8,-1,NA,true,19600,98.000,205642943800
listas,ListaSimpleConCola,find,final,20260931,10,10,200,9,-1,NA,true,21000,105.000,100195469200
listas,ListaSimpleConCola,find,final,20260931,10,10,200,10,-1,NA,true,20600,103.000,4026434200
listas,ListaSimpleConCola,find,ausente,20260931,10,10,200,1,-1,NA,true,13600,68.000,200
listas,ListaSimpleConCola,find,ausente,20260931,10,10,200,2,-1,NA,true,14300,71.500,200
listas,ListaSimpleConCola,find,ausente,20260931,10,10,200,3,-1,NA,true,15000,75.000,200
listas,ListaSimpleConCola,find,ausente,20260931,10,10,200,4,-1,NA,true,14800,74.000,200
listas,ListaSimpleConCola,find,ausente,20260931,10,10,200,5,-1,NA,true,14300,71.500,200
listas,ListaSimpleConCola,find,ausente,20260931,10,10,200,6,-1,NA,true,14000,70.000,200
listas,ListaSimpleConCola,find,ausente,20260931,10,10,200,7,-1,NA,true,224400,1122.000,200
listas,ListaSimpleConCola,find,ausente,20260931,10,10,200,8,-1,NA,true,119300,596.500,200
listas,ListaSimpleConCola,find,ausente,20260931,10,10,200,9,-1,NA,true,84400,422.000,200
listas,ListaSimpleConCola,find,ausente,20260931,10,10,200,10,-1,NA,true,125800,629.000,200
listas,ListaSimpleConCola,erase,inicio_nodo_prelocalizado,20260931,10,9,200,1,-1,NA,true,20200,101.000,200
listas,ListaSimpleConCola,erase,inicio_nodo_prelocalizado,20260931,10,9,200,2,-1,NA,true,18900,94.500,200
listas,ListaSimpleConCola,erase,inicio_nodo_prelocalizado,20260931,10,9,200,3,-1,NA,true,17700,88.500,200
listas,ListaSimpleConCola,erase,inicio_nodo_prelocalizado,20260931,10,9,200,4,-1,NA,true,18700,93.500,200
listas,ListaSimpleConCola,erase,inicio_nodo_prelocalizado,20260931,10,9,200,5,-1,NA,true,20800,104.000,200
listas,ListaSimpleConCola,erase,inicio_nodo_prelocalizado,20260931,10,9,200,6,-1,NA,true,18200,91.000,200
listas,ListaSimpleConCola,erase,inicio_nodo_prelocalizado,20260931,10,9,200,7,-1,NA,true,19400,97.000,200
listas,ListaSimpleConCola,erase,inicio_nodo_prelocalizado,20260931,10,9,200,8,-1,NA,true,24200,121.000,200
listas,ListaSimpleConCola,erase,inicio_nodo_prelocalizado,20260931,10,9,200,9,-1,NA,true,16700,83.500,200
listas,ListaSimpleConCola,erase,inicio_nodo_prelocalizado,20260931,10,9,200,10,-1,NA,true,16600,83.000,200
listas,ListaSimpleConCola,erase,medio_nodo_prelocalizado,20260931,10,9,200,1,-1,NA,true,33700,168.500,1200
listas,ListaSimpleConCola,erase,medio_nodo_prelocalizado,20260931,10,9,200,2,-1,NA,true,32600,163.000,1200
listas,ListaSimpleConCola,erase,medio_nodo_prelocalizado,20260931,10,9,200,3,-1,NA,true,26900,134.500,1200
listas,ListaSimpleConCola,erase,medio_nodo_prelocalizado,20260931,10,9,200,4,-1,NA,true,27600,138.000,1200
listas,ListaSimpleConCola,erase,medio_nodo_prelocalizado,20260931,10,9,200,5,-1,NA,true,25900,129.500,1200
listas,ListaSimpleConCola,erase,medio_nodo_prelocalizado,20260931,10,9,200,6,-1,NA,true,25800,129.000,1200
listas,ListaSimpleConCola,erase,medio_nodo_prelocalizado,20260931,10,9,200,7,-1,NA,true,26400,132.000,1200
listas,ListaSimpleConCola,erase,medio_nodo_prelocalizado,20260931,10,9,200,8,-1,NA,true,25700,128.500,1200
listas,ListaSimpleConCola,erase,medio_nodo_prelocalizado,20260931,10,9,200,9,-1,NA,true,19100,95.500,1200
listas,ListaSimpleConCola,erase,medio_nodo_prelocalizado,20260931,10,9,200,10,-1,NA,true,12300,61.500,1200
listas,ListaSimpleConCola,erase,final_nodo_prelocalizado,20260931,10,9,200,1,-1,NA,true,11500,57.500,1000
listas,ListaSimpleConCola,erase,final_nodo_prelocalizado,20260931,10,9,200,2,-1,NA,true,10900,54.500,1000
listas,ListaSimpleConCola,erase,final_nodo_prelocalizado,20260931,10,9,200,3,-1,NA,true,11800,59.000,1000
listas,ListaSimpleConCola,erase,final_nodo_prelocalizado,20260931,10,9,200,4,-1,NA,true,12300,61.500,1000
listas,ListaSimpleConCola,erase,final_nodo_prelocalizado,20260931,10,9,200,5,-1,NA,true,11700,58.500,1000
listas,ListaSimpleConCola,erase,final_nodo_prelocalizado,20260931,10,9,200,6,-1,NA,true,12900,64.500,1000
listas,ListaSimpleConCola,erase,final_nodo_prelocalizado,20260931,10,9,200,7,-1,NA,true,11500,57.500,1000
listas,ListaSimpleConCola,erase,final_nodo_prelocalizado,20260931,10,9,200,8,-1,NA,true,11500,57.500,1000
listas,ListaSimpleConCola,erase,final_nodo_prelocalizado,20260931,10,9,200,9,-1,NA,true,11700,58.500,1000
listas,ListaSimpleConCola,erase,final_nodo_prelocalizado,20260931,10,9,200,10,-1,NA,true,11800,59.000,1000
listas,ListaSimpleConCola,addBefore,inicio_nodo_prelocalizado,20260931,10,11,200,1,-1,NA,true,32500,162.500,2200
listas,ListaSimpleConCola,addBefore,inicio_nodo_prelocalizado,20260931,10,11,200,2,-1,NA,true,21400,107.000,2200
listas,ListaSimpleConCola,addBefore,inicio_nodo_prelocalizado,20260931,10,11,200,3,-1,NA,true,20500,102.500,2200
listas,ListaSimpleConCola,addBefore,inicio_nodo_prelocalizado,20260931,10,11,200,4,-1,NA,true,19300,96.500,2200
listas,ListaSimpleConCola,addBefore,inicio_nodo_prelocalizado,20260931,10,11,200,5,-1,NA,true,22700,113.500,2200
listas,ListaSimpleConCola,addBefore,inicio_nodo_prelocalizado,20260931,10,11,200,6,-1,NA,true,29200,146.000,2200
listas,ListaSimpleConCola,addBefore,inicio_nodo_prelocalizado,20260931,10,11,200,7,-1,NA,true,23600,118.000,2200
listas,ListaSimpleConCola,addBefore,inicio_nodo_prelocalizado,20260931,10,11,200,8,-1,NA,true,19300,96.500,2200
listas,ListaSimpleConCola,addBefore,inicio_nodo_prelocalizado,20260931,10,11,200,9,-1,NA,true,19000,95.000,2200
listas,ListaSimpleConCola,addBefore,inicio_nodo_prelocalizado,20260931,10,11,200,10,-1,NA,true,19200,96.000,2200
listas,ListaSimpleConCola,addBefore,medio_nodo_prelocalizado,20260931,10,11,200,1,-1,NA,true,31900,159.500,2200
listas,ListaSimpleConCola,addBefore,medio_nodo_prelocalizado,20260931,10,11,200,2,-1,NA,true,33100,165.500,2200
listas,ListaSimpleConCola,addBefore,medio_nodo_prelocalizado,20260931,10,11,200,3,-1,NA,true,35100,175.500,2200
listas,ListaSimpleConCola,addBefore,medio_nodo_prelocalizado,20260931,10,11,200,4,-1,NA,true,31200,156.000,2200
listas,ListaSimpleConCola,addBefore,medio_nodo_prelocalizado,20260931,10,11,200,5,-1,NA,true,30600,153.000,2200
listas,ListaSimpleConCola,addBefore,medio_nodo_prelocalizado,20260931,10,11,200,6,-1,NA,true,31500,157.500,2200
listas,ListaSimpleConCola,addBefore,medio_nodo_prelocalizado,20260931,10,11,200,7,-1,NA,true,32000,160.000,2200
listas,ListaSimpleConCola,addBefore,medio_nodo_prelocalizado,20260931,10,11,200,8,-1,NA,true,32200,161.000,2200
listas,ListaSimpleConCola,addBefore,medio_nodo_prelocalizado,20260931,10,11,200,9,-1,NA,true,12700,63.500,2200
listas,ListaSimpleConCola,addBefore,medio_nodo_prelocalizado,20260931,10,11,200,10,-1,NA,true,12600,63.000,2200
listas,ListaSimpleConCola,addBefore,final_nodo_prelocalizado,20260931,10,11,200,1,-1,NA,true,13000,65.000,2200
listas,ListaSimpleConCola,addBefore,final_nodo_prelocalizado,20260931,10,11,200,2,-1,NA,true,13500,67.500,2200
listas,ListaSimpleConCola,addBefore,final_nodo_prelocalizado,20260931,10,11,200,3,-1,NA,true,16700,83.500,2200
listas,ListaSimpleConCola,addBefore,final_nodo_prelocalizado,20260931,10,11,200,4,-1,NA,true,16300,81.500,2200
listas,ListaSimpleConCola,addBefore,final_nodo_prelocalizado,20260931,10,11,200,5,-1,NA,true,13400,67.000,2200
listas,ListaSimpleConCola,addBefore,final_nodo_prelocalizado,20260931,10,11,200,6,-1,NA,true,13000,65.000,2200
listas,ListaSimpleConCola,addBefore,final_nodo_prelocalizado,20260931,10,11,200,7,-1,NA,true,13000,65.000,2200
listas,ListaSimpleConCola,addBefore,final_nodo_prelocalizado,20260931,10,11,200,8,-1,NA,true,13900,69.500,2200
listas,ListaSimpleConCola,addBefore,final_nodo_prelocalizado,20260931,10,11,200,9,-1,NA,true,13800,69.000,2200
listas,ListaSimpleConCola,addBefore,final_nodo_prelocalizado,20260931,10,11,200,10,-1,NA,true,13400,67.000,2200
listas,ListaSimpleConCola,addAfter,inicio_nodo_prelocalizado,20260931,10,11,200,1,-1,NA,true,10600,53.000,2200
listas,ListaSimpleConCola,addAfter,inicio_nodo_prelocalizado,20260931,10,11,200,2,-1,NA,true,11000,55.000,2200
listas,ListaSimpleConCola,addAfter,inicio_nodo_prelocalizado,20260931,10,11,200,3,-1,NA,true,10300,51.500,2200
listas,ListaSimpleConCola,addAfter,inicio_nodo_prelocalizado,20260931,10,11,200,4,-1,NA,true,12000,60.000,2200
listas,ListaSimpleConCola,addAfter,inicio_nodo_prelocalizado,20260931,10,11,200,5,-1,NA,true,11400,57.000,2200
listas,ListaSimpleConCola,addAfter,inicio_nodo_prelocalizado,20260931,10,11,200,6,-1,NA,true,10100,50.500,2200
listas,ListaSimpleConCola,addAfter,inicio_nodo_prelocalizado,20260931,10,11,200,7,-1,NA,true,11000,55.000,2200
listas,ListaSimpleConCola,addAfter,inicio_nodo_prelocalizado,20260931,10,11,200,8,-1,NA,true,11200,56.000,2200
listas,ListaSimpleConCola,addAfter,inicio_nodo_prelocalizado,20260931,10,11,200,9,-1,NA,true,14100,70.500,2200
listas,ListaSimpleConCola,addAfter,inicio_nodo_prelocalizado,20260931,10,11,200,10,-1,NA,true,10300,51.500,2200
listas,ListaSimpleConCola,addAfter,medio_nodo_prelocalizado,20260931,10,11,200,1,-1,NA,true,13300,66.500,2200
listas,ListaSimpleConCola,addAfter,medio_nodo_prelocalizado,20260931,10,11,200,2,-1,NA,true,14200,71.000,2200
listas,ListaSimpleConCola,addAfter,medio_nodo_prelocalizado,20260931,10,11,200,3,-1,NA,true,13600,68.000,2200
listas,ListaSimpleConCola,addAfter,medio_nodo_prelocalizado,20260931,10,11,200,4,-1,NA,true,14600,73.000,2200
listas,ListaSimpleConCola,addAfter,medio_nodo_prelocalizado,20260931,10,11,200,5,-1,NA,true,14800,74.000,2200
listas,ListaSimpleConCola,addAfter,medio_nodo_prelocalizado,20260931,10,11,200,6,-1,NA,true,11600,58.000,2200
listas,ListaSimpleConCola,addAfter,medio_nodo_prelocalizado,20260931,10,11,200,7,-1,NA,true,12600,63.000,2200
listas,ListaSimpleConCola,addAfter,medio_nodo_prelocalizado,20260931,10,11,200,8,-1,NA,true,10400,52.000,2200
listas,ListaSimpleConCola,addAfter,medio_nodo_prelocalizado,20260931,10,11,200,9,-1,NA,true,11500,57.500,2200
listas,ListaSimpleConCola,addAfter,medio_nodo_prelocalizado,20260931,10,11,200,10,-1,NA,true,11700,58.500,2200
listas,ListaSimpleConCola,addAfter,final_nodo_prelocalizado,20260931,10,11,200,1,-1,NA,true,18800,94.000,2200
listas,ListaSimpleConCola,addAfter,final_nodo_prelocalizado,20260931,10,11,200,2,-1,NA,true,21100,105.500,2200
listas,ListaSimpleConCola,addAfter,final_nodo_prelocalizado,20260931,10,11,200,3,-1,NA,true,12600,63.000,2200
listas,ListaSimpleConCola,addAfter,final_nodo_prelocalizado,20260931,10,11,200,4,-1,NA,true,14100,70.500,2200
listas,ListaSimpleConCola,addAfter,final_nodo_prelocalizado,20260931,10,11,200,5,-1,NA,true,14500,72.500,2200
listas,ListaSimpleConCola,addAfter,final_nodo_prelocalizado,20260931,10,11,200,6,-1,NA,true,19000,95.000,2200
listas,ListaSimpleConCola,addAfter,final_nodo_prelocalizado,20260931,10,11,200,7,-1,NA,true,15400,77.000,2200
listas,ListaSimpleConCola,addAfter,final_nodo_prelocalizado,20260931,10,11,200,8,-1,NA,true,14100,70.500,2200
listas,ListaSimpleConCola,addAfter,final_nodo_prelocalizado,20260931,10,11,200,9,-1,NA,true,13000,65.000,2200
listas,ListaSimpleConCola,addAfter,final_nodo_prelocalizado,20260931,10,11,200,10,-1,NA,true,10700,53.500,2200
listas,ListaDobleSinCola,pushFront,general,20260931,10,11,2000,1,-1,NA,true,63900,31.950,-4294967296000
listas,ListaDobleSinCola,pushFront,general,20260931,10,11,2000,2,-1,NA,true,73500,36.750,-4294967296000
listas,ListaDobleSinCola,pushFront,general,20260931,10,11,2000,3,-1,NA,true,64800,32.400,-4294967296000
listas,ListaDobleSinCola,pushFront,general,20260931,10,11,2000,4,-1,NA,true,59400,29.700,-4294967296000
listas,ListaDobleSinCola,pushFront,general,20260931,10,11,2000,5,-1,NA,true,57200,28.600,-4294967296000
listas,ListaDobleSinCola,pushFront,general,20260931,10,11,2000,6,-1,NA,true,61200,30.600,-4294967296000
listas,ListaDobleSinCola,pushFront,general,20260931,10,11,2000,7,-1,NA,true,77000,38.500,-4294967296000
listas,ListaDobleSinCola,pushFront,general,20260931,10,11,2000,8,-1,NA,true,59600,29.800,-4294967296000
listas,ListaDobleSinCola,pushFront,general,20260931,10,11,2000,9,-1,NA,true,56300,28.150,-4294967296000
listas,ListaDobleSinCola,pushFront,general,20260931,10,11,2000,10,-1,NA,true,56300,28.150,-4294967296000
listas,ListaDobleSinCola,popFront,general,20260931,10,9,2000,1,-1,NA,true,53400,26.700,2000
listas,ListaDobleSinCola,popFront,general,20260931,10,9,2000,2,-1,NA,true,53500,26.750,2000
listas,ListaDobleSinCola,popFront,general,20260931,10,9,2000,3,-1,NA,true,50300,25.150,2000
listas,ListaDobleSinCola,popFront,general,20260931,10,9,2000,4,-1,NA,true,48700,24.350,2000
listas,ListaDobleSinCola,popFront,general,20260931,10,9,2000,5,-1,NA,true,49300,24.650,2000
listas,ListaDobleSinCola,popFront,general,20260931,10,9,2000,6,-1,NA,true,48100,24.050,2000
listas,ListaDobleSinCola,popFront,general,20260931,10,9,2000,7,-1,NA,true,52000,26.000,2000
listas,ListaDobleSinCola,popFront,general,20260931,10,9,2000,8,-1,NA,true,45700,22.850,2000
listas,ListaDobleSinCola,popFront,general,20260931,10,9,2000,9,-1,NA,true,51500,25.750,2000
listas,ListaDobleSinCola,popFront,general,20260931,10,9,2000,10,-1,NA,true,48500,24.250,2000
listas,ListaDobleSinCola,topFront,general,20260931,10,10,2000,1,-1,NA,true,25500,12.750,2000
listas,ListaDobleSinCola,topFront,general,20260931,10,10,2000,2,-1,NA,true,28900,14.450,2000
listas,ListaDobleSinCola,topFront,general,20260931,10,10,2000,3,-1,NA,true,13900,6.950,2000
listas,ListaDobleSinCola,topFront,general,20260931,10,10,2000,4,-1,NA,true,11400,5.700,2000
listas,ListaDobleSinCola,topFront,general,20260931,10,10,2000,5,-1,NA,true,10900,5.450,2000
listas,ListaDobleSinCola,topFront,general,20260931,10,10,2000,6,-1,NA,true,10800,5.400,2000
listas,ListaDobleSinCola,topFront,general,20260931,10,10,2000,7,-1,NA,true,11000,5.500,2000
listas,ListaDobleSinCola,topFront,general,20260931,10,10,2000,8,-1,NA,true,10800,5.400,2000
listas,ListaDobleSinCola,topFront,general,20260931,10,10,2000,9,-1,NA,true,11200,5.600,2000
listas,ListaDobleSinCola,topFront,general,20260931,10,10,2000,10,-1,NA,true,11000,5.500,2000
listas,ListaDobleSinCola,size,no_vacia,20260931,10,10,2000,1,-1,NA,true,41000,20.500,20000
listas,ListaDobleSinCola,size,no_vacia,20260931,10,10,2000,2,-1,NA,true,41500,20.750,20000
listas,ListaDobleSinCola,size,no_vacia,20260931,10,10,2000,3,-1,NA,true,41500,20.750,20000
listas,ListaDobleSinCola,size,no_vacia,20260931,10,10,2000,4,-1,NA,true,43900,21.950,20000
listas,ListaDobleSinCola,size,no_vacia,20260931,10,10,2000,5,-1,NA,true,41900,20.950,20000
listas,ListaDobleSinCola,size,no_vacia,20260931,10,10,2000,6,-1,NA,true,41000,20.500,20000
listas,ListaDobleSinCola,size,no_vacia,20260931,10,10,2000,7,-1,NA,true,42300,21.150,20000
listas,ListaDobleSinCola,size,no_vacia,20260931,10,10,2000,8,-1,NA,true,41400,20.700,20000
listas,ListaDobleSinCola,size,no_vacia,20260931,10,10,2000,9,-1,NA,true,46400,23.200,20000
listas,ListaDobleSinCola,size,no_vacia,20260931,10,10,2000,10,-1,NA,true,41400,20.700,20000
listas,ListaDobleSinCola,isEmpty,no_vacia,20260931,10,10,2000,1,-1,NA,true,16100,8.050,0
listas,ListaDobleSinCola,isEmpty,no_vacia,20260931,10,10,2000,2,-1,NA,true,18400,9.200,0
listas,ListaDobleSinCola,isEmpty,no_vacia,20260931,10,10,2000,3,-1,NA,true,14300,7.150,0
listas,ListaDobleSinCola,isEmpty,no_vacia,20260931,10,10,2000,4,-1,NA,true,15100,7.550,0
listas,ListaDobleSinCola,isEmpty,no_vacia,20260931,10,10,2000,5,-1,NA,true,15900,7.950,0
listas,ListaDobleSinCola,isEmpty,no_vacia,20260931,10,10,2000,6,-1,NA,true,16500,8.250,0
listas,ListaDobleSinCola,isEmpty,no_vacia,20260931,10,10,2000,7,-1,NA,true,17600,8.800,0
listas,ListaDobleSinCola,isEmpty,no_vacia,20260931,10,10,2000,8,-1,NA,true,18600,9.300,0
listas,ListaDobleSinCola,isEmpty,no_vacia,20260931,10,10,2000,9,-1,NA,true,19300,9.650,0
listas,ListaDobleSinCola,isEmpty,no_vacia,20260931,10,10,2000,10,-1,NA,true,20300,10.150,0
listas,ListaDobleSinCola,pushBack,general,20260931,10,11,200,1,-1,NA,true,16600,83.000,-429496729600
listas,ListaDobleSinCola,pushBack,general,20260931,10,11,200,2,-1,NA,true,16200,81.000,-429496729600
listas,ListaDobleSinCola,pushBack,general,20260931,10,11,200,3,-1,NA,true,19100,95.500,-429496729600
listas,ListaDobleSinCola,pushBack,general,20260931,10,11,200,4,-1,NA,true,16100,80.500,-429496729600
listas,ListaDobleSinCola,pushBack,general,20260931,10,11,200,5,-1,NA,true,15200,76.000,-429496729600
listas,ListaDobleSinCola,pushBack,general,20260931,10,11,200,6,-1,NA,true,21800,109.000,-429496729600
listas,ListaDobleSinCola,pushBack,general,20260931,10,11,200,7,-1,NA,true,17500,87.500,-429496729600
listas,ListaDobleSinCola,pushBack,general,20260931,10,11,200,8,-1,NA,true,18400,92.000,-429496729600
listas,ListaDobleSinCola,pushBack,general,20260931,10,11,200,9,-1,NA,true,15700,78.500,-429496729600
listas,ListaDobleSinCola,pushBack,general,20260931,10,11,200,10,-1,NA,true,16000,80.000,-429496729600
listas,ListaDobleSinCola,popBack,general,20260931,10,9,200,1,-1,NA,true,11300,56.500,1000
listas,ListaDobleSinCola,popBack,general,20260931,10,9,200,2,-1,NA,true,11900,59.500,1000
listas,ListaDobleSinCola,popBack,general,20260931,10,9,200,3,-1,NA,true,11100,55.500,1000
listas,ListaDobleSinCola,popBack,general,20260931,10,9,200,4,-1,NA,true,12300,61.500,1000
listas,ListaDobleSinCola,popBack,general,20260931,10,9,200,5,-1,NA,true,11000,55.000,1000
listas,ListaDobleSinCola,popBack,general,20260931,10,9,200,6,-1,NA,true,11200,56.000,1000
listas,ListaDobleSinCola,popBack,general,20260931,10,9,200,7,-1,NA,true,11200,56.000,1000
listas,ListaDobleSinCola,popBack,general,20260931,10,9,200,8,-1,NA,true,11400,57.000,1000
listas,ListaDobleSinCola,popBack,general,20260931,10,9,200,9,-1,NA,true,11600,58.000,1000
listas,ListaDobleSinCola,popBack,general,20260931,10,9,200,10,-1,NA,true,10800,54.000,1000
listas,ListaDobleSinCola,topBack,general,20260931,10,10,200,1,-1,NA,true,93200,466.000,1000
listas,ListaDobleSinCola,topBack,general,20260931,10,10,200,2,-1,NA,true,52900,264.500,1000
listas,ListaDobleSinCola,topBack,general,20260931,10,10,200,3,-1,NA,true,5900,29.500,1000
listas,ListaDobleSinCola,topBack,general,20260931,10,10,200,4,-1,NA,true,5400,27.000,1000
listas,ListaDobleSinCola,topBack,general,20260931,10,10,200,5,-1,NA,true,5400,27.000,1000
listas,ListaDobleSinCola,topBack,general,20260931,10,10,200,6,-1,NA,true,9100,45.500,1000
listas,ListaDobleSinCola,topBack,general,20260931,10,10,200,7,-1,NA,true,6000,30.000,1000
listas,ListaDobleSinCola,topBack,general,20260931,10,10,200,8,-1,NA,true,5500,27.500,1000
listas,ListaDobleSinCola,topBack,general,20260931,10,10,200,9,-1,NA,true,5400,27.000,1000
listas,ListaDobleSinCola,topBack,general,20260931,10,10,200,10,-1,NA,true,5800,29.000,1000
listas,ListaDobleSinCola,find,inicio,20260931,10,10,200,1,-1,NA,true,24700,123.500,42825282600
listas,ListaDobleSinCola,find,inicio,20260931,10,10,200,2,-1,NA,true,24000,120.000,79374682000
listas,ListaDobleSinCola,find,inicio,20260931,10,10,200,3,-1,NA,true,20900,104.500,341246875600
listas,ListaDobleSinCola,find,inicio,20260931,10,10,200,4,-1,NA,true,13300,66.500,373550115000
listas,ListaDobleSinCola,find,inicio,20260931,10,10,200,5,-1,NA,true,12900,64.500,409312419000
listas,ListaDobleSinCola,find,inicio,20260931,10,10,200,6,-1,NA,true,24900,124.500,268488655200
listas,ListaDobleSinCola,find,inicio,20260931,10,10,200,7,-1,NA,true,5500,27.500,153857447200
listas,ListaDobleSinCola,find,inicio,20260931,10,10,200,8,-1,NA,true,7000,35.000,317497533600
listas,ListaDobleSinCola,find,inicio,20260931,10,10,200,9,-1,NA,true,6000,30.000,239964684600
listas,ListaDobleSinCola,find,inicio,20260931,10,10,200,10,-1,NA,true,5600,28.000,186434440800
listas,ListaDobleSinCola,find,medio,20260931,10,10,200,1,-1,NA,true,9000,45.000,379255529200
listas,ListaDobleSinCola,find,medio,20260931,10,10,200,2,-1,NA,true,7600,38.000,425645554200
listas,ListaDobleSinCola,find,medio,20260931,10,10,200,3,-1,NA,true,10200,51.000,340459440200
listas,ListaDobleSinCola,find,medio,20260931,10,10,200,4,-1,NA,true,10200,51.000,399236331600
listas,ListaDobleSinCola,find,medio,20260931,10,10,200,5,-1,NA,true,9800,49.000,161270700200
listas,ListaDobleSinCola,find,medio,20260931,10,10,200,6,-1,NA,true,10100,50.500,104329117200
listas,ListaDobleSinCola,find,medio,20260931,10,10,200,7,-1,NA,true,9800,49.000,259212849400
listas,ListaDobleSinCola,find,medio,20260931,10,10,200,8,-1,NA,true,51500,257.500,327414183400
listas,ListaDobleSinCola,find,medio,20260931,10,10,200,9,-1,NA,true,11300,56.500,156047524800
listas,ListaDobleSinCola,find,medio,20260931,10,10,200,10,-1,NA,true,9700,48.500,41159463200
listas,ListaDobleSinCola,find,final,20260931,10,10,200,1,-1,NA,true,10100,50.500,125115289400
listas,ListaDobleSinCola,find,final,20260931,10,10,200,2,-1,NA,true,10300,51.500,312182342800
listas,ListaDobleSinCola,find,final,20260931,10,10,200,3,-1,NA,true,9100,45.500,187809556600
listas,ListaDobleSinCola,find,final,20260931,10,10,200,4,-1,NA,true,9600,48.000,247502985200
listas,ListaDobleSinCola,find,final,20260931,10,10,200,5,-1,NA,true,9600,48.000,109649310400
listas,ListaDobleSinCola,find,final,20260931,10,10,200,6,-1,NA,true,9400,47.000,167129798400
listas,ListaDobleSinCola,find,final,20260931,10,10,200,7,-1,NA,true,10400,52.000,226903410600
listas,ListaDobleSinCola,find,final,20260931,10,10,200,8,-1,NA,true,9000,45.000,98445640400
listas,ListaDobleSinCola,find,final,20260931,10,10,200,9,-1,NA,true,9200,46.000,273776872800
listas,ListaDobleSinCola,find,final,20260931,10,10,200,10,-1,NA,true,11500,57.500,80325152600
listas,ListaDobleSinCola,find,ausente,20260931,10,10,200,1,-1,NA,true,9500,47.500,200
listas,ListaDobleSinCola,find,ausente,20260931,10,10,200,2,-1,NA,true,9600,48.000,200
listas,ListaDobleSinCola,find,ausente,20260931,10,10,200,3,-1,NA,true,13800,69.000,200
listas,ListaDobleSinCola,find,ausente,20260931,10,10,200,4,-1,NA,true,10200,51.000,200
listas,ListaDobleSinCola,find,ausente,20260931,10,10,200,5,-1,NA,true,9700,48.500,200
listas,ListaDobleSinCola,find,ausente,20260931,10,10,200,6,-1,NA,true,9800,49.000,200
listas,ListaDobleSinCola,find,ausente,20260931,10,10,200,7,-1,NA,true,9700,48.500,200
listas,ListaDobleSinCola,find,ausente,20260931,10,10,200,8,-1,NA,true,9600,48.000,200
listas,ListaDobleSinCola,find,ausente,20260931,10,10,200,9,-1,NA,true,11600,58.000,200
listas,ListaDobleSinCola,find,ausente,20260931,10,10,200,10,-1,NA,true,9700,48.500,200
listas,ListaDobleSinCola,erase,inicio_nodo_prelocalizado,20260931,10,9,200,1,-1,NA,true,19200,96.000,200
listas,ListaDobleSinCola,erase,inicio_nodo_prelocalizado,20260931,10,9,200,2,-1,NA,true,18200,91.000,200
listas,ListaDobleSinCola,erase,inicio_nodo_prelocalizado,20260931,10,9,200,3,-1,NA,true,19800,99.000,200
listas,ListaDobleSinCola,erase,inicio_nodo_prelocalizado,20260931,10,9,200,4,-1,NA,true,16600,83.000,200
listas,ListaDobleSinCola,erase,inicio_nodo_prelocalizado,20260931,10,9,200,5,-1,NA,true,11400,57.000,200
listas,ListaDobleSinCola,erase,inicio_nodo_prelocalizado,20260931,10,9,200,6,-1,NA,true,11700,58.500,200
listas,ListaDobleSinCola,erase,inicio_nodo_prelocalizado,20260931,10,9,200,7,-1,NA,true,11300,56.500,200
listas,ListaDobleSinCola,erase,inicio_nodo_prelocalizado,20260931,10,9,200,8,-1,NA,true,15600,78.000,200
listas,ListaDobleSinCola,erase,inicio_nodo_prelocalizado,20260931,10,9,200,9,-1,NA,true,10900,54.500,200
listas,ListaDobleSinCola,erase,inicio_nodo_prelocalizado,20260931,10,9,200,10,-1,NA,true,9100,45.500,200
listas,ListaDobleSinCola,erase,medio_nodo_prelocalizado,20260931,10,9,200,1,-1,NA,true,6100,30.500,1200
listas,ListaDobleSinCola,erase,medio_nodo_prelocalizado,20260931,10,9,200,2,-1,NA,true,5300,26.500,1200
listas,ListaDobleSinCola,erase,medio_nodo_prelocalizado,20260931,10,9,200,3,-1,NA,true,6100,30.500,1200
listas,ListaDobleSinCola,erase,medio_nodo_prelocalizado,20260931,10,9,200,4,-1,NA,true,6300,31.500,1200
listas,ListaDobleSinCola,erase,medio_nodo_prelocalizado,20260931,10,9,200,5,-1,NA,true,5900,29.500,1200
listas,ListaDobleSinCola,erase,medio_nodo_prelocalizado,20260931,10,9,200,6,-1,NA,true,5600,28.000,1200
listas,ListaDobleSinCola,erase,medio_nodo_prelocalizado,20260931,10,9,200,7,-1,NA,true,6400,32.000,1200
listas,ListaDobleSinCola,erase,medio_nodo_prelocalizado,20260931,10,9,200,8,-1,NA,true,5500,27.500,1200
listas,ListaDobleSinCola,erase,medio_nodo_prelocalizado,20260931,10,9,200,9,-1,NA,true,14000,70.000,1200
listas,ListaDobleSinCola,erase,medio_nodo_prelocalizado,20260931,10,9,200,10,-1,NA,true,5500,27.500,1200
listas,ListaDobleSinCola,erase,final_nodo_prelocalizado,20260931,10,9,200,1,-1,NA,true,5400,27.000,1000
listas,ListaDobleSinCola,erase,final_nodo_prelocalizado,20260931,10,9,200,2,-1,NA,true,5100,25.500,1000
listas,ListaDobleSinCola,erase,final_nodo_prelocalizado,20260931,10,9,200,3,-1,NA,true,5200,26.000,1000
listas,ListaDobleSinCola,erase,final_nodo_prelocalizado,20260931,10,9,200,4,-1,NA,true,5600,28.000,1000
listas,ListaDobleSinCola,erase,final_nodo_prelocalizado,20260931,10,9,200,5,-1,NA,true,4600,23.000,1000
listas,ListaDobleSinCola,erase,final_nodo_prelocalizado,20260931,10,9,200,6,-1,NA,true,5400,27.000,1000
listas,ListaDobleSinCola,erase,final_nodo_prelocalizado,20260931,10,9,200,7,-1,NA,true,5100,25.500,1000
listas,ListaDobleSinCola,erase,final_nodo_prelocalizado,20260931,10,9,200,8,-1,NA,true,5300,26.500,1000
listas,ListaDobleSinCola,erase,final_nodo_prelocalizado,20260931,10,9,200,9,-1,NA,true,5400,27.000,1000
listas,ListaDobleSinCola,erase,final_nodo_prelocalizado,20260931,10,9,200,10,-1,NA,true,5300,26.500,1000
listas,ListaDobleSinCola,addBefore,inicio_nodo_prelocalizado,20260931,10,11,200,1,-1,NA,true,29900,149.500,2200
listas,ListaDobleSinCola,addBefore,inicio_nodo_prelocalizado,20260931,10,11,200,2,-1,NA,true,10800,54.000,2200
listas,ListaDobleSinCola,addBefore,inicio_nodo_prelocalizado,20260931,10,11,200,3,-1,NA,true,10300,51.500,2200
listas,ListaDobleSinCola,addBefore,inicio_nodo_prelocalizado,20260931,10,11,200,4,-1,NA,true,10100,50.500,2200
listas,ListaDobleSinCola,addBefore,inicio_nodo_prelocalizado,20260931,10,11,200,5,-1,NA,true,13700,68.500,2200
listas,ListaDobleSinCola,addBefore,inicio_nodo_prelocalizado,20260931,10,11,200,6,-1,NA,true,10000,50.000,2200
listas,ListaDobleSinCola,addBefore,inicio_nodo_prelocalizado,20260931,10,11,200,7,-1,NA,true,11900,59.500,2200
listas,ListaDobleSinCola,addBefore,inicio_nodo_prelocalizado,20260931,10,11,200,8,-1,NA,true,11700,58.500,2200
listas,ListaDobleSinCola,addBefore,inicio_nodo_prelocalizado,20260931,10,11,200,9,-1,NA,true,10600,53.000,2200
listas,ListaDobleSinCola,addBefore,inicio_nodo_prelocalizado,20260931,10,11,200,10,-1,NA,true,12800,64.000,2200
listas,ListaDobleSinCola,addBefore,medio_nodo_prelocalizado,20260931,10,11,200,1,-1,NA,true,8400,42.000,2200
listas,ListaDobleSinCola,addBefore,medio_nodo_prelocalizado,20260931,10,11,200,2,-1,NA,true,5400,27.000,2200
listas,ListaDobleSinCola,addBefore,medio_nodo_prelocalizado,20260931,10,11,200,3,-1,NA,true,6300,31.500,2200
listas,ListaDobleSinCola,addBefore,medio_nodo_prelocalizado,20260931,10,11,200,4,-1,NA,true,7100,35.500,2200
listas,ListaDobleSinCola,addBefore,medio_nodo_prelocalizado,20260931,10,11,200,5,-1,NA,true,6200,31.000,2200
listas,ListaDobleSinCola,addBefore,medio_nodo_prelocalizado,20260931,10,11,200,6,-1,NA,true,10700,53.500,2200
listas,ListaDobleSinCola,addBefore,medio_nodo_prelocalizado,20260931,10,11,200,7,-1,NA,true,5900,29.500,2200
listas,ListaDobleSinCola,addBefore,medio_nodo_prelocalizado,20260931,10,11,200,8,-1,NA,true,19000,95.000,2200
listas,ListaDobleSinCola,addBefore,medio_nodo_prelocalizado,20260931,10,11,200,9,-1,NA,true,6100,30.500,2200
listas,ListaDobleSinCola,addBefore,medio_nodo_prelocalizado,20260931,10,11,200,10,-1,NA,true,6400,32.000,2200
listas,ListaDobleSinCola,addBefore,final_nodo_prelocalizado,20260931,10,11,200,1,-1,NA,true,7300,36.500,2200
listas,ListaDobleSinCola,addBefore,final_nodo_prelocalizado,20260931,10,11,200,2,-1,NA,true,6900,34.500,2200
listas,ListaDobleSinCola,addBefore,final_nodo_prelocalizado,20260931,10,11,200,3,-1,NA,true,6300,31.500,2200
listas,ListaDobleSinCola,addBefore,final_nodo_prelocalizado,20260931,10,11,200,4,-1,NA,true,6700,33.500,2200
listas,ListaDobleSinCola,addBefore,final_nodo_prelocalizado,20260931,10,11,200,5,-1,NA,true,6400,32.000,2200
listas,ListaDobleSinCola,addBefore,final_nodo_prelocalizado,20260931,10,11,200,6,-1,NA,true,5900,29.500,2200
listas,ListaDobleSinCola,addBefore,final_nodo_prelocalizado,20260931,10,11,200,7,-1,NA,true,5600,28.000,2200
listas,ListaDobleSinCola,addBefore,final_nodo_prelocalizado,20260931,10,11,200,8,-1,NA,true,6300,31.500,2200
listas,ListaDobleSinCola,addBefore,final_nodo_prelocalizado,20260931,10,11,200,9,-1,NA,true,6400,32.000,2200
listas,ListaDobleSinCola,addBefore,final_nodo_prelocalizado,20260931,10,11,200,10,-1,NA,true,7500,37.500,2200
listas,ListaDobleSinCola,addAfter,inicio_nodo_prelocalizado,20260931,10,11,200,1,-1,NA,true,9400,47.000,2200
listas,ListaDobleSinCola,addAfter,inicio_nodo_prelocalizado,20260931,10,11,200,2,-1,NA,true,12800,64.000,2200
listas,ListaDobleSinCola,addAfter,inicio_nodo_prelocalizado,20260931,10,11,200,3,-1,NA,true,11300,56.500,2200
listas,ListaDobleSinCola,addAfter,inicio_nodo_prelocalizado,20260931,10,11,200,4,-1,NA,true,12400,62.000,2200
listas,ListaDobleSinCola,addAfter,inicio_nodo_prelocalizado,20260931,10,11,200,5,-1,NA,true,10200,51.000,2200
listas,ListaDobleSinCola,addAfter,inicio_nodo_prelocalizado,20260931,10,11,200,6,-1,NA,true,10300,51.500,2200
listas,ListaDobleSinCola,addAfter,inicio_nodo_prelocalizado,20260931,10,11,200,7,-1,NA,true,12800,64.000,2200
listas,ListaDobleSinCola,addAfter,inicio_nodo_prelocalizado,20260931,10,11,200,8,-1,NA,true,12900,64.500,2200
listas,ListaDobleSinCola,addAfter,inicio_nodo_prelocalizado,20260931,10,11,200,9,-1,NA,true,13800,69.000,2200
listas,ListaDobleSinCola,addAfter,inicio_nodo_prelocalizado,20260931,10,11,200,10,-1,NA,true,12700,63.500,2200
listas,ListaDobleSinCola,addAfter,medio_nodo_prelocalizado,20260931,10,11,200,1,-1,NA,true,6400,32.000,2200
listas,ListaDobleSinCola,addAfter,medio_nodo_prelocalizado,20260931,10,11,200,2,-1,NA,true,6000,30.000,2200
listas,ListaDobleSinCola,addAfter,medio_nodo_prelocalizado,20260931,10,11,200,3,-1,NA,true,13600,68.000,2200
listas,ListaDobleSinCola,addAfter,medio_nodo_prelocalizado,20260931,10,11,200,4,-1,NA,true,8100,40.500,2200
listas,ListaDobleSinCola,addAfter,medio_nodo_prelocalizado,20260931,10,11,200,5,-1,NA,true,6200,31.000,2200
listas,ListaDobleSinCola,addAfter,medio_nodo_prelocalizado,20260931,10,11,200,6,-1,NA,true,7400,37.000,2200
listas,ListaDobleSinCola,addAfter,medio_nodo_prelocalizado,20260931,10,11,200,7,-1,NA,true,4800,24.000,2200
listas,ListaDobleSinCola,addAfter,medio_nodo_prelocalizado,20260931,10,11,200,8,-1,NA,true,9200,46.000,2200
listas,ListaDobleSinCola,addAfter,medio_nodo_prelocalizado,20260931,10,11,200,9,-1,NA,true,5900,29.500,2200
listas,ListaDobleSinCola,addAfter,medio_nodo_prelocalizado,20260931,10,11,200,10,-1,NA,true,7700,38.500,2200
listas,ListaDobleSinCola,addAfter,final_nodo_prelocalizado,20260931,10,11,200,1,-1,NA,true,6300,31.500,2200
listas,ListaDobleSinCola,addAfter,final_nodo_prelocalizado,20260931,10,11,200,2,-1,NA,true,6100,30.500,2200
listas,ListaDobleSinCola,addAfter,final_nodo_prelocalizado,20260931,10,11,200,3,-1,NA,true,5900,29.500,2200
listas,ListaDobleSinCola,addAfter,final_nodo_prelocalizado,20260931,10,11,200,4,-1,NA,true,8700,43.500,2200
listas,ListaDobleSinCola,addAfter,final_nodo_prelocalizado,20260931,10,11,200,5,-1,NA,true,6500,32.500,2200
listas,ListaDobleSinCola,addAfter,final_nodo_prelocalizado,20260931,10,11,200,6,-1,NA,true,6200,31.000,2200
listas,ListaDobleSinCola,addAfter,final_nodo_prelocalizado,20260931,10,11,200,7,-1,NA,true,6000,30.000,2200
listas,ListaDobleSinCola,addAfter,final_nodo_prelocalizado,20260931,10,11,200,8,-1,NA,true,7200,36.000,2200
listas,ListaDobleSinCola,addAfter,final_nodo_prelocalizado,20260931,10,11,200,9,-1,NA,true,6500,32.500,2200
listas,ListaDobleSinCola,addAfter,final_nodo_prelocalizado,20260931,10,11,200,10,-1,NA,true,6400,32.000,2200
listas,ListaDobleConCola,pushFront,general,20260931,10,11,2000,1,-1,NA,true,80900,40.450,-4294967296000
listas,ListaDobleConCola,pushFront,general,20260931,10,11,2000,2,-1,NA,true,89200,44.600,-4294967296000
listas,ListaDobleConCola,pushFront,general,20260931,10,11,2000,3,-1,NA,true,81400,40.700,-4294967296000
listas,ListaDobleConCola,pushFront,general,20260931,10,11,2000,4,-1,NA,true,65500,32.750,-4294967296000
listas,ListaDobleConCola,pushFront,general,20260931,10,11,2000,5,-1,NA,true,59600,29.800,-4294967296000
listas,ListaDobleConCola,pushFront,general,20260931,10,11,2000,6,-1,NA,true,60500,30.250,-4294967296000
listas,ListaDobleConCola,pushFront,general,20260931,10,11,2000,7,-1,NA,true,66500,33.250,-4294967296000
listas,ListaDobleConCola,pushFront,general,20260931,10,11,2000,8,-1,NA,true,55500,27.750,-4294967296000
listas,ListaDobleConCola,pushFront,general,20260931,10,11,2000,9,-1,NA,true,55300,27.650,-4294967296000
listas,ListaDobleConCola,pushFront,general,20260931,10,11,2000,10,-1,NA,true,54500,27.250,-4294967296000
listas,ListaDobleConCola,popFront,general,20260931,10,9,2000,1,-1,NA,true,53500,26.750,2000
listas,ListaDobleConCola,popFront,general,20260931,10,9,2000,2,-1,NA,true,55000,27.500,2000
listas,ListaDobleConCola,popFront,general,20260931,10,9,2000,3,-1,NA,true,57800,28.900,2000
listas,ListaDobleConCola,popFront,general,20260931,10,9,2000,4,-1,NA,true,49100,24.550,2000
listas,ListaDobleConCola,popFront,general,20260931,10,9,2000,5,-1,NA,true,52600,26.300,2000
listas,ListaDobleConCola,popFront,general,20260931,10,9,2000,6,-1,NA,true,49600,24.800,2000
listas,ListaDobleConCola,popFront,general,20260931,10,9,2000,7,-1,NA,true,50300,25.150,2000
listas,ListaDobleConCola,popFront,general,20260931,10,9,2000,8,-1,NA,true,49000,24.500,2000
listas,ListaDobleConCola,popFront,general,20260931,10,9,2000,9,-1,NA,true,49300,24.650,2000
listas,ListaDobleConCola,popFront,general,20260931,10,9,2000,10,-1,NA,true,52700,26.350,2000
listas,ListaDobleConCola,topFront,general,20260931,10,10,2000,1,-1,NA,true,11700,5.850,2000
listas,ListaDobleConCola,topFront,general,20260931,10,10,2000,2,-1,NA,true,135400,67.700,2000
listas,ListaDobleConCola,topFront,general,20260931,10,10,2000,3,-1,NA,true,22300,11.150,2000
listas,ListaDobleConCola,topFront,general,20260931,10,10,2000,4,-1,NA,true,21900,10.950,2000
listas,ListaDobleConCola,topFront,general,20260931,10,10,2000,5,-1,NA,true,21500,10.750,2000
listas,ListaDobleConCola,topFront,general,20260931,10,10,2000,6,-1,NA,true,21800,10.900,2000
listas,ListaDobleConCola,topFront,general,20260931,10,10,2000,7,-1,NA,true,21000,10.500,2000
listas,ListaDobleConCola,topFront,general,20260931,10,10,2000,8,-1,NA,true,22000,11.000,2000
listas,ListaDobleConCola,topFront,general,20260931,10,10,2000,9,-1,NA,true,21400,10.700,2000
listas,ListaDobleConCola,topFront,general,20260931,10,10,2000,10,-1,NA,true,21400,10.700,2000
listas,ListaDobleConCola,size,no_vacia,20260931,10,10,2000,1,-1,NA,true,18400,9.200,20000
listas,ListaDobleConCola,size,no_vacia,20260931,10,10,2000,2,-1,NA,true,19800,9.900,20000
listas,ListaDobleConCola,size,no_vacia,20260931,10,10,2000,3,-1,NA,true,12700,6.350,20000
listas,ListaDobleConCola,size,no_vacia,20260931,10,10,2000,4,-1,NA,true,9600,4.800,20000
listas,ListaDobleConCola,size,no_vacia,20260931,10,10,2000,5,-1,NA,true,23600,11.800,20000
listas,ListaDobleConCola,size,no_vacia,20260931,10,10,2000,6,-1,NA,true,9200,4.600,20000
listas,ListaDobleConCola,size,no_vacia,20260931,10,10,2000,7,-1,NA,true,9400,4.700,20000
listas,ListaDobleConCola,size,no_vacia,20260931,10,10,2000,8,-1,NA,true,9400,4.700,20000
listas,ListaDobleConCola,size,no_vacia,20260931,10,10,2000,9,-1,NA,true,9800,4.900,20000
listas,ListaDobleConCola,size,no_vacia,20260931,10,10,2000,10,-1,NA,true,16100,8.050,20000
listas,ListaDobleConCola,isEmpty,no_vacia,20260931,10,10,2000,1,-1,NA,true,13300,6.650,0
listas,ListaDobleConCola,isEmpty,no_vacia,20260931,10,10,2000,2,-1,NA,true,12900,6.450,0
listas,ListaDobleConCola,isEmpty,no_vacia,20260931,10,10,2000,3,-1,NA,true,12900,6.450,0
listas,ListaDobleConCola,isEmpty,no_vacia,20260931,10,10,2000,4,-1,NA,true,13100,6.550,0
listas,ListaDobleConCola,isEmpty,no_vacia,20260931,10,10,2000,5,-1,NA,true,13100,6.550,0
listas,ListaDobleConCola,isEmpty,no_vacia,20260931,10,10,2000,6,-1,NA,true,44700,22.350,0
listas,ListaDobleConCola,isEmpty,no_vacia,20260931,10,10,2000,7,-1,NA,true,13600,6.800,0
listas,ListaDobleConCola,isEmpty,no_vacia,20260931,10,10,2000,8,-1,NA,true,13400,6.700,0
listas,ListaDobleConCola,isEmpty,no_vacia,20260931,10,10,2000,9,-1,NA,true,13800,6.900,0
listas,ListaDobleConCola,isEmpty,no_vacia,20260931,10,10,2000,10,-1,NA,true,13700,6.850,0
listas,ListaDobleConCola,pushBack,general,20260931,10,11,200,1,-1,NA,true,24600,123.000,-429496729600
listas,ListaDobleConCola,pushBack,general,20260931,10,11,200,2,-1,NA,true,14300,71.500,-429496729600
listas,ListaDobleConCola,pushBack,general,20260931,10,11,200,3,-1,NA,true,16400,82.000,-429496729600
listas,ListaDobleConCola,pushBack,general,20260931,10,11,200,4,-1,NA,true,16200,81.000,-429496729600
listas,ListaDobleConCola,pushBack,general,20260931,10,11,200,5,-1,NA,true,15300,76.500,-429496729600
listas,ListaDobleConCola,pushBack,general,20260931,10,11,200,6,-1,NA,true,17300,86.500,-429496729600
listas,ListaDobleConCola,pushBack,general,20260931,10,11,200,7,-1,NA,true,14000,70.000,-429496729600
listas,ListaDobleConCola,pushBack,general,20260931,10,11,200,8,-1,NA,true,13800,69.000,-429496729600
listas,ListaDobleConCola,pushBack,general,20260931,10,11,200,9,-1,NA,true,13800,69.000,-429496729600
listas,ListaDobleConCola,pushBack,general,20260931,10,11,200,10,-1,NA,true,13200,66.000,-429496729600
listas,ListaDobleConCola,popBack,general,20260931,10,9,200,1,-1,NA,true,26500,132.500,1000
listas,ListaDobleConCola,popBack,general,20260931,10,9,200,2,-1,NA,true,26000,130.000,1000
listas,ListaDobleConCola,popBack,general,20260931,10,9,200,3,-1,NA,true,27200,136.000,1000
listas,ListaDobleConCola,popBack,general,20260931,10,9,200,4,-1,NA,true,25700,128.500,1000
listas,ListaDobleConCola,popBack,general,20260931,10,9,200,5,-1,NA,true,21400,107.000,1000
listas,ListaDobleConCola,popBack,general,20260931,10,9,200,6,-1,NA,true,20000,100.000,1000
listas,ListaDobleConCola,popBack,general,20260931,10,9,200,7,-1,NA,true,25300,126.500,1000
listas,ListaDobleConCola,popBack,general,20260931,10,9,200,8,-1,NA,true,27400,137.000,1000
listas,ListaDobleConCola,popBack,general,20260931,10,9,200,9,-1,NA,true,26600,133.000,1000
listas,ListaDobleConCola,popBack,general,20260931,10,9,200,10,-1,NA,true,20800,104.000,1000
listas,ListaDobleConCola,topBack,general,20260931,10,10,200,1,-1,NA,true,18900,94.500,1000
listas,ListaDobleConCola,topBack,general,20260931,10,10,200,2,-1,NA,true,19100,95.500,1000
listas,ListaDobleConCola,topBack,general,20260931,10,10,200,3,-1,NA,true,18600,93.000,1000
listas,ListaDobleConCola,topBack,general,20260931,10,10,200,4,-1,NA,true,8100,40.500,1000
listas,ListaDobleConCola,topBack,general,20260931,10,10,200,5,-1,NA,true,5600,28.000,1000
listas,ListaDobleConCola,topBack,general,20260931,10,10,200,6,-1,NA,true,4300,21.500,1000
listas,ListaDobleConCola,topBack,general,20260931,10,10,200,7,-1,NA,true,4800,24.000,1000
listas,ListaDobleConCola,topBack,general,20260931,10,10,200,8,-1,NA,true,4900,24.500,1000
listas,ListaDobleConCola,topBack,general,20260931,10,10,200,9,-1,NA,true,4300,21.500,1000
listas,ListaDobleConCola,topBack,general,20260931,10,10,200,10,-1,NA,true,4200,21.000,1000
listas,ListaDobleConCola,find,inicio,20260931,10,10,200,1,-1,NA,true,25300,126.500,384319112200
listas,ListaDobleConCola,find,inicio,20260931,10,10,200,2,-1,NA,true,29500,147.500,113152076000
listas,ListaDobleConCola,find,inicio,20260931,10,10,200,3,-1,NA,true,6200,31.000,1313363600
listas,ListaDobleConCola,find,inicio,20260931,10,10,200,4,-1,NA,true,5700,28.500,298855846400
listas,ListaDobleConCola,find,inicio,20260931,10,10,200,5,-1,NA,true,5600,28.000,330193496600
listas,ListaDobleConCola,find,inicio,20260931,10,10,200,6,-1,NA,true,5300,26.500,17457035600
listas,ListaDobleConCola,find,inicio,20260931,10,10,200,7,-1,NA,true,5500,27.500,122199634600
listas,ListaDobleConCola,find,inicio,20260931,10,10,200,8,-1,NA,true,5400,27.000,409465943200
listas,ListaDobleConCola,find,inicio,20260931,10,10,200,9,-1,NA,true,5200,26.000,129625872800
listas,ListaDobleConCola,find,inicio,20260931,10,10,200,10,-1,NA,true,6400,32.000,205998295800
listas,ListaDobleConCola,find,medio,20260931,10,10,200,1,-1,NA,true,7700,38.500,21992308200
listas,ListaDobleConCola,find,medio,20260931,10,10,200,2,-1,NA,true,7700,38.500,134140075600
listas,ListaDobleConCola,find,medio,20260931,10,10,200,3,-1,NA,true,8200,41.000,238130965200
listas,ListaDobleConCola,find,medio,20260931,10,10,200,4,-1,NA,true,7900,39.500,221874313800
listas,ListaDobleConCola,find,medio,20260931,10,10,200,5,-1,NA,true,7600,38.000,145778098800
listas,ListaDobleConCola,find,medio,20260931,10,10,200,6,-1,NA,true,7900,39.500,311720065800
listas,ListaDobleConCola,find,medio,20260931,10,10,200,7,-1,NA,true,7800,39.000,127343762400
listas,ListaDobleConCola,find,medio,20260931,10,10,200,8,-1,NA,true,8000,40.000,89010326600
listas,ListaDobleConCola,find,medio,20260931,10,10,200,9,-1,NA,true,7700,38.500,210350890200
listas,ListaDobleConCola,find,medio,20260931,10,10,200,10,-1,NA,true,7700,38.500,269855570800
listas,ListaDobleConCola,find,final,20260931,10,10,200,1,-1,NA,true,9500,47.500,19327999400
listas,ListaDobleConCola,find,final,20260931,10,10,200,2,-1,NA,true,9600,48.000,25778757200
listas,ListaDobleConCola,find,final,20260931,10,10,200,3,-1,NA,true,17000,85.000,346479744400
listas,ListaDobleConCola,find,final,20260931,10,10,200,4,-1,NA,true,12100,60.500,221682279600
listas,ListaDobleConCola,find,final,20260931,10,10,200,5,-1,NA,true,9800,49.000,278887771600
listas,ListaDobleConCola,find,final,20260931,10,10,200,6,-1,NA,true,9700,48.500,116926867200
listas,ListaDobleConCola,find,final,20260931,10,10,200,7,-1,NA,true,9700,48.500,293964359800
listas,ListaDobleConCola,find,final,20260931,10,10,200,8,-1,NA,true,10300,51.500,100252705200
listas,ListaDobleConCola,find,final,20260931,10,10,200,9,-1,NA,true,9200,46.000,125240470800
listas,ListaDobleConCola,find,final,20260931,10,10,200,10,-1,NA,true,9100,45.500,219996695800
listas,ListaDobleConCola,find,ausente,20260931,10,10,200,1,-1,NA,true,9600,48.000,200
listas,ListaDobleConCola,find,ausente,20260931,10,10,200,2,-1,NA,true,9900,49.500,200
listas,ListaDobleConCola,find,ausente,20260931,10,10,200,3,-1,NA,true,10600,53.000,200
listas,ListaDobleConCola,find,ausente,20260931,10,10,200,4,-1,NA,true,10500,52.500,200
listas,ListaDobleConCola,find,ausente,20260931,10,10,200,5,-1,NA,true,9500,47.500,200
listas,ListaDobleConCola,find,ausente,20260931,10,10,200,6,-1,NA,true,9800,49.000,200
listas,ListaDobleConCola,find,ausente,20260931,10,10,200,7,-1,NA,true,10000,50.000,200
listas,ListaDobleConCola,find,ausente,20260931,10,10,200,8,-1,NA,true,9500,47.500,200
listas,ListaDobleConCola,find,ausente,20260931,10,10,200,9,-1,NA,true,10400,52.000,200
listas,ListaDobleConCola,find,ausente,20260931,10,10,200,10,-1,NA,true,9300,46.500,200
listas,ListaDobleConCola,erase,inicio_nodo_prelocalizado,20260931,10,9,200,1,-1,NA,true,14800,74.000,200
listas,ListaDobleConCola,erase,inicio_nodo_prelocalizado,20260931,10,9,200,2,-1,NA,true,16200,81.000,200
listas,ListaDobleConCola,erase,inicio_nodo_prelocalizado,20260931,10,9,200,3,-1,NA,true,20000,100.000,200
listas,ListaDobleConCola,erase,inicio_nodo_prelocalizado,20260931,10,9,200,4,-1,NA,true,20400,102.000,200
listas,ListaDobleConCola,erase,inicio_nodo_prelocalizado,20260931,10,9,200,5,-1,NA,true,18900,94.500,200
listas,ListaDobleConCola,erase,inicio_nodo_prelocalizado,20260931,10,9,200,6,-1,NA,true,12800,64.000,200
listas,ListaDobleConCola,erase,inicio_nodo_prelocalizado,20260931,10,9,200,7,-1,NA,true,15800,79.000,200
listas,ListaDobleConCola,erase,inicio_nodo_prelocalizado,20260931,10,9,200,8,-1,NA,true,22600,113.000,200
listas,ListaDobleConCola,erase,inicio_nodo_prelocalizado,20260931,10,9,200,9,-1,NA,true,13300,66.500,200
listas,ListaDobleConCola,erase,inicio_nodo_prelocalizado,20260931,10,9,200,10,-1,NA,true,13000,65.000,200
listas,ListaDobleConCola,erase,medio_nodo_prelocalizado,20260931,10,9,200,1,-1,NA,true,12900,64.500,1200
listas,ListaDobleConCola,erase,medio_nodo_prelocalizado,20260931,10,9,200,2,-1,NA,true,13600,68.000,1200
listas,ListaDobleConCola,erase,medio_nodo_prelocalizado,20260931,10,9,200,3,-1,NA,true,12400,62.000,1200
listas,ListaDobleConCola,erase,medio_nodo_prelocalizado,20260931,10,9,200,4,-1,NA,true,12500,62.500,1200
listas,ListaDobleConCola,erase,medio_nodo_prelocalizado,20260931,10,9,200,5,-1,NA,true,12300,61.500,1200
listas,ListaDobleConCola,erase,medio_nodo_prelocalizado,20260931,10,9,200,6,-1,NA,true,12400,62.000,1200
listas,ListaDobleConCola,erase,medio_nodo_prelocalizado,20260931,10,9,200,7,-1,NA,true,12800,64.000,1200
listas,ListaDobleConCola,erase,medio_nodo_prelocalizado,20260931,10,9,200,8,-1,NA,true,12500,62.500,1200
listas,ListaDobleConCola,erase,medio_nodo_prelocalizado,20260931,10,9,200,9,-1,NA,true,12800,64.000,1200
listas,ListaDobleConCola,erase,medio_nodo_prelocalizado,20260931,10,9,200,10,-1,NA,true,12300,61.500,1200
listas,ListaDobleConCola,erase,final_nodo_prelocalizado,20260931,10,9,200,1,-1,NA,true,5600,28.000,1000
listas,ListaDobleConCola,erase,final_nodo_prelocalizado,20260931,10,9,200,2,-1,NA,true,5000,25.000,1000
listas,ListaDobleConCola,erase,final_nodo_prelocalizado,20260931,10,9,200,3,-1,NA,true,4600,23.000,1000
listas,ListaDobleConCola,erase,final_nodo_prelocalizado,20260931,10,9,200,4,-1,NA,true,15200,76.000,1000
listas,ListaDobleConCola,erase,final_nodo_prelocalizado,20260931,10,9,200,5,-1,NA,true,6000,30.000,1000
listas,ListaDobleConCola,erase,final_nodo_prelocalizado,20260931,10,9,200,6,-1,NA,true,5900,29.500,1000
listas,ListaDobleConCola,erase,final_nodo_prelocalizado,20260931,10,9,200,7,-1,NA,true,5900,29.500,1000
listas,ListaDobleConCola,erase,final_nodo_prelocalizado,20260931,10,9,200,8,-1,NA,true,5800,29.000,1000
listas,ListaDobleConCola,erase,final_nodo_prelocalizado,20260931,10,9,200,9,-1,NA,true,6400,32.000,1000
listas,ListaDobleConCola,erase,final_nodo_prelocalizado,20260931,10,9,200,10,-1,NA,true,6100,30.500,1000
listas,ListaDobleConCola,addBefore,inicio_nodo_prelocalizado,20260931,10,11,200,1,-1,NA,true,25100,125.500,2200
listas,ListaDobleConCola,addBefore,inicio_nodo_prelocalizado,20260931,10,11,200,2,-1,NA,true,26900,134.500,2200
listas,ListaDobleConCola,addBefore,inicio_nodo_prelocalizado,20260931,10,11,200,3,-1,NA,true,28800,144.000,2200
listas,ListaDobleConCola,addBefore,inicio_nodo_prelocalizado,20260931,10,11,200,4,-1,NA,true,23200,116.000,2200
listas,ListaDobleConCola,addBefore,inicio_nodo_prelocalizado,20260931,10,11,200,5,-1,NA,true,23400,117.000,2200
listas,ListaDobleConCola,addBefore,inicio_nodo_prelocalizado,20260931,10,11,200,6,-1,NA,true,23900,119.500,2200
listas,ListaDobleConCola,addBefore,inicio_nodo_prelocalizado,20260931,10,11,200,7,-1,NA,true,23300,116.500,2200
listas,ListaDobleConCola,addBefore,inicio_nodo_prelocalizado,20260931,10,11,200,8,-1,NA,true,26400,132.000,2200
listas,ListaDobleConCola,addBefore,inicio_nodo_prelocalizado,20260931,10,11,200,9,-1,NA,true,26900,134.500,2200
listas,ListaDobleConCola,addBefore,inicio_nodo_prelocalizado,20260931,10,11,200,10,-1,NA,true,26200,131.000,2200
listas,ListaDobleConCola,addBefore,medio_nodo_prelocalizado,20260931,10,11,200,1,-1,NA,true,22200,111.000,2200
listas,ListaDobleConCola,addBefore,medio_nodo_prelocalizado,20260931,10,11,200,2,-1,NA,true,22900,114.500,2200
listas,ListaDobleConCola,addBefore,medio_nodo_prelocalizado,20260931,10,11,200,3,-1,NA,true,25800,129.000,2200
listas,ListaDobleConCola,addBefore,medio_nodo_prelocalizado,20260931,10,11,200,4,-1,NA,true,27900,139.500,2200
listas,ListaDobleConCola,addBefore,medio_nodo_prelocalizado,20260931,10,11,200,5,-1,NA,true,13600,68.000,2200
listas,ListaDobleConCola,addBefore,medio_nodo_prelocalizado,20260931,10,11,200,6,-1,NA,true,12100,60.500,2200
listas,ListaDobleConCola,addBefore,medio_nodo_prelocalizado,20260931,10,11,200,7,-1,NA,true,15100,75.500,2200
listas,ListaDobleConCola,addBefore,medio_nodo_prelocalizado,20260931,10,11,200,8,-1,NA,true,11900,59.500,2200
listas,ListaDobleConCola,addBefore,medio_nodo_prelocalizado,20260931,10,11,200,9,-1,NA,true,11600,58.000,2200
listas,ListaDobleConCola,addBefore,medio_nodo_prelocalizado,20260931,10,11,200,10,-1,NA,true,15000,75.000,2200
listas,ListaDobleConCola,addBefore,final_nodo_prelocalizado,20260931,10,11,200,1,-1,NA,true,18800,94.000,2200
listas,ListaDobleConCola,addBefore,final_nodo_prelocalizado,20260931,10,11,200,2,-1,NA,true,12500,62.500,2200
listas,ListaDobleConCola,addBefore,final_nodo_prelocalizado,20260931,10,11,200,3,-1,NA,true,11200,56.000,2200
listas,ListaDobleConCola,addBefore,final_nodo_prelocalizado,20260931,10,11,200,4,-1,NA,true,10800,54.000,2200
listas,ListaDobleConCola,addBefore,final_nodo_prelocalizado,20260931,10,11,200,5,-1,NA,true,13500,67.500,2200
listas,ListaDobleConCola,addBefore,final_nodo_prelocalizado,20260931,10,11,200,6,-1,NA,true,11500,57.500,2200
listas,ListaDobleConCola,addBefore,final_nodo_prelocalizado,20260931,10,11,200,7,-1,NA,true,10900,54.500,2200
listas,ListaDobleConCola,addBefore,final_nodo_prelocalizado,20260931,10,11,200,8,-1,NA,true,11300,56.500,2200
listas,ListaDobleConCola,addBefore,final_nodo_prelocalizado,20260931,10,11,200,9,-1,NA,true,13700,68.500,2200
listas,ListaDobleConCola,addBefore,final_nodo_prelocalizado,20260931,10,11,200,10,-1,NA,true,11100,55.500,2200
listas,ListaDobleConCola,addAfter,inicio_nodo_prelocalizado,20260931,10,11,200,1,-1,NA,true,6000,30.000,2200
listas,ListaDobleConCola,addAfter,inicio_nodo_prelocalizado,20260931,10,11,200,2,-1,NA,true,6200,31.000,2200
listas,ListaDobleConCola,addAfter,inicio_nodo_prelocalizado,20260931,10,11,200,3,-1,NA,true,15200,76.000,2200
listas,ListaDobleConCola,addAfter,inicio_nodo_prelocalizado,20260931,10,11,200,4,-1,NA,true,6800,34.000,2200
listas,ListaDobleConCola,addAfter,inicio_nodo_prelocalizado,20260931,10,11,200,5,-1,NA,true,6200,31.000,2200
listas,ListaDobleConCola,addAfter,inicio_nodo_prelocalizado,20260931,10,11,200,6,-1,NA,true,6700,33.500,2200
listas,ListaDobleConCola,addAfter,inicio_nodo_prelocalizado,20260931,10,11,200,7,-1,NA,true,6300,31.500,2200
listas,ListaDobleConCola,addAfter,inicio_nodo_prelocalizado,20260931,10,11,200,8,-1,NA,true,6600,33.000,2200
listas,ListaDobleConCola,addAfter,inicio_nodo_prelocalizado,20260931,10,11,200,9,-1,NA,true,6200,31.000,2200
listas,ListaDobleConCola,addAfter,inicio_nodo_prelocalizado,20260931,10,11,200,10,-1,NA,true,6300,31.500,2200
listas,ListaDobleConCola,addAfter,medio_nodo_prelocalizado,20260931,10,11,200,1,-1,NA,true,6100,30.500,2200
listas,ListaDobleConCola,addAfter,medio_nodo_prelocalizado,20260931,10,11,200,2,-1,NA,true,6400,32.000,2200
listas,ListaDobleConCola,addAfter,medio_nodo_prelocalizado,20260931,10,11,200,3,-1,NA,true,19500,97.500,2200
listas,ListaDobleConCola,addAfter,medio_nodo_prelocalizado,20260931,10,11,200,4,-1,NA,true,6000,30.000,2200
listas,ListaDobleConCola,addAfter,medio_nodo_prelocalizado,20260931,10,11,200,5,-1,NA,true,6000,30.000,2200
listas,ListaDobleConCola,addAfter,medio_nodo_prelocalizado,20260931,10,11,200,6,-1,NA,true,6700,33.500,2200
listas,ListaDobleConCola,addAfter,medio_nodo_prelocalizado,20260931,10,11,200,7,-1,NA,true,11000,55.000,2200
listas,ListaDobleConCola,addAfter,medio_nodo_prelocalizado,20260931,10,11,200,8,-1,NA,true,9100,45.500,2200
listas,ListaDobleConCola,addAfter,medio_nodo_prelocalizado,20260931,10,11,200,9,-1,NA,true,6400,32.000,2200
listas,ListaDobleConCola,addAfter,medio_nodo_prelocalizado,20260931,10,11,200,10,-1,NA,true,6400,32.000,2200
listas,ListaDobleConCola,addAfter,final_nodo_prelocalizado,20260931,10,11,200,1,-1,NA,true,6700,33.500,2200
listas,ListaDobleConCola,addAfter,final_nodo_prelocalizado,20260931,10,11,200,2,-1,NA,true,6300,31.500,2200
listas,ListaDobleConCola,addAfter,final_nodo_prelocalizado,20260931,10,11,200,3,-1,NA,true,6700,33.500,2200
listas,ListaDobleConCola,addAfter,final_nodo_prelocalizado,20260931,10,11,200,4,-1,NA,true,6800,34.000,2200
listas,ListaDobleConCola,addAfter,final_nodo_prelocalizado,20260931,10,11,200,5,-1,NA,true,6300,31.500,2200
listas,ListaDobleConCola,addAfter,final_nodo_prelocalizado,20260931,10,11,200,6,-1,NA,true,9900,49.500,2200
listas,ListaDobleConCola,addAfter,final_nodo_prelocalizado,20260931,10,11,200,7,-1,NA,true,5500,27.500,2200
listas,ListaDobleConCola,addAfter,final_nodo_prelocalizado,20260931,10,11,200,8,-1,NA,true,6200,31.000,2200
listas,ListaDobleConCola,addAfter,final_nodo_prelocalizado,20260931,10,11,200,9,-1,NA,true,6400,32.000,2200
listas,ListaDobleConCola,addAfter,final_nodo_prelocalizado,20260931,10,11,200,10,-1,NA,true,8500,42.500,2200
listas,ListaSimpleConCola,pushFront,general,20261021,100,101,2000,1,-1,NA,true,61000,30.500,-4294967296000
listas,ListaSimpleConCola,pushFront,general,20261021,100,101,2000,2,-1,NA,true,55100,27.550,-4294967296000
listas,ListaSimpleConCola,pushFront,general,20261021,100,101,2000,3,-1,NA,true,78500,39.250,-4294967296000
listas,ListaSimpleConCola,pushFront,general,20261021,100,101,2000,4,-1,NA,true,56300,28.150,-4294967296000
listas,ListaSimpleConCola,pushFront,general,20261021,100,101,2000,5,-1,NA,true,60700,30.350,-4294967296000
listas,ListaSimpleConCola,pushFront,general,20261021,100,101,2000,6,-1,NA,true,55000,27.500,-4294967296000
listas,ListaSimpleConCola,pushFront,general,20261021,100,101,2000,7,-1,NA,true,57100,28.550,-4294967296000
listas,ListaSimpleConCola,pushFront,general,20261021,100,101,2000,8,-1,NA,true,54200,27.100,-4294967296000
listas,ListaSimpleConCola,pushFront,general,20261021,100,101,2000,9,-1,NA,true,52300,26.150,-4294967296000
listas,ListaSimpleConCola,pushFront,general,20261021,100,101,2000,10,-1,NA,true,48600,24.300,-4294967296000
listas,ListaSimpleConCola,popFront,general,20261021,100,99,2000,1,-1,NA,true,55000,27.500,22000
listas,ListaSimpleConCola,popFront,general,20261021,100,99,2000,2,-1,NA,true,53800,26.900,22000
listas,ListaSimpleConCola,popFront,general,20261021,100,99,2000,3,-1,NA,true,101200,50.600,22000
listas,ListaSimpleConCola,popFront,general,20261021,100,99,2000,4,-1,NA,true,51200,25.600,22000
listas,ListaSimpleConCola,popFront,general,20261021,100,99,2000,5,-1,NA,true,49900,24.950,22000
listas,ListaSimpleConCola,popFront,general,20261021,100,99,2000,6,-1,NA,true,57200,28.600,22000
listas,ListaSimpleConCola,popFront,general,20261021,100,99,2000,7,-1,NA,true,52400,26.200,22000
listas,ListaSimpleConCola,popFront,general,20261021,100,99,2000,8,-1,NA,true,50100,25.050,22000
listas,ListaSimpleConCola,popFront,general,20261021,100,99,2000,9,-1,NA,true,51900,25.950,22000
listas,ListaSimpleConCola,popFront,general,20261021,100,99,2000,10,-1,NA,true,47300,23.650,22000
listas,ListaSimpleConCola,topFront,general,20261021,100,100,2000,1,-1,NA,true,10900,5.450,22000
listas,ListaSimpleConCola,topFront,general,20261021,100,100,2000,2,-1,NA,true,10900,5.450,22000
listas,ListaSimpleConCola,topFront,general,20261021,100,100,2000,3,-1,NA,true,47400,23.700,22000
listas,ListaSimpleConCola,topFront,general,20261021,100,100,2000,4,-1,NA,true,10700,5.350,22000
listas,ListaSimpleConCola,topFront,general,20261021,100,100,2000,5,-1,NA,true,10600,5.300,22000
listas,ListaSimpleConCola,topFront,general,20261021,100,100,2000,6,-1,NA,true,11100,5.550,22000
listas,ListaSimpleConCola,topFront,general,20261021,100,100,2000,7,-1,NA,true,31800,15.900,22000
listas,ListaSimpleConCola,topFront,general,20261021,100,100,2000,8,-1,NA,true,21000,10.500,22000
listas,ListaSimpleConCola,topFront,general,20261021,100,100,2000,9,-1,NA,true,10700,5.350,22000
listas,ListaSimpleConCola,topFront,general,20261021,100,100,2000,10,-1,NA,true,10700,5.350,22000
listas,ListaSimpleConCola,size,no_vacia,20261021,100,100,2000,1,-1,NA,true,10200,5.100,200000
listas,ListaSimpleConCola,size,no_vacia,20261021,100,100,2000,2,-1,NA,true,38600,19.300,200000
listas,ListaSimpleConCola,size,no_vacia,20261021,100,100,2000,3,-1,NA,true,5500,2.750,200000
listas,ListaSimpleConCola,size,no_vacia,20261021,100,100,2000,4,-1,NA,true,5400,2.700,200000
listas,ListaSimpleConCola,size,no_vacia,20261021,100,100,2000,5,-1,NA,true,5300,2.650,200000
listas,ListaSimpleConCola,size,no_vacia,20261021,100,100,2000,6,-1,NA,true,32800,16.400,200000
listas,ListaSimpleConCola,size,no_vacia,20261021,100,100,2000,7,-1,NA,true,5300,2.650,200000
listas,ListaSimpleConCola,size,no_vacia,20261021,100,100,2000,8,-1,NA,true,5400,2.700,200000
listas,ListaSimpleConCola,size,no_vacia,20261021,100,100,2000,9,-1,NA,true,5300,2.650,200000
listas,ListaSimpleConCola,size,no_vacia,20261021,100,100,2000,10,-1,NA,true,21100,10.550,200000
listas,ListaSimpleConCola,isEmpty,no_vacia,20261021,100,100,2000,1,-1,NA,true,12500,6.250,0
listas,ListaSimpleConCola,isEmpty,no_vacia,20261021,100,100,2000,2,-1,NA,true,12700,6.350,0
listas,ListaSimpleConCola,isEmpty,no_vacia,20261021,100,100,2000,3,-1,NA,true,77600,38.800,0
listas,ListaSimpleConCola,isEmpty,no_vacia,20261021,100,100,2000,4,-1,NA,true,12900,6.450,0
listas,ListaSimpleConCola,isEmpty,no_vacia,20261021,100,100,2000,5,-1,NA,true,12600,6.300,0
listas,ListaSimpleConCola,isEmpty,no_vacia,20261021,100,100,2000,6,-1,NA,true,12700,6.350,0
listas,ListaSimpleConCola,isEmpty,no_vacia,20261021,100,100,2000,7,-1,NA,true,59700,29.850,0
listas,ListaSimpleConCola,isEmpty,no_vacia,20261021,100,100,2000,8,-1,NA,true,15600,7.800,0
listas,ListaSimpleConCola,isEmpty,no_vacia,20261021,100,100,2000,9,-1,NA,true,13700,6.850,0
listas,ListaSimpleConCola,isEmpty,no_vacia,20261021,100,100,2000,10,-1,NA,true,12800,6.400,0
listas,ListaSimpleConCola,pushBack,general,20261021,100,101,200,1,-1,NA,true,10100,50.500,-429496729600
listas,ListaSimpleConCola,pushBack,general,20261021,100,101,200,2,-1,NA,true,10800,54.000,-429496729600
listas,ListaSimpleConCola,pushBack,general,20261021,100,101,200,3,-1,NA,true,10700,53.500,-429496729600
listas,ListaSimpleConCola,pushBack,general,20261021,100,101,200,4,-1,NA,true,11000,55.000,-429496729600
listas,ListaSimpleConCola,pushBack,general,20261021,100,101,200,5,-1,NA,true,11800,59.000,-429496729600
listas,ListaSimpleConCola,pushBack,general,20261021,100,101,200,6,-1,NA,true,10700,53.500,-429496729600
listas,ListaSimpleConCola,pushBack,general,20261021,100,101,200,7,-1,NA,true,10600,53.000,-429496729600
listas,ListaSimpleConCola,pushBack,general,20261021,100,101,200,8,-1,NA,true,10100,50.500,-429496729600
listas,ListaSimpleConCola,pushBack,general,20261021,100,101,200,9,-1,NA,true,8300,41.500,-429496729600
listas,ListaSimpleConCola,pushBack,general,20261021,100,101,200,10,-1,NA,true,9400,47.000,-429496729600
listas,ListaSimpleConCola,popBack,general,20261021,100,99,200,1,-1,NA,true,27600,138.000,17600
listas,ListaSimpleConCola,popBack,general,20261021,100,99,200,2,-1,NA,true,27000,135.000,17600
listas,ListaSimpleConCola,popBack,general,20261021,100,99,200,3,-1,NA,true,27800,139.000,17600
listas,ListaSimpleConCola,popBack,general,20261021,100,99,200,4,-1,NA,true,27500,137.500,17600
listas,ListaSimpleConCola,popBack,general,20261021,100,99,200,5,-1,NA,true,34100,170.500,17600
listas,ListaSimpleConCola,popBack,general,20261021,100,99,200,6,-1,NA,true,27500,137.500,17600
listas,ListaSimpleConCola,popBack,general,20261021,100,99,200,7,-1,NA,true,27900,139.500,17600
listas,ListaSimpleConCola,popBack,general,20261021,100,99,200,8,-1,NA,true,27500,137.500,17600
listas,ListaSimpleConCola,popBack,general,20261021,100,99,200,9,-1,NA,true,28900,144.500,17600
listas,ListaSimpleConCola,popBack,general,20261021,100,99,200,10,-1,NA,true,27400,137.000,17600
listas,ListaSimpleConCola,topBack,general,20261021,100,100,200,1,-1,NA,true,4700,23.500,17600
listas,ListaSimpleConCola,topBack,general,20261021,100,100,200,2,-1,NA,true,4900,24.500,17600
listas,ListaSimpleConCola,topBack,general,20261021,100,100,200,3,-1,NA,true,4600,23.000,17600
listas,ListaSimpleConCola,topBack,general,20261021,100,100,200,4,-1,NA,true,4900,24.500,17600
listas,ListaSimpleConCola,topBack,general,20261021,100,100,200,5,-1,NA,true,4700,23.500,17600
listas,ListaSimpleConCola,topBack,general,20261021,100,100,200,6,-1,NA,true,4900,24.500,17600
listas,ListaSimpleConCola,topBack,general,20261021,100,100,200,7,-1,NA,true,5200,26.000,17600
listas,ListaSimpleConCola,topBack,general,20261021,100,100,200,8,-1,NA,true,4900,24.500,17600
listas,ListaSimpleConCola,topBack,general,20261021,100,100,200,9,-1,NA,true,22100,110.500,17600
listas,ListaSimpleConCola,topBack,general,20261021,100,100,200,10,-1,NA,true,4900,24.500,17600
listas,ListaSimpleConCola,find,inicio,20261021,100,100,200,1,-1,NA,true,6700,33.500,311018752400
listas,ListaSimpleConCola,find,inicio,20261021,100,100,200,2,-1,NA,true,6700,33.500,238180083400
listas,ListaSimpleConCola,find,inicio,20261021,100,100,200,3,-1,NA,true,4500,22.500,75822094600
listas,ListaSimpleConCola,find,inicio,20261021,100,100,200,4,-1,NA,true,6000,30.000,19910077800
listas,ListaSimpleConCola,find,inicio,20261021,100,100,200,5,-1,NA,true,6700,33.500,319784845400
listas,ListaSimpleConCola,find,inicio,20261021,100,100,200,6,-1,NA,true,6000,30.000,228949673800
listas,ListaSimpleConCola,find,inicio,20261021,100,100,200,7,-1,NA,true,6000,30.000,68174186200
listas,ListaSimpleConCola,find,inicio,20261021,100,100,200,8,-1,NA,true,3700,18.500,353661107200
listas,ListaSimpleConCola,find,inicio,20261021,100,100,200,9,-1,NA,true,5800,29.000,306077738000
listas,ListaSimpleConCola,find,inicio,20261021,100,100,200,10,-1,NA,true,5200,26.000,229348714400
listas,ListaSimpleConCola,find,medio,20261021,100,100,200,1,-1,NA,true,18900,94.500,117974746200
listas,ListaSimpleConCola,find,medio,20261021,100,100,200,2,-1,NA,true,15400,77.000,40001281200
listas,ListaSimpleConCola,find,medio,20261021,100,100,200,3,-1,NA,true,14500,72.500,410400315400
listas,ListaSimpleConCola,find,medio,20261021,100,100,200,4,-1,NA,true,16100,80.500,232052986000
listas,ListaSimpleConCola,find,medio,20261021,100,100,200,5,-1,NA,true,14300,71.500,108944838000
listas,ListaSimpleConCola,find,medio,20261021,100,100,200,6,-1,NA,true,14200,71.000,394487820200
listas,ListaSimpleConCola,find,medio,20261021,100,100,200,7,-1,NA,true,13900,69.500,401465747400
listas,ListaSimpleConCola,find,medio,20261021,100,100,200,8,-1,NA,true,14100,70.500,387325688600
listas,ListaSimpleConCola,find,medio,20261021,100,100,200,9,-1,NA,true,14400,72.000,366181647200
listas,ListaSimpleConCola,find,medio,20261021,100,100,200,10,-1,NA,true,14100,70.500,55526001000
listas,ListaSimpleConCola,find,final,20261021,100,100,200,1,-1,NA,true,26500,132.500,134115337000
listas,ListaSimpleConCola,find,final,20261021,100,100,200,2,-1,NA,true,26500,132.500,259928267200
listas,ListaSimpleConCola,find,final,20261021,100,100,200,3,-1,NA,true,26600,133.000,152861783600
listas,ListaSimpleConCola,find,final,20261021,100,100,200,4,-1,NA,true,26400,132.000,119689372200
listas,ListaSimpleConCola,find,final,20261021,100,100,200,5,-1,NA,true,26400,132.000,232216476200
listas,ListaSimpleConCola,find,final,20261021,100,100,200,6,-1,NA,true,26400,132.000,213587782400
listas,ListaSimpleConCola,find,final,20261021,100,100,200,7,-1,NA,true,26900,134.500,327501311800
listas,ListaSimpleConCola,find,final,20261021,100,100,200,8,-1,NA,true,27700,138.500,103476082000
listas,ListaSimpleConCola,find,final,20261021,100,100,200,9,-1,NA,true,26500,132.500,423451043800
listas,ListaSimpleConCola,find,final,20261021,100,100,200,10,-1,NA,true,26600,133.000,411706976200
listas,ListaSimpleConCola,find,ausente,20261021,100,100,200,1,-1,NA,true,24300,121.500,200
listas,ListaSimpleConCola,find,ausente,20261021,100,100,200,2,-1,NA,true,24600,123.000,200
listas,ListaSimpleConCola,find,ausente,20261021,100,100,200,3,-1,NA,true,25000,125.000,200
listas,ListaSimpleConCola,find,ausente,20261021,100,100,200,4,-1,NA,true,25500,127.500,200
listas,ListaSimpleConCola,find,ausente,20261021,100,100,200,5,-1,NA,true,24600,123.000,200
listas,ListaSimpleConCola,find,ausente,20261021,100,100,200,6,-1,NA,true,25300,126.500,200
listas,ListaSimpleConCola,find,ausente,20261021,100,100,200,7,-1,NA,true,30000,150.000,200
listas,ListaSimpleConCola,find,ausente,20261021,100,100,200,8,-1,NA,true,27000,135.000,200
listas,ListaSimpleConCola,find,ausente,20261021,100,100,200,9,-1,NA,true,27400,137.000,200
listas,ListaSimpleConCola,find,ausente,20261021,100,100,200,10,-1,NA,true,26700,133.500,200
listas,ListaSimpleConCola,erase,inicio_nodo_prelocalizado,20261021,100,99,200,1,-1,NA,true,4800,24.000,2200
listas,ListaSimpleConCola,erase,inicio_nodo_prelocalizado,20261021,100,99,200,2,-1,NA,true,4900,24.500,2200
listas,ListaSimpleConCola,erase,inicio_nodo_prelocalizado,20261021,100,99,200,3,-1,NA,true,5200,26.000,2200
listas,ListaSimpleConCola,erase,inicio_nodo_prelocalizado,20261021,100,99,200,4,-1,NA,true,5900,29.500,2200
listas,ListaSimpleConCola,erase,inicio_nodo_prelocalizado,20261021,100,99,200,5,-1,NA,true,5100,25.500,2200
listas,ListaSimpleConCola,erase,inicio_nodo_prelocalizado,20261021,100,99,200,6,-1,NA,true,4800,24.000,2200
listas,ListaSimpleConCola,erase,inicio_nodo_prelocalizado,20261021,100,99,200,7,-1,NA,true,6100,30.500,2200
listas,ListaSimpleConCola,erase,inicio_nodo_prelocalizado,20261021,100,99,200,8,-1,NA,true,4900,24.500,2200
listas,ListaSimpleConCola,erase,inicio_nodo_prelocalizado,20261021,100,99,200,9,-1,NA,true,5100,25.500,2200
listas,ListaSimpleConCola,erase,inicio_nodo_prelocalizado,20261021,100,99,200,10,-1,NA,true,5200,26.000,2200
listas,ListaSimpleConCola,erase,medio_nodo_prelocalizado,20261021,100,99,200,1,-1,NA,true,15200,76.000,6000
listas,ListaSimpleConCola,erase,medio_nodo_prelocalizado,20261021,100,99,200,2,-1,NA,true,14000,70.000,6000
listas,ListaSimpleConCola,erase,medio_nodo_prelocalizado,20261021,100,99,200,3,-1,NA,true,14800,74.000,6000
listas,ListaSimpleConCola,erase,medio_nodo_prelocalizado,20261021,100,99,200,4,-1,NA,true,13700,68.500,6000
listas,ListaSimpleConCola,erase,medio_nodo_prelocalizado,20261021,100,99,200,5,-1,NA,true,13500,67.500,6000
listas,ListaSimpleConCola,erase,medio_nodo_prelocalizado,20261021,100,99,200,6,-1,NA,true,13900,69.500,6000
listas,ListaSimpleConCola,erase,medio_nodo_prelocalizado,20261021,100,99,200,7,-1,NA,true,13900,69.500,6000
listas,ListaSimpleConCola,erase,medio_nodo_prelocalizado,20261021,100,99,200,8,-1,NA,true,13200,66.000,6000
listas,ListaSimpleConCola,erase,medio_nodo_prelocalizado,20261021,100,99,200,9,-1,NA,true,13800,69.000,6000
listas,ListaSimpleConCola,erase,medio_nodo_prelocalizado,20261021,100,99,200,10,-1,NA,true,14200,71.000,6000
listas,ListaSimpleConCola,erase,final_nodo_prelocalizado,20261021,100,99,200,1,-1,NA,true,25200,126.000,17600
listas,ListaSimpleConCola,erase,final_nodo_prelocalizado,20261021,100,99,200,2,-1,NA,true,24500,122.500,17600
listas,ListaSimpleConCola,erase,final_nodo_prelocalizado,20261021,100,99,200,3,-1,NA,true,24800,124.000,17600
listas,ListaSimpleConCola,erase,final_nodo_prelocalizado,20261021,100,99,200,4,-1,NA,true,23400,117.000,17600
listas,ListaSimpleConCola,erase,final_nodo_prelocalizado,20261021,100,99,200,5,-1,NA,true,24800,124.000,17600
listas,ListaSimpleConCola,erase,final_nodo_prelocalizado,20261021,100,99,200,6,-1,NA,true,23600,118.000,17600
listas,ListaSimpleConCola,erase,final_nodo_prelocalizado,20261021,100,99,200,7,-1,NA,true,24300,121.500,17600
listas,ListaSimpleConCola,erase,final_nodo_prelocalizado,20261021,100,99,200,8,-1,NA,true,25000,125.000,17600
listas,ListaSimpleConCola,erase,final_nodo_prelocalizado,20261021,100,99,200,9,-1,NA,true,23900,119.500,17600
listas,ListaSimpleConCola,erase,final_nodo_prelocalizado,20261021,100,99,200,10,-1,NA,true,27000,135.000,17600
listas,ListaSimpleConCola,addBefore,inicio_nodo_prelocalizado,20261021,100,101,200,1,-1,NA,true,5200,26.000,20200
listas,ListaSimpleConCola,addBefore,inicio_nodo_prelocalizado,20261021,100,101,200,2,-1,NA,true,8000,40.000,20200
listas,ListaSimpleConCola,addBefore,inicio_nodo_prelocalizado,20261021,100,101,200,3,-1,NA,true,5000,25.000,20200
listas,ListaSimpleConCola,addBefore,inicio_nodo_prelocalizado,20261021,100,101,200,4,-1,NA,true,5100,25.500,20200
listas,ListaSimpleConCola,addBefore,inicio_nodo_prelocalizado,20261021,100,101,200,5,-1,NA,true,5200,26.000,20200
listas,ListaSimpleConCola,addBefore,inicio_nodo_prelocalizado,20261021,100,101,200,6,-1,NA,true,7000,35.000,20200
listas,ListaSimpleConCola,addBefore,inicio_nodo_prelocalizado,20261021,100,101,200,7,-1,NA,true,5300,26.500,20200
listas,ListaSimpleConCola,addBefore,inicio_nodo_prelocalizado,20261021,100,101,200,8,-1,NA,true,5000,25.000,20200
listas,ListaSimpleConCola,addBefore,inicio_nodo_prelocalizado,20261021,100,101,200,9,-1,NA,true,5200,26.000,20200
listas,ListaSimpleConCola,addBefore,inicio_nodo_prelocalizado,20261021,100,101,200,10,-1,NA,true,7300,36.500,20200
listas,ListaSimpleConCola,addBefore,medio_nodo_prelocalizado,20261021,100,101,200,1,-1,NA,true,13800,69.000,20200
listas,ListaSimpleConCola,addBefore,medio_nodo_prelocalizado,20261021,100,101,200,2,-1,NA,true,14200,71.000,20200
listas,ListaSimpleConCola,addBefore,medio_nodo_prelocalizado,20261021,100,101,200,3,-1,NA,true,13800,69.000,20200
listas,ListaSimpleConCola,addBefore,medio_nodo_prelocalizado,20261021,100,101,200,4,-1,NA,true,16300,81.500,20200
listas,ListaSimpleConCola,addBefore,medio_nodo_prelocalizado,20261021,100,101,200,5,-1,NA,true,13200,66.000,20200
listas,ListaSimpleConCola,addBefore,medio_nodo_prelocalizado,20261021,100,101,200,6,-1,NA,true,14400,72.000,20200
listas,ListaSimpleConCola,addBefore,medio_nodo_prelocalizado,20261021,100,101,200,7,-1,NA,true,14100,70.500,20200
listas,ListaSimpleConCola,addBefore,medio_nodo_prelocalizado,20261021,100,101,200,8,-1,NA,true,14000,70.000,20200
listas,ListaSimpleConCola,addBefore,medio_nodo_prelocalizado,20261021,100,101,200,9,-1,NA,true,13700,68.500,20200
listas,ListaSimpleConCola,addBefore,medio_nodo_prelocalizado,20261021,100,101,200,10,-1,NA,true,13300,66.500,20200
listas,ListaSimpleConCola,addBefore,final_nodo_prelocalizado,20261021,100,101,200,1,-1,NA,true,23800,119.000,20200
listas,ListaSimpleConCola,addBefore,final_nodo_prelocalizado,20261021,100,101,200,2,-1,NA,true,25500,127.500,20200
listas,ListaSimpleConCola,addBefore,final_nodo_prelocalizado,20261021,100,101,200,3,-1,NA,true,24600,123.000,20200
listas,ListaSimpleConCola,addBefore,final_nodo_prelocalizado,20261021,100,101,200,4,-1,NA,true,24400,122.000,20200
listas,ListaSimpleConCola,addBefore,final_nodo_prelocalizado,20261021,100,101,200,5,-1,NA,true,24200,121.000,20200
listas,ListaSimpleConCola,addBefore,final_nodo_prelocalizado,20261021,100,101,200,6,-1,NA,true,24600,123.000,20200
listas,ListaSimpleConCola,addBefore,final_nodo_prelocalizado,20261021,100,101,200,7,-1,NA,true,25000,125.000,20200
listas,ListaSimpleConCola,addBefore,final_nodo_prelocalizado,20261021,100,101,200,8,-1,NA,true,24500,122.500,20200
listas,ListaSimpleConCola,addBefore,final_nodo_prelocalizado,20261021,100,101,200,9,-1,NA,true,24600,123.000,20200
listas,ListaSimpleConCola,addBefore,final_nodo_prelocalizado,20261021,100,101,200,10,-1,NA,true,25700,128.500,20200
listas,ListaSimpleConCola,addAfter,inicio_nodo_prelocalizado,20261021,100,101,200,1,-1,NA,true,8400,42.000,20200
listas,ListaSimpleConCola,addAfter,inicio_nodo_prelocalizado,20261021,100,101,200,2,-1,NA,true,5400,27.000,20200
listas,ListaSimpleConCola,addAfter,inicio_nodo_prelocalizado,20261021,100,101,200,3,-1,NA,true,5200,26.000,20200
listas,ListaSimpleConCola,addAfter,inicio_nodo_prelocalizado,20261021,100,101,200,4,-1,NA,true,5400,27.000,20200
listas,ListaSimpleConCola,addAfter,inicio_nodo_prelocalizado,20261021,100,101,200,5,-1,NA,true,5200,26.000,20200
listas,ListaSimpleConCola,addAfter,inicio_nodo_prelocalizado,20261021,100,101,200,6,-1,NA,true,5100,25.500,20200
listas,ListaSimpleConCola,addAfter,inicio_nodo_prelocalizado,20261021,100,101,200,7,-1,NA,true,5300,26.500,20200
listas,ListaSimpleConCola,addAfter,inicio_nodo_prelocalizado,20261021,100,101,200,8,-1,NA,true,5100,25.500,20200
listas,ListaSimpleConCola,addAfter,inicio_nodo_prelocalizado,20261021,100,101,200,9,-1,NA,true,5200,26.000,20200
listas,ListaSimpleConCola,addAfter,inicio_nodo_prelocalizado,20261021,100,101,200,10,-1,NA,true,5000,25.000,20200
listas,ListaSimpleConCola,addAfter,medio_nodo_prelocalizado,20261021,100,101,200,1,-1,NA,true,4900,24.500,20200
listas,ListaSimpleConCola,addAfter,medio_nodo_prelocalizado,20261021,100,101,200,2,-1,NA,true,3600,18.000,20200
listas,ListaSimpleConCola,addAfter,medio_nodo_prelocalizado,20261021,100,101,200,3,-1,NA,true,3600,18.000,20200
listas,ListaSimpleConCola,addAfter,medio_nodo_prelocalizado,20261021,100,101,200,4,-1,NA,true,6600,33.000,20200
listas,ListaSimpleConCola,addAfter,medio_nodo_prelocalizado,20261021,100,101,200,5,-1,NA,true,5200,26.000,20200
listas,ListaSimpleConCola,addAfter,medio_nodo_prelocalizado,20261021,100,101,200,6,-1,NA,true,1500,7.500,20200
listas,ListaSimpleConCola,addAfter,medio_nodo_prelocalizado,20261021,100,101,200,7,-1,NA,true,3600,18.000,20200
listas,ListaSimpleConCola,addAfter,medio_nodo_prelocalizado,20261021,100,101,200,8,-1,NA,true,4800,24.000,20200
listas,ListaSimpleConCola,addAfter,medio_nodo_prelocalizado,20261021,100,101,200,9,-1,NA,true,5700,28.500,20200
listas,ListaSimpleConCola,addAfter,medio_nodo_prelocalizado,20261021,100,101,200,10,-1,NA,true,7600,38.000,20200
listas,ListaSimpleConCola,addAfter,final_nodo_prelocalizado,20261021,100,101,200,1,-1,NA,true,5300,26.500,20200
listas,ListaSimpleConCola,addAfter,final_nodo_prelocalizado,20261021,100,101,200,2,-1,NA,true,5200,26.000,20200
listas,ListaSimpleConCola,addAfter,final_nodo_prelocalizado,20261021,100,101,200,3,-1,NA,true,5000,25.000,20200
listas,ListaSimpleConCola,addAfter,final_nodo_prelocalizado,20261021,100,101,200,4,-1,NA,true,5000,25.000,20200
listas,ListaSimpleConCola,addAfter,final_nodo_prelocalizado,20261021,100,101,200,5,-1,NA,true,5300,26.500,20200
listas,ListaSimpleConCola,addAfter,final_nodo_prelocalizado,20261021,100,101,200,6,-1,NA,true,5000,25.000,20200
listas,ListaSimpleConCola,addAfter,final_nodo_prelocalizado,20261021,100,101,200,7,-1,NA,true,4800,24.000,20200
listas,ListaSimpleConCola,addAfter,final_nodo_prelocalizado,20261021,100,101,200,8,-1,NA,true,5100,25.500,20200
listas,ListaSimpleConCola,addAfter,final_nodo_prelocalizado,20261021,100,101,200,9,-1,NA,true,5200,26.000,20200
listas,ListaSimpleConCola,addAfter,final_nodo_prelocalizado,20261021,100,101,200,10,-1,NA,true,5000,25.000,20200
listas,ListaDobleSinCola,pushFront,general,20261021,100,101,2000,1,-1,NA,true,54300,27.150,-4294967296000
listas,ListaDobleSinCola,pushFront,general,20261021,100,101,2000,2,-1,NA,true,52700,26.350,-4294967296000
listas,ListaDobleSinCola,pushFront,general,20261021,100,101,2000,3,-1,NA,true,55400,27.700,-4294967296000
listas,ListaDobleSinCola,pushFront,general,20261021,100,101,2000,4,-1,NA,true,49000,24.500,-4294967296000
listas,ListaDobleSinCola,pushFront,general,20261021,100,101,2000,5,-1,NA,true,52600,26.300,-4294967296000
listas,ListaDobleSinCola,pushFront,general,20261021,100,101,2000,6,-1,NA,true,60900,30.450,-4294967296000
listas,ListaDobleSinCola,pushFront,general,20261021,100,101,2000,7,-1,NA,true,55900,27.950,-4294967296000
listas,ListaDobleSinCola,pushFront,general,20261021,100,101,2000,8,-1,NA,true,49100,24.550,-4294967296000
listas,ListaDobleSinCola,pushFront,general,20261021,100,101,2000,9,-1,NA,true,45000,22.500,-4294967296000
listas,ListaDobleSinCola,pushFront,general,20261021,100,101,2000,10,-1,NA,true,55500,27.750,-4294967296000
listas,ListaDobleSinCola,popFront,general,20261021,100,99,2000,1,-1,NA,true,52200,26.100,22000
listas,ListaDobleSinCola,popFront,general,20261021,100,99,2000,2,-1,NA,true,47100,23.550,22000
listas,ListaDobleSinCola,popFront,general,20261021,100,99,2000,3,-1,NA,true,39900,19.950,22000
listas,ListaDobleSinCola,popFront,general,20261021,100,99,2000,4,-1,NA,true,46200,23.100,22000
listas,ListaDobleSinCola,popFront,general,20261021,100,99,2000,5,-1,NA,true,47200,23.600,22000
listas,ListaDobleSinCola,popFront,general,20261021,100,99,2000,6,-1,NA,true,46400,23.200,22000
listas,ListaDobleSinCola,popFront,general,20261021,100,99,2000,7,-1,NA,true,45900,22.950,22000
listas,ListaDobleSinCola,popFront,general,20261021,100,99,2000,8,-1,NA,true,48700,24.350,22000
listas,ListaDobleSinCola,popFront,general,20261021,100,99,2000,9,-1,NA,true,53900,26.950,22000
listas,ListaDobleSinCola,popFront,general,20261021,100,99,2000,10,-1,NA,true,47900,23.950,22000
listas,ListaDobleSinCola,topFront,general,20261021,100,100,2000,1,-1,NA,true,3100,1.550,22000
listas,ListaDobleSinCola,topFront,general,20261021,100,100,2000,2,-1,NA,true,3000,1.500,22000
listas,ListaDobleSinCola,topFront,general,20261021,100,100,2000,3,-1,NA,true,3100,1.550,22000
listas,ListaDobleSinCola,topFront,general,20261021,100,100,2000,4,-1,NA,true,3100,1.550,22000
listas,ListaDobleSinCola,topFront,general,20261021,100,100,2000,5,-1,NA,true,3100,1.550,22000
listas,ListaDobleSinCola,topFront,general,20261021,100,100,2000,6,-1,NA,true,3000,1.500,22000
listas,ListaDobleSinCola,topFront,general,20261021,100,100,2000,7,-1,NA,true,3100,1.550,22000
listas,ListaDobleSinCola,topFront,general,20261021,100,100,2000,8,-1,NA,true,3100,1.550,22000
listas,ListaDobleSinCola,topFront,general,20261021,100,100,2000,9,-1,NA,true,3000,1.500,22000
listas,ListaDobleSinCola,topFront,general,20261021,100,100,2000,10,-1,NA,true,3100,1.550,22000
listas,ListaDobleSinCola,size,no_vacia,20261021,100,100,2000,1,-1,NA,true,2300,1.150,200000
listas,ListaDobleSinCola,size,no_vacia,20261021,100,100,2000,2,-1,NA,true,2300,1.150,200000
listas,ListaDobleSinCola,size,no_vacia,20261021,100,100,2000,3,-1,NA,true,2400,1.200,200000
listas,ListaDobleSinCola,size,no_vacia,20261021,100,100,2000,4,-1,NA,true,2300,1.150,200000
listas,ListaDobleSinCola,size,no_vacia,20261021,100,100,2000,5,-1,NA,true,2300,1.150,200000
listas,ListaDobleSinCola,size,no_vacia,20261021,100,100,2000,6,-1,NA,true,2300,1.150,200000
listas,ListaDobleSinCola,size,no_vacia,20261021,100,100,2000,7,-1,NA,true,2400,1.200,200000
listas,ListaDobleSinCola,size,no_vacia,20261021,100,100,2000,8,-1,NA,true,2400,1.200,200000
listas,ListaDobleSinCola,size,no_vacia,20261021,100,100,2000,9,-1,NA,true,2400,1.200,200000
listas,ListaDobleSinCola,size,no_vacia,20261021,100,100,2000,10,-1,NA,true,2400,1.200,200000
listas,ListaDobleSinCola,isEmpty,no_vacia,20261021,100,100,2000,1,-1,NA,true,2200,1.100,0
listas,ListaDobleSinCola,isEmpty,no_vacia,20261021,100,100,2000,2,-1,NA,true,2200,1.100,0
listas,ListaDobleSinCola,isEmpty,no_vacia,20261021,100,100,2000,3,-1,NA,true,2200,1.100,0
listas,ListaDobleSinCola,isEmpty,no_vacia,20261021,100,100,2000,4,-1,NA,true,2200,1.100,0
listas,ListaDobleSinCola,isEmpty,no_vacia,20261021,100,100,2000,5,-1,NA,true,2200,1.100,0
listas,ListaDobleSinCola,isEmpty,no_vacia,20261021,100,100,2000,6,-1,NA,true,2200,1.100,0
listas,ListaDobleSinCola,isEmpty,no_vacia,20261021,100,100,2000,7,-1,NA,true,2200,1.100,0
listas,ListaDobleSinCola,isEmpty,no_vacia,20261021,100,100,2000,8,-1,NA,true,3600,1.800,0
listas,ListaDobleSinCola,isEmpty,no_vacia,20261021,100,100,2000,9,-1,NA,true,2200,1.100,0
listas,ListaDobleSinCola,isEmpty,no_vacia,20261021,100,100,2000,10,-1,NA,true,2200,1.100,0
listas,ListaDobleSinCola,pushBack,general,20261021,100,101,200,1,-1,NA,true,27800,139.000,-429496729600
listas,ListaDobleSinCola,pushBack,general,20261021,100,101,200,2,-1,NA,true,28400,142.000,-429496729600
listas,ListaDobleSinCola,pushBack,general,20261021,100,101,200,3,-1,NA,true,28300,141.500,-429496729600
listas,ListaDobleSinCola,pushBack,general,20261021,100,101,200,4,-1,NA,true,28700,143.500,-429496729600
listas,ListaDobleSinCola,pushBack,general,20261021,100,101,200,5,-1,NA,true,28700,143.500,-429496729600
listas,ListaDobleSinCola,pushBack,general,20261021,100,101,200,6,-1,NA,true,27600,138.000,-429496729600
listas,ListaDobleSinCola,pushBack,general,20261021,100,101,200,7,-1,NA,true,29700,148.500,-429496729600
listas,ListaDobleSinCola,pushBack,general,20261021,100,101,200,8,-1,NA,true,27700,138.500,-429496729600
listas,ListaDobleSinCola,pushBack,general,20261021,100,101,200,9,-1,NA,true,29100,145.500,-429496729600
listas,ListaDobleSinCola,pushBack,general,20261021,100,101,200,10,-1,NA,true,32900,164.500,-429496729600
listas,ListaDobleSinCola,popBack,general,20261021,100,99,200,1,-1,NA,true,28600,143.000,17600
listas,ListaDobleSinCola,popBack,general,20261021,100,99,200,2,-1,NA,true,27900,139.500,17600
listas,ListaDobleSinCola,popBack,general,20261021,100,99,200,3,-1,NA,true,31100,155.500,17600
listas,ListaDobleSinCola,popBack,general,20261021,100,99,200,4,-1,NA,true,30000,150.000,17600
listas,ListaDobleSinCola,popBack,general,20261021,100,99,200,5,-1,NA,true,28400,142.000,17600
listas,ListaDobleSinCola,popBack,general,20261021,100,99,200,6,-1,NA,true,29600,148.000,17600
listas,ListaDobleSinCola,popBack,general,20261021,100,99,200,7,-1,NA,true,27600,138.000,17600
listas,ListaDobleSinCola,popBack,general,20261021,100,99,200,8,-1,NA,true,30500,152.500,17600
listas,ListaDobleSinCola,popBack,general,20261021,100,99,200,9,-1,NA,true,34000,170.000,17600
listas,ListaDobleSinCola,popBack,general,20261021,100,99,200,10,-1,NA,true,29000,145.000,17600
listas,ListaDobleSinCola,topBack,general,20261021,100,100,200,1,-1,NA,true,29300,146.500,17600
listas,ListaDobleSinCola,topBack,general,20261021,100,100,200,2,-1,NA,true,30100,150.500,17600
listas,ListaDobleSinCola,topBack,general,20261021,100,100,200,3,-1,NA,true,29600,148.000,17600
listas,ListaDobleSinCola,topBack,general,20261021,100,100,200,4,-1,NA,true,30600,153.000,17600
listas,ListaDobleSinCola,topBack,general,20261021,100,100,200,5,-1,NA,true,29500,147.500,17600
listas,ListaDobleSinCola,topBack,general,20261021,100,100,200,6,-1,NA,true,29700,148.500,17600
listas,ListaDobleSinCola,topBack,general,20261021,100,100,200,7,-1,NA,true,41700,208.500,17600
listas,ListaDobleSinCola,topBack,general,20261021,100,100,200,8,-1,NA,true,30300,151.500,17600
listas,ListaDobleSinCola,topBack,general,20261021,100,100,200,9,-1,NA,true,30600,153.000,17600
listas,ListaDobleSinCola,topBack,general,20261021,100,100,200,10,-1,NA,true,29800,149.000,17600
listas,ListaDobleSinCola,find,inicio,20261021,100,100,200,1,-1,NA,true,5000,25.000,337107673400
listas,ListaDobleSinCola,find,inicio,20261021,100,100,200,2,-1,NA,true,5100,25.500,206174070800
listas,ListaDobleSinCola,find,inicio,20261021,100,100,200,3,-1,NA,true,5400,27.000,97163134600
listas,ListaDobleSinCola,find,inicio,20261021,100,100,200,4,-1,NA,true,5300,26.500,82084884600
listas,ListaDobleSinCola,find,inicio,20261021,100,100,200,5,-1,NA,true,4800,24.000,238007086400
listas,ListaDobleSinCola,find,inicio,20261021,100,100,200,6,-1,NA,true,4900,24.500,392677434000
listas,ListaDobleSinCola,find,inicio,20261021,100,100,200,7,-1,NA,true,5000,25.000,264693646000
listas,ListaDobleSinCola,find,inicio,20261021,100,100,200,8,-1,NA,true,4600,23.000,329199094600
listas,ListaDobleSinCola,find,inicio,20261021,100,100,200,9,-1,NA,true,5200,26.000,292760333800
listas,ListaDobleSinCola,find,inicio,20261021,100,100,200,10,-1,NA,true,5000,25.000,71125989000
listas,ListaDobleSinCola,find,medio,20261021,100,100,200,1,-1,NA,true,17100,85.500,116004992200
listas,ListaDobleSinCola,find,medio,20261021,100,100,200,2,-1,NA,true,15700,78.500,405592253800
listas,ListaDobleSinCola,find,medio,20261021,100,100,200,3,-1,NA,true,16400,82.000,317254192800
listas,ListaDobleSinCola,find,medio,20261021,100,100,200,4,-1,NA,true,16400,82.000,328472184600
listas,ListaDobleSinCola,find,medio,20261021,100,100,200,5,-1,NA,true,15800,79.000,268688208800
listas,ListaDobleSinCola,find,medio,20261021,100,100,200,6,-1,NA,true,15200,76.000,138726435200
listas,ListaDobleSinCola,find,medio,20261021,100,100,200,7,-1,NA,true,16200,81.000,65309919200
listas,ListaDobleSinCola,find,medio,20261021,100,100,200,8,-1,NA,true,14900,74.500,272867161800
listas,ListaDobleSinCola,find,medio,20261021,100,100,200,9,-1,NA,true,16100,80.500,91641937400
listas,ListaDobleSinCola,find,medio,20261021,100,100,200,10,-1,NA,true,14900,74.500,46706083600
listas,ListaDobleSinCola,find,final,20261021,100,100,200,1,-1,NA,true,28600,143.000,179539453400
listas,ListaDobleSinCola,find,final,20261021,100,100,200,2,-1,NA,true,30300,151.500,357889572400
listas,ListaDobleSinCola,find,final,20261021,100,100,200,3,-1,NA,true,30400,152.000,7799402000
listas,ListaDobleSinCola,find,final,20261021,100,100,200,4,-1,NA,true,31300,156.500,388481213200
listas,ListaDobleSinCola,find,final,20261021,100,100,200,5,-1,NA,true,29200,146.000,242683002400
listas,ListaDobleSinCola,find,final,20261021,100,100,200,6,-1,NA,true,28700,143.500,337675297200
listas,ListaDobleSinCola,find,final,20261021,100,100,200,7,-1,NA,true,27800,139.000,422932876000
listas,ListaDobleSinCola,find,final,20261021,100,100,200,8,-1,NA,true,26900,134.500,199932344800
listas,ListaDobleSinCola,find,final,20261021,100,100,200,9,-1,NA,true,26400,132.000,358665911200
listas,ListaDobleSinCola,find,final,20261021,100,100,200,10,-1,NA,true,26400,132.000,89176872400
listas,ListaDobleSinCola,find,ausente,20261021,100,100,200,1,-1,NA,true,98000,490.000,200
listas,ListaDobleSinCola,find,ausente,20261021,100,100,200,2,-1,NA,true,96000,480.000,200
listas,ListaDobleSinCola,find,ausente,20261021,100,100,200,3,-1,NA,true,96400,482.000,200
listas,ListaDobleSinCola,find,ausente,20261021,100,100,200,4,-1,NA,true,96500,482.500,200
listas,ListaDobleSinCola,find,ausente,20261021,100,100,200,5,-1,NA,true,92600,463.000,200
listas,ListaDobleSinCola,find,ausente,20261021,100,100,200,6,-1,NA,true,100100,500.500,200
listas,ListaDobleSinCola,find,ausente,20261021,100,100,200,7,-1,NA,true,96600,483.000,200
listas,ListaDobleSinCola,find,ausente,20261021,100,100,200,8,-1,NA,true,95900,479.500,200
listas,ListaDobleSinCola,find,ausente,20261021,100,100,200,9,-1,NA,true,111000,555.000,200
listas,ListaDobleSinCola,find,ausente,20261021,100,100,200,10,-1,NA,true,77800,389.000,200
listas,ListaDobleSinCola,erase,inicio_nodo_prelocalizado,20261021,100,99,200,1,-1,NA,true,6300,31.500,2200
listas,ListaDobleSinCola,erase,inicio_nodo_prelocalizado,20261021,100,99,200,2,-1,NA,true,5400,27.000,2200
listas,ListaDobleSinCola,erase,inicio_nodo_prelocalizado,20261021,100,99,200,3,-1,NA,true,5500,27.500,2200
listas,ListaDobleSinCola,erase,inicio_nodo_prelocalizado,20261021,100,99,200,4,-1,NA,true,5400,27.000,2200
listas,ListaDobleSinCola,erase,inicio_nodo_prelocalizado,20261021,100,99,200,5,-1,NA,true,5200,26.000,2200
listas,ListaDobleSinCola,erase,inicio_nodo_prelocalizado,20261021,100,99,200,6,-1,NA,true,5100,25.500,2200
listas,ListaDobleSinCola,erase,inicio_nodo_prelocalizado,20261021,100,99,200,7,-1,NA,true,5100,25.500,2200
listas,ListaDobleSinCola,erase,inicio_nodo_prelocalizado,20261021,100,99,200,8,-1,NA,true,19000,95.000,2200
listas,ListaDobleSinCola,erase,inicio_nodo_prelocalizado,20261021,100,99,200,9,-1,NA,true,5100,25.500,2200
listas,ListaDobleSinCola,erase,inicio_nodo_prelocalizado,20261021,100,99,200,10,-1,NA,true,5200,26.000,2200
listas,ListaDobleSinCola,erase,medio_nodo_prelocalizado,20261021,100,99,200,1,-1,NA,true,5800,29.000,6000
listas,ListaDobleSinCola,erase,medio_nodo_prelocalizado,20261021,100,99,200,2,-1,NA,true,4800,24.000,6000
listas,ListaDobleSinCola,erase,medio_nodo_prelocalizado,20261021,100,99,200,3,-1,NA,true,4800,24.000,6000
listas,ListaDobleSinCola,erase,medio_nodo_prelocalizado,20261021,100,99,200,4,-1,NA,true,5000,25.000,6000
listas,ListaDobleSinCola,erase,medio_nodo_prelocalizado,20261021,100,99,200,5,-1,NA,true,5300,26.500,6000
listas,ListaDobleSinCola,erase,medio_nodo_prelocalizado,20261021,100,99,200,6,-1,NA,true,5100,25.500,6000
listas,ListaDobleSinCola,erase,medio_nodo_prelocalizado,20261021,100,99,200,7,-1,NA,true,12400,62.000,6000
listas,ListaDobleSinCola,erase,medio_nodo_prelocalizado,20261021,100,99,200,8,-1,NA,true,4800,24.000,6000
listas,ListaDobleSinCola,erase,medio_nodo_prelocalizado,20261021,100,99,200,9,-1,NA,true,5000,25.000,6000
listas,ListaDobleSinCola,erase,medio_nodo_prelocalizado,20261021,100,99,200,10,-1,NA,true,4700,23.500,6000
listas,ListaDobleSinCola,erase,final_nodo_prelocalizado,20261021,100,99,200,1,-1,NA,true,4900,24.500,17600
listas,ListaDobleSinCola,erase,final_nodo_prelocalizado,20261021,100,99,200,2,-1,NA,true,4700,23.500,17600
listas,ListaDobleSinCola,erase,final_nodo_prelocalizado,20261021,100,99,200,3,-1,NA,true,4300,21.500,17600
listas,ListaDobleSinCola,erase,final_nodo_prelocalizado,20261021,100,99,200,4,-1,NA,true,4900,24.500,17600
listas,ListaDobleSinCola,erase,final_nodo_prelocalizado,20261021,100,99,200,5,-1,NA,true,4800,24.000,17600
listas,ListaDobleSinCola,erase,final_nodo_prelocalizado,20261021,100,99,200,6,-1,NA,true,4600,23.000,17600
listas,ListaDobleSinCola,erase,final_nodo_prelocalizado,20261021,100,99,200,7,-1,NA,true,9600,48.000,17600
listas,ListaDobleSinCola,erase,final_nodo_prelocalizado,20261021,100,99,200,8,-1,NA,true,4500,22.500,17600
listas,ListaDobleSinCola,erase,final_nodo_prelocalizado,20261021,100,99,200,9,-1,NA,true,4500,22.500,17600
listas,ListaDobleSinCola,erase,final_nodo_prelocalizado,20261021,100,99,200,10,-1,NA,true,5100,25.500,17600
listas,ListaDobleSinCola,addBefore,inicio_nodo_prelocalizado,20261021,100,101,200,1,-1,NA,true,5200,26.000,20200
listas,ListaDobleSinCola,addBefore,inicio_nodo_prelocalizado,20261021,100,101,200,2,-1,NA,true,4800,24.000,20200
listas,ListaDobleSinCola,addBefore,inicio_nodo_prelocalizado,20261021,100,101,200,3,-1,NA,true,5400,27.000,20200
listas,ListaDobleSinCola,addBefore,inicio_nodo_prelocalizado,20261021,100,101,200,4,-1,NA,true,5200,26.000,20200
listas,ListaDobleSinCola,addBefore,inicio_nodo_prelocalizado,20261021,100,101,200,5,-1,NA,true,5300,26.500,20200
listas,ListaDobleSinCola,addBefore,inicio_nodo_prelocalizado,20261021,100,101,200,6,-1,NA,true,5200,26.000,20200
listas,ListaDobleSinCola,addBefore,inicio_nodo_prelocalizado,20261021,100,101,200,7,-1,NA,true,5000,25.000,20200
listas,ListaDobleSinCola,addBefore,inicio_nodo_prelocalizado,20261021,100,101,200,8,-1,NA,true,5200,26.000,20200
listas,ListaDobleSinCola,addBefore,inicio_nodo_prelocalizado,20261021,100,101,200,9,-1,NA,true,7400,37.000,20200
listas,ListaDobleSinCola,addBefore,inicio_nodo_prelocalizado,20261021,100,101,200,10,-1,NA,true,5000,25.000,20200
listas,ListaDobleSinCola,addBefore,medio_nodo_prelocalizado,20261021,100,101,200,1,-1,NA,true,5300,26.500,20200
listas,ListaDobleSinCola,addBefore,medio_nodo_prelocalizado,20261021,100,101,200,2,-1,NA,true,6100,30.500,20200
listas,ListaDobleSinCola,addBefore,medio_nodo_prelocalizado,20261021,100,101,200,3,-1,NA,true,5600,28.000,20200
listas,ListaDobleSinCola,addBefore,medio_nodo_prelocalizado,20261021,100,101,200,4,-1,NA,true,5100,25.500,20200
listas,ListaDobleSinCola,addBefore,medio_nodo_prelocalizado,20261021,100,101,200,5,-1,NA,true,16400,82.000,20200
listas,ListaDobleSinCola,addBefore,medio_nodo_prelocalizado,20261021,100,101,200,6,-1,NA,true,7400,37.000,20200
listas,ListaDobleSinCola,addBefore,medio_nodo_prelocalizado,20261021,100,101,200,7,-1,NA,true,4800,24.000,20200
listas,ListaDobleSinCola,addBefore,medio_nodo_prelocalizado,20261021,100,101,200,8,-1,NA,true,8600,43.000,20200
listas,ListaDobleSinCola,addBefore,medio_nodo_prelocalizado,20261021,100,101,200,9,-1,NA,true,5400,27.000,20200
listas,ListaDobleSinCola,addBefore,medio_nodo_prelocalizado,20261021,100,101,200,10,-1,NA,true,4800,24.000,20200
listas,ListaDobleSinCola,addBefore,final_nodo_prelocalizado,20261021,100,101,200,1,-1,NA,true,7300,36.500,20200
listas,ListaDobleSinCola,addBefore,final_nodo_prelocalizado,20261021,100,101,200,2,-1,NA,true,5200,26.000,20200
listas,ListaDobleSinCola,addBefore,final_nodo_prelocalizado,20261021,100,101,200,3,-1,NA,true,5100,25.500,20200
listas,ListaDobleSinCola,addBefore,final_nodo_prelocalizado,20261021,100,101,200,4,-1,NA,true,7900,39.500,20200
listas,ListaDobleSinCola,addBefore,final_nodo_prelocalizado,20261021,100,101,200,5,-1,NA,true,4900,24.500,20200
listas,ListaDobleSinCola,addBefore,final_nodo_prelocalizado,20261021,100,101,200,6,-1,NA,true,4400,22.000,20200
listas,ListaDobleSinCola,addBefore,final_nodo_prelocalizado,20261021,100,101,200,7,-1,NA,true,7500,37.500,20200
listas,ListaDobleSinCola,addBefore,final_nodo_prelocalizado,20261021,100,101,200,8,-1,NA,true,5200,26.000,20200
listas,ListaDobleSinCola,addBefore,final_nodo_prelocalizado,20261021,100,101,200,9,-1,NA,true,5400,27.000,20200
listas,ListaDobleSinCola,addBefore,final_nodo_prelocalizado,20261021,100,101,200,10,-1,NA,true,5200,26.000,20200
listas,ListaDobleSinCola,addAfter,inicio_nodo_prelocalizado,20261021,100,101,200,1,-1,NA,true,5300,26.500,20200
listas,ListaDobleSinCola,addAfter,inicio_nodo_prelocalizado,20261021,100,101,200,2,-1,NA,true,5200,26.000,20200
listas,ListaDobleSinCola,addAfter,inicio_nodo_prelocalizado,20261021,100,101,200,3,-1,NA,true,5100,25.500,20200
listas,ListaDobleSinCola,addAfter,inicio_nodo_prelocalizado,20261021,100,101,200,4,-1,NA,true,5000,25.000,20200
listas,ListaDobleSinCola,addAfter,inicio_nodo_prelocalizado,20261021,100,101,200,5,-1,NA,true,5100,25.500,20200
listas,ListaDobleSinCola,addAfter,inicio_nodo_prelocalizado,20261021,100,101,200,6,-1,NA,true,5200,26.000,20200
listas,ListaDobleSinCola,addAfter,inicio_nodo_prelocalizado,20261021,100,101,200,7,-1,NA,true,4800,24.000,20200
listas,ListaDobleSinCola,addAfter,inicio_nodo_prelocalizado,20261021,100,101,200,8,-1,NA,true,5000,25.000,20200
listas,ListaDobleSinCola,addAfter,inicio_nodo_prelocalizado,20261021,100,101,200,9,-1,NA,true,5200,26.000,20200
listas,ListaDobleSinCola,addAfter,inicio_nodo_prelocalizado,20261021,100,101,200,10,-1,NA,true,5200,26.000,20200
listas,ListaDobleSinCola,addAfter,medio_nodo_prelocalizado,20261021,100,101,200,1,-1,NA,true,5100,25.500,20200
listas,ListaDobleSinCola,addAfter,medio_nodo_prelocalizado,20261021,100,101,200,2,-1,NA,true,6100,30.500,20200
listas,ListaDobleSinCola,addAfter,medio_nodo_prelocalizado,20261021,100,101,200,3,-1,NA,true,5400,27.000,20200
listas,ListaDobleSinCola,addAfter,medio_nodo_prelocalizado,20261021,100,101,200,4,-1,NA,true,5800,29.000,20200
listas,ListaDobleSinCola,addAfter,medio_nodo_prelocalizado,20261021,100,101,200,5,-1,NA,true,5400,27.000,20200
listas,ListaDobleSinCola,addAfter,medio_nodo_prelocalizado,20261021,100,101,200,6,-1,NA,true,4900,24.500,20200
listas,ListaDobleSinCola,addAfter,medio_nodo_prelocalizado,20261021,100,101,200,7,-1,NA,true,4600,23.000,20200
listas,ListaDobleSinCola,addAfter,medio_nodo_prelocalizado,20261021,100,101,200,8,-1,NA,true,5100,25.500,20200
listas,ListaDobleSinCola,addAfter,medio_nodo_prelocalizado,20261021,100,101,200,9,-1,NA,true,6100,30.500,20200
listas,ListaDobleSinCola,addAfter,medio_nodo_prelocalizado,20261021,100,101,200,10,-1,NA,true,5900,29.500,20200
listas,ListaDobleSinCola,addAfter,final_nodo_prelocalizado,20261021,100,101,200,1,-1,NA,true,4700,23.500,20200
listas,ListaDobleSinCola,addAfter,final_nodo_prelocalizado,20261021,100,101,200,2,-1,NA,true,5200,26.000,20200
listas,ListaDobleSinCola,addAfter,final_nodo_prelocalizado,20261021,100,101,200,3,-1,NA,true,5500,27.500,20200
listas,ListaDobleSinCola,addAfter,final_nodo_prelocalizado,20261021,100,101,200,4,-1,NA,true,5300,26.500,20200
listas,ListaDobleSinCola,addAfter,final_nodo_prelocalizado,20261021,100,101,200,5,-1,NA,true,5200,26.000,20200
listas,ListaDobleSinCola,addAfter,final_nodo_prelocalizado,20261021,100,101,200,6,-1,NA,true,7700,38.500,20200
listas,ListaDobleSinCola,addAfter,final_nodo_prelocalizado,20261021,100,101,200,7,-1,NA,true,4600,23.000,20200
listas,ListaDobleSinCola,addAfter,final_nodo_prelocalizado,20261021,100,101,200,8,-1,NA,true,5200,26.000,20200
listas,ListaDobleSinCola,addAfter,final_nodo_prelocalizado,20261021,100,101,200,9,-1,NA,true,4800,24.000,20200
listas,ListaDobleSinCola,addAfter,final_nodo_prelocalizado,20261021,100,101,200,10,-1,NA,true,5000,25.000,20200
listas,ListaDobleConCola,pushFront,general,20261021,100,101,2000,1,-1,NA,true,49700,24.850,-4294967296000
listas,ListaDobleConCola,pushFront,general,20261021,100,101,2000,2,-1,NA,true,52100,26.050,-4294967296000
listas,ListaDobleConCola,pushFront,general,20261021,100,101,2000,3,-1,NA,true,47800,23.900,-4294967296000
listas,ListaDobleConCola,pushFront,general,20261021,100,101,2000,4,-1,NA,true,59300,29.650,-4294967296000
listas,ListaDobleConCola,pushFront,general,20261021,100,101,2000,5,-1,NA,true,56800,28.400,-4294967296000
listas,ListaDobleConCola,pushFront,general,20261021,100,101,2000,6,-1,NA,true,63400,31.700,-4294967296000
listas,ListaDobleConCola,pushFront,general,20261021,100,101,2000,7,-1,NA,true,70200,35.100,-4294967296000
listas,ListaDobleConCola,pushFront,general,20261021,100,101,2000,8,-1,NA,true,54900,27.450,-4294967296000
listas,ListaDobleConCola,pushFront,general,20261021,100,101,2000,9,-1,NA,true,49300,24.650,-4294967296000
listas,ListaDobleConCola,pushFront,general,20261021,100,101,2000,10,-1,NA,true,64400,32.200,-4294967296000
listas,ListaDobleConCola,popFront,general,20261021,100,99,2000,1,-1,NA,true,56800,28.400,22000
listas,ListaDobleConCola,popFront,general,20261021,100,99,2000,2,-1,NA,true,45400,22.700,22000
listas,ListaDobleConCola,popFront,general,20261021,100,99,2000,3,-1,NA,true,39200,19.600,22000
listas,ListaDobleConCola,popFront,general,20261021,100,99,2000,4,-1,NA,true,51500,25.750,22000
listas,ListaDobleConCola,popFront,general,20261021,100,99,2000,5,-1,NA,true,45700,22.850,22000
listas,ListaDobleConCola,popFront,general,20261021,100,99,2000,6,-1,NA,true,48900,24.450,22000
listas,ListaDobleConCola,popFront,general,20261021,100,99,2000,7,-1,NA,true,64700,32.350,22000
listas,ListaDobleConCola,popFront,general,20261021,100,99,2000,8,-1,NA,true,57200,28.600,22000
listas,ListaDobleConCola,popFront,general,20261021,100,99,2000,9,-1,NA,true,52100,26.050,22000
listas,ListaDobleConCola,popFront,general,20261021,100,99,2000,10,-1,NA,true,57000,28.500,22000
listas,ListaDobleConCola,topFront,general,20261021,100,100,2000,1,-1,NA,true,4300,2.150,22000
listas,ListaDobleConCola,topFront,general,20261021,100,100,2000,2,-1,NA,true,4300,2.150,22000
listas,ListaDobleConCola,topFront,general,20261021,100,100,2000,3,-1,NA,true,4300,2.150,22000
listas,ListaDobleConCola,topFront,general,20261021,100,100,2000,4,-1,NA,true,4200,2.100,22000
listas,ListaDobleConCola,topFront,general,20261021,100,100,2000,5,-1,NA,true,4300,2.150,22000
listas,ListaDobleConCola,topFront,general,20261021,100,100,2000,6,-1,NA,true,4300,2.150,22000
listas,ListaDobleConCola,topFront,general,20261021,100,100,2000,7,-1,NA,true,4300,2.150,22000
listas,ListaDobleConCola,topFront,general,20261021,100,100,2000,8,-1,NA,true,4200,2.100,22000
listas,ListaDobleConCola,topFront,general,20261021,100,100,2000,9,-1,NA,true,4200,2.100,22000
listas,ListaDobleConCola,topFront,general,20261021,100,100,2000,10,-1,NA,true,4300,2.150,22000
listas,ListaDobleConCola,size,no_vacia,20261021,100,100,2000,1,-1,NA,true,3800,1.900,200000
listas,ListaDobleConCola,size,no_vacia,20261021,100,100,2000,2,-1,NA,true,3700,1.850,200000
listas,ListaDobleConCola,size,no_vacia,20261021,100,100,2000,3,-1,NA,true,3800,1.900,200000
listas,ListaDobleConCola,size,no_vacia,20261021,100,100,2000,4,-1,NA,true,3700,1.850,200000
listas,ListaDobleConCola,size,no_vacia,20261021,100,100,2000,5,-1,NA,true,3800,1.900,200000
listas,ListaDobleConCola,size,no_vacia,20261021,100,100,2000,6,-1,NA,true,3800,1.900,200000
listas,ListaDobleConCola,size,no_vacia,20261021,100,100,2000,7,-1,NA,true,3800,1.900,200000
listas,ListaDobleConCola,size,no_vacia,20261021,100,100,2000,8,-1,NA,true,3800,1.900,200000
listas,ListaDobleConCola,size,no_vacia,20261021,100,100,2000,9,-1,NA,true,3700,1.850,200000
listas,ListaDobleConCola,size,no_vacia,20261021,100,100,2000,10,-1,NA,true,3800,1.900,200000
listas,ListaDobleConCola,isEmpty,no_vacia,20261021,100,100,2000,1,-1,NA,true,3100,1.550,0
listas,ListaDobleConCola,isEmpty,no_vacia,20261021,100,100,2000,2,-1,NA,true,3200,1.600,0
listas,ListaDobleConCola,isEmpty,no_vacia,20261021,100,100,2000,3,-1,NA,true,4800,2.400,0
listas,ListaDobleConCola,isEmpty,no_vacia,20261021,100,100,2000,4,-1,NA,true,3200,1.600,0
listas,ListaDobleConCola,isEmpty,no_vacia,20261021,100,100,2000,5,-1,NA,true,3200,1.600,0
listas,ListaDobleConCola,isEmpty,no_vacia,20261021,100,100,2000,6,-1,NA,true,3200,1.600,0
listas,ListaDobleConCola,isEmpty,no_vacia,20261021,100,100,2000,7,-1,NA,true,3200,1.600,0
listas,ListaDobleConCola,isEmpty,no_vacia,20261021,100,100,2000,8,-1,NA,true,3200,1.600,0
listas,ListaDobleConCola,isEmpty,no_vacia,20261021,100,100,2000,9,-1,NA,true,4300,2.150,0
listas,ListaDobleConCola,isEmpty,no_vacia,20261021,100,100,2000,10,-1,NA,true,3200,1.600,0
listas,ListaDobleConCola,pushBack,general,20261021,100,101,200,1,-1,NA,true,2500,12.500,-429496729600
listas,ListaDobleConCola,pushBack,general,20261021,100,101,200,2,-1,NA,true,7300,36.500,-429496729600
listas,ListaDobleConCola,pushBack,general,20261021,100,101,200,3,-1,NA,true,6900,34.500,-429496729600
listas,ListaDobleConCola,pushBack,general,20261021,100,101,200,4,-1,NA,true,14700,73.500,-429496729600
listas,ListaDobleConCola,pushBack,general,20261021,100,101,200,5,-1,NA,true,300,1.500,-429496729600
listas,ListaDobleConCola,pushBack,general,20261021,100,101,200,6,-1,NA,true,10700,53.500,-429496729600
listas,ListaDobleConCola,pushBack,general,20261021,100,101,200,7,-1,NA,true,17500,87.500,-429496729600
listas,ListaDobleConCola,pushBack,general,20261021,100,101,200,8,-1,NA,true,9000,45.000,-429496729600
listas,ListaDobleConCola,pushBack,general,20261021,100,101,200,9,-1,NA,true,10300,51.500,-429496729600
listas,ListaDobleConCola,pushBack,general,20261021,100,101,200,10,-1,NA,true,11300,56.500,-429496729600
listas,ListaDobleConCola,popBack,general,20261021,100,99,200,1,-1,NA,true,9300,46.500,17600
listas,ListaDobleConCola,popBack,general,20261021,100,99,200,2,-1,NA,true,8600,43.000,17600
listas,ListaDobleConCola,popBack,general,20261021,100,99,200,3,-1,NA,true,7800,39.000,17600
listas,ListaDobleConCola,popBack,general,20261021,100,99,200,4,-1,NA,true,12500,62.500,17600
listas,ListaDobleConCola,popBack,general,20261021,100,99,200,5,-1,NA,true,8900,44.500,17600
listas,ListaDobleConCola,popBack,general,20261021,100,99,200,6,-1,NA,true,9600,48.000,17600
listas,ListaDobleConCola,popBack,general,20261021,100,99,200,7,-1,NA,true,7800,39.000,17600
listas,ListaDobleConCola,popBack,general,20261021,100,99,200,8,-1,NA,true,10300,51.500,17600
listas,ListaDobleConCola,popBack,general,20261021,100,99,200,9,-1,NA,true,9200,46.000,17600
listas,ListaDobleConCola,popBack,general,20261021,100,99,200,10,-1,NA,true,11000,55.000,17600
listas,ListaDobleConCola,topBack,general,20261021,100,100,200,1,-1,NA,true,4700,23.500,17600
listas,ListaDobleConCola,topBack,general,20261021,100,100,200,2,-1,NA,true,4700,23.500,17600
listas,ListaDobleConCola,topBack,general,20261021,100,100,200,3,-1,NA,true,5100,25.500,17600
listas,ListaDobleConCola,topBack,general,20261021,100,100,200,4,-1,NA,true,4600,23.000,17600
listas,ListaDobleConCola,topBack,general,20261021,100,100,200,5,-1,NA,true,4700,23.500,17600
listas,ListaDobleConCola,topBack,general,20261021,100,100,200,6,-1,NA,true,4600,23.000,17600
listas,ListaDobleConCola,topBack,general,20261021,100,100,200,7,-1,NA,true,4800,24.000,17600
listas,ListaDobleConCola,topBack,general,20261021,100,100,200,8,-1,NA,true,20000,100.000,17600
listas,ListaDobleConCola,topBack,general,20261021,100,100,200,9,-1,NA,true,5900,29.500,17600
listas,ListaDobleConCola,topBack,general,20261021,100,100,200,10,-1,NA,true,5100,25.500,17600
listas,ListaDobleConCola,find,inicio,20261021,100,100,200,1,-1,NA,true,4800,24.000,262790677000
listas,ListaDobleConCola,find,inicio,20261021,100,100,200,2,-1,NA,true,4700,23.500,79914670000
listas,ListaDobleConCola,find,inicio,20261021,100,100,200,3,-1,NA,true,4400,22.000,92669188400
listas,ListaDobleConCola,find,inicio,20261021,100,100,200,4,-1,NA,true,4600,23.000,39120172000
listas,ListaDobleConCola,find,inicio,20261021,100,100,200,5,-1,NA,true,4900,24.500,266945990000
listas,ListaDobleConCola,find,inicio,20261021,100,100,200,6,-1,NA,true,4500,22.500,269427428800
listas,ListaDobleConCola,find,inicio,20261021,100,100,200,7,-1,NA,true,4700,23.500,199521679600
listas,ListaDobleConCola,find,inicio,20261021,100,100,200,8,-1,NA,true,4700,23.500,394667378600
listas,ListaDobleConCola,find,inicio,20261021,100,100,200,9,-1,NA,true,4700,23.500,242579967200
listas,ListaDobleConCola,find,inicio,20261021,100,100,200,10,-1,NA,true,4800,24.000,234858029400
listas,ListaDobleConCola,find,medio,20261021,100,100,200,1,-1,NA,true,13900,69.500,281468695600
listas,ListaDobleConCola,find,medio,20261021,100,100,200,2,-1,NA,true,13600,68.000,388089436000
listas,ListaDobleConCola,find,medio,20261021,100,100,200,3,-1,NA,true,14100,70.500,49113067000
listas,ListaDobleConCola,find,medio,20261021,100,100,200,4,-1,NA,true,13800,69.000,424348903400
listas,ListaDobleConCola,find,medio,20261021,100,100,200,5,-1,NA,true,13900,69.500,213275332400
listas,ListaDobleConCola,find,medio,20261021,100,100,200,6,-1,NA,true,14700,73.500,36652816800
listas,ListaDobleConCola,find,medio,20261021,100,100,200,7,-1,NA,true,14100,70.500,95280441800
listas,ListaDobleConCola,find,medio,20261021,100,100,200,8,-1,NA,true,13900,69.500,298036134400
listas,ListaDobleConCola,find,medio,20261021,100,100,200,9,-1,NA,true,13700,68.500,92066489800
listas,ListaDobleConCola,find,medio,20261021,100,100,200,10,-1,NA,true,14100,70.500,383978462400
listas,ListaDobleConCola,find,final,20261021,100,100,200,1,-1,NA,true,25400,127.000,22143678400
listas,ListaDobleConCola,find,final,20261021,100,100,200,2,-1,NA,true,26700,133.500,85183714000
listas,ListaDobleConCola,find,final,20261021,100,100,200,3,-1,NA,true,26600,133.000,428638437600
listas,ListaDobleConCola,find,final,20261021,100,100,200,4,-1,NA,true,26500,132.500,220087808200
listas,ListaDobleConCola,find,final,20261021,100,100,200,5,-1,NA,true,26000,130.000,40869844400
listas,ListaDobleConCola,find,final,20261021,100,100,200,6,-1,NA,true,28000,140.000,46337157000
listas,ListaDobleConCola,find,final,20261021,100,100,200,7,-1,NA,true,25600,128.000,22987070400
listas,ListaDobleConCola,find,final,20261021,100,100,200,8,-1,NA,true,24400,122.000,422024381600
listas,ListaDobleConCola,find,final,20261021,100,100,200,9,-1,NA,true,24600,123.000,6474957800
listas,ListaDobleConCola,find,final,20261021,100,100,200,10,-1,NA,true,24400,122.000,394707627000
listas,ListaDobleConCola,find,ausente,20261021,100,100,200,1,-1,NA,true,24800,124.000,200
listas,ListaDobleConCola,find,ausente,20261021,100,100,200,2,-1,NA,true,24300,121.500,200
listas,ListaDobleConCola,find,ausente,20261021,100,100,200,3,-1,NA,true,25100,125.500,200
listas,ListaDobleConCola,find,ausente,20261021,100,100,200,4,-1,NA,true,24200,121.000,200
listas,ListaDobleConCola,find,ausente,20261021,100,100,200,5,-1,NA,true,26200,131.000,200
listas,ListaDobleConCola,find,ausente,20261021,100,100,200,6,-1,NA,true,25000,125.000,200
listas,ListaDobleConCola,find,ausente,20261021,100,100,200,7,-1,NA,true,24600,123.000,200
listas,ListaDobleConCola,find,ausente,20261021,100,100,200,8,-1,NA,true,24700,123.500,200
listas,ListaDobleConCola,find,ausente,20261021,100,100,200,9,-1,NA,true,26100,130.500,200
listas,ListaDobleConCola,find,ausente,20261021,100,100,200,10,-1,NA,true,24200,121.000,200
listas,ListaDobleConCola,erase,inicio_nodo_prelocalizado,20261021,100,99,200,1,-1,NA,true,5100,25.500,2200
listas,ListaDobleConCola,erase,inicio_nodo_prelocalizado,20261021,100,99,200,2,-1,NA,true,4600,23.000,2200
listas,ListaDobleConCola,erase,inicio_nodo_prelocalizado,20261021,100,99,200,3,-1,NA,true,4700,23.500,2200
listas,ListaDobleConCola,erase,inicio_nodo_prelocalizado,20261021,100,99,200,4,-1,NA,true,5000,25.000,2200
listas,ListaDobleConCola,erase,inicio_nodo_prelocalizado,20261021,100,99,200,5,-1,NA,true,5000,25.000,2200
listas,ListaDobleConCola,erase,inicio_nodo_prelocalizado,20261021,100,99,200,6,-1,NA,true,5300,26.500,2200
listas,ListaDobleConCola,erase,inicio_nodo_prelocalizado,20261021,100,99,200,7,-1,NA,true,5200,26.000,2200
listas,ListaDobleConCola,erase,inicio_nodo_prelocalizado,20261021,100,99,200,8,-1,NA,true,5200,26.000,2200
listas,ListaDobleConCola,erase,inicio_nodo_prelocalizado,20261021,100,99,200,9,-1,NA,true,5100,25.500,2200
listas,ListaDobleConCola,erase,inicio_nodo_prelocalizado,20261021,100,99,200,10,-1,NA,true,4500,22.500,2200
listas,ListaDobleConCola,erase,medio_nodo_prelocalizado,20261021,100,99,200,1,-1,NA,true,5300,26.500,6000
listas,ListaDobleConCola,erase,medio_nodo_prelocalizado,20261021,100,99,200,2,-1,NA,true,6200,31.000,6000
listas,ListaDobleConCola,erase,medio_nodo_prelocalizado,20261021,100,99,200,3,-1,NA,true,4500,22.500,6000
listas,ListaDobleConCola,erase,medio_nodo_prelocalizado,20261021,100,99,200,4,-1,NA,true,4600,23.000,6000
listas,ListaDobleConCola,erase,medio_nodo_prelocalizado,20261021,100,99,200,5,-1,NA,true,5000,25.000,6000
listas,ListaDobleConCola,erase,medio_nodo_prelocalizado,20261021,100,99,200,6,-1,NA,true,4500,22.500,6000
listas,ListaDobleConCola,erase,medio_nodo_prelocalizado,20261021,100,99,200,7,-1,NA,true,5100,25.500,6000
listas,ListaDobleConCola,erase,medio_nodo_prelocalizado,20261021,100,99,200,8,-1,NA,true,5000,25.000,6000
listas,ListaDobleConCola,erase,medio_nodo_prelocalizado,20261021,100,99,200,9,-1,NA,true,3800,19.000,6000
listas,ListaDobleConCola,erase,medio_nodo_prelocalizado,20261021,100,99,200,10,-1,NA,true,4900,24.500,6000
listas,ListaDobleConCola,erase,final_nodo_prelocalizado,20261021,100,99,200,1,-1,NA,true,4800,24.000,17600
listas,ListaDobleConCola,erase,final_nodo_prelocalizado,20261021,100,99,200,2,-1,NA,true,5300,26.500,17600
listas,ListaDobleConCola,erase,final_nodo_prelocalizado,20261021,100,99,200,3,-1,NA,true,4800,24.000,17600
listas,ListaDobleConCola,erase,final_nodo_prelocalizado,20261021,100,99,200,4,-1,NA,true,5000,25.000,17600
listas,ListaDobleConCola,erase,final_nodo_prelocalizado,20261021,100,99,200,5,-1,NA,true,4900,24.500,17600
listas,ListaDobleConCola,erase,final_nodo_prelocalizado,20261021,100,99,200,6,-1,NA,true,4800,24.000,17600
listas,ListaDobleConCola,erase,final_nodo_prelocalizado,20261021,100,99,200,7,-1,NA,true,5600,28.000,17600
listas,ListaDobleConCola,erase,final_nodo_prelocalizado,20261021,100,99,200,8,-1,NA,true,5200,26.000,17600
listas,ListaDobleConCola,erase,final_nodo_prelocalizado,20261021,100,99,200,9,-1,NA,true,5100,25.500,17600
listas,ListaDobleConCola,erase,final_nodo_prelocalizado,20261021,100,99,200,10,-1,NA,true,5100,25.500,17600
listas,ListaDobleConCola,addBefore,inicio_nodo_prelocalizado,20261021,100,101,200,1,-1,NA,true,6000,30.000,20200
listas,ListaDobleConCola,addBefore,inicio_nodo_prelocalizado,20261021,100,101,200,2,-1,NA,true,5700,28.500,20200
listas,ListaDobleConCola,addBefore,inicio_nodo_prelocalizado,20261021,100,101,200,3,-1,NA,true,5800,29.000,20200
listas,ListaDobleConCola,addBefore,inicio_nodo_prelocalizado,20261021,100,101,200,4,-1,NA,true,5700,28.500,20200
listas,ListaDobleConCola,addBefore,inicio_nodo_prelocalizado,20261021,100,101,200,5,-1,NA,true,5800,29.000,20200
listas,ListaDobleConCola,addBefore,inicio_nodo_prelocalizado,20261021,100,101,200,6,-1,NA,true,5500,27.500,20200
listas,ListaDobleConCola,addBefore,inicio_nodo_prelocalizado,20261021,100,101,200,7,-1,NA,true,5400,27.000,20200
listas,ListaDobleConCola,addBefore,inicio_nodo_prelocalizado,20261021,100,101,200,8,-1,NA,true,5500,27.500,20200
listas,ListaDobleConCola,addBefore,inicio_nodo_prelocalizado,20261021,100,101,200,9,-1,NA,true,5600,28.000,20200
listas,ListaDobleConCola,addBefore,inicio_nodo_prelocalizado,20261021,100,101,200,10,-1,NA,true,5900,29.500,20200
listas,ListaDobleConCola,addBefore,medio_nodo_prelocalizado,20261021,100,101,200,1,-1,NA,true,5800,29.000,20200
listas,ListaDobleConCola,addBefore,medio_nodo_prelocalizado,20261021,100,101,200,2,-1,NA,true,6200,31.000,20200
listas,ListaDobleConCola,addBefore,medio_nodo_prelocalizado,20261021,100,101,200,3,-1,NA,true,5900,29.500,20200
listas,ListaDobleConCola,addBefore,medio_nodo_prelocalizado,20261021,100,101,200,4,-1,NA,true,6200,31.000,20200
listas,ListaDobleConCola,addBefore,medio_nodo_prelocalizado,20261021,100,101,200,5,-1,NA,true,6600,33.000,20200
listas,ListaDobleConCola,addBefore,medio_nodo_prelocalizado,20261021,100,101,200,6,-1,NA,true,5500,27.500,20200
listas,ListaDobleConCola,addBefore,medio_nodo_prelocalizado,20261021,100,101,200,7,-1,NA,true,5700,28.500,20200
listas,ListaDobleConCola,addBefore,medio_nodo_prelocalizado,20261021,100,101,200,8,-1,NA,true,6100,30.500,20200
listas,ListaDobleConCola,addBefore,medio_nodo_prelocalizado,20261021,100,101,200,9,-1,NA,true,5600,28.000,20200
listas,ListaDobleConCola,addBefore,medio_nodo_prelocalizado,20261021,100,101,200,10,-1,NA,true,5000,25.000,20200
listas,ListaDobleConCola,addBefore,final_nodo_prelocalizado,20261021,100,101,200,1,-1,NA,true,6100,30.500,20200
listas,ListaDobleConCola,addBefore,final_nodo_prelocalizado,20261021,100,101,200,2,-1,NA,true,6000,30.000,20200
listas,ListaDobleConCola,addBefore,final_nodo_prelocalizado,20261021,100,101,200,3,-1,NA,true,5900,29.500,20200
listas,ListaDobleConCola,addBefore,final_nodo_prelocalizado,20261021,100,101,200,4,-1,NA,true,6100,30.500,20200
listas,ListaDobleConCola,addBefore,final_nodo_prelocalizado,20261021,100,101,200,5,-1,NA,true,5600,28.000,20200
listas,ListaDobleConCola,addBefore,final_nodo_prelocalizado,20261021,100,101,200,6,-1,NA,true,5300,26.500,20200
listas,ListaDobleConCola,addBefore,final_nodo_prelocalizado,20261021,100,101,200,7,-1,NA,true,5700,28.500,20200
listas,ListaDobleConCola,addBefore,final_nodo_prelocalizado,20261021,100,101,200,8,-1,NA,true,5600,28.000,20200
listas,ListaDobleConCola,addBefore,final_nodo_prelocalizado,20261021,100,101,200,9,-1,NA,true,5600,28.000,20200
listas,ListaDobleConCola,addBefore,final_nodo_prelocalizado,20261021,100,101,200,10,-1,NA,true,6500,32.500,20200
listas,ListaDobleConCola,addAfter,inicio_nodo_prelocalizado,20261021,100,101,200,1,-1,NA,true,5200,26.000,20200
listas,ListaDobleConCola,addAfter,inicio_nodo_prelocalizado,20261021,100,101,200,2,-1,NA,true,5300,26.500,20200
listas,ListaDobleConCola,addAfter,inicio_nodo_prelocalizado,20261021,100,101,200,3,-1,NA,true,5800,29.000,20200
listas,ListaDobleConCola,addAfter,inicio_nodo_prelocalizado,20261021,100,101,200,4,-1,NA,true,5500,27.500,20200
listas,ListaDobleConCola,addAfter,inicio_nodo_prelocalizado,20261021,100,101,200,5,-1,NA,true,6800,34.000,20200
listas,ListaDobleConCola,addAfter,inicio_nodo_prelocalizado,20261021,100,101,200,6,-1,NA,true,5000,25.000,20200
listas,ListaDobleConCola,addAfter,inicio_nodo_prelocalizado,20261021,100,101,200,7,-1,NA,true,5400,27.000,20200
listas,ListaDobleConCola,addAfter,inicio_nodo_prelocalizado,20261021,100,101,200,8,-1,NA,true,5100,25.500,20200
listas,ListaDobleConCola,addAfter,inicio_nodo_prelocalizado,20261021,100,101,200,9,-1,NA,true,5500,27.500,20200
listas,ListaDobleConCola,addAfter,inicio_nodo_prelocalizado,20261021,100,101,200,10,-1,NA,true,4700,23.500,20200
listas,ListaDobleConCola,addAfter,medio_nodo_prelocalizado,20261021,100,101,200,1,-1,NA,true,6700,33.500,20200
listas,ListaDobleConCola,addAfter,medio_nodo_prelocalizado,20261021,100,101,200,2,-1,NA,true,5500,27.500,20200
listas,ListaDobleConCola,addAfter,medio_nodo_prelocalizado,20261021,100,101,200,3,-1,NA,true,6600,33.000,20200
listas,ListaDobleConCola,addAfter,medio_nodo_prelocalizado,20261021,100,101,200,4,-1,NA,true,6800,34.000,20200
listas,ListaDobleConCola,addAfter,medio_nodo_prelocalizado,20261021,100,101,200,5,-1,NA,true,4900,24.500,20200
listas,ListaDobleConCola,addAfter,medio_nodo_prelocalizado,20261021,100,101,200,6,-1,NA,true,5500,27.500,20200
listas,ListaDobleConCola,addAfter,medio_nodo_prelocalizado,20261021,100,101,200,7,-1,NA,true,6400,32.000,20200
listas,ListaDobleConCola,addAfter,medio_nodo_prelocalizado,20261021,100,101,200,8,-1,NA,true,4400,22.000,20200
listas,ListaDobleConCola,addAfter,medio_nodo_prelocalizado,20261021,100,101,200,9,-1,NA,true,4700,23.500,20200
listas,ListaDobleConCola,addAfter,medio_nodo_prelocalizado,20261021,100,101,200,10,-1,NA,true,4400,22.000,20200
listas,ListaDobleConCola,addAfter,final_nodo_prelocalizado,20261021,100,101,200,1,-1,NA,true,4800,24.000,20200
listas,ListaDobleConCola,addAfter,final_nodo_prelocalizado,20261021,100,101,200,2,-1,NA,true,5100,25.500,20200
listas,ListaDobleConCola,addAfter,final_nodo_prelocalizado,20261021,100,101,200,3,-1,NA,true,5100,25.500,20200
listas,ListaDobleConCola,addAfter,final_nodo_prelocalizado,20261021,100,101,200,4,-1,NA,true,5900,29.500,20200
listas,ListaDobleConCola,addAfter,final_nodo_prelocalizado,20261021,100,101,200,5,-1,NA,true,5400,27.000,20200
listas,ListaDobleConCola,addAfter,final_nodo_prelocalizado,20261021,100,101,200,6,-1,NA,true,5000,25.000,20200
listas,ListaDobleConCola,addAfter,final_nodo_prelocalizado,20261021,100,101,200,7,-1,NA,true,5600,28.000,20200
listas,ListaDobleConCola,addAfter,final_nodo_prelocalizado,20261021,100,101,200,8,-1,NA,true,6000,30.000,20200
listas,ListaDobleConCola,addAfter,final_nodo_prelocalizado,20261021,100,101,200,9,-1,NA,true,5700,28.500,20200
listas,ListaDobleConCola,addAfter,final_nodo_prelocalizado,20261021,100,101,200,10,-1,NA,true,5700,28.500,20200
listas,ListaSimpleSinCola,pushFront,general,20261021,100,101,2000,1,-1,NA,true,60900,30.450,-4294967296000
listas,ListaSimpleSinCola,pushFront,general,20261021,100,101,2000,2,-1,NA,true,59100,29.550,-4294967296000
listas,ListaSimpleSinCola,pushFront,general,20261021,100,101,2000,3,-1,NA,true,61900,30.950,-4294967296000
listas,ListaSimpleSinCola,pushFront,general,20261021,100,101,2000,4,-1,NA,true,44500,22.250,-4294967296000
listas,ListaSimpleSinCola,pushFront,general,20261021,100,101,2000,5,-1,NA,true,56000,28.000,-4294967296000
listas,ListaSimpleSinCola,pushFront,general,20261021,100,101,2000,6,-1,NA,true,66700,33.350,-4294967296000
listas,ListaSimpleSinCola,pushFront,general,20261021,100,101,2000,7,-1,NA,true,63100,31.550,-4294967296000
listas,ListaSimpleSinCola,pushFront,general,20261021,100,101,2000,8,-1,NA,true,57600,28.800,-4294967296000
listas,ListaSimpleSinCola,pushFront,general,20261021,100,101,2000,9,-1,NA,true,50700,25.350,-4294967296000
listas,ListaSimpleSinCola,pushFront,general,20261021,100,101,2000,10,-1,NA,true,69400,34.700,-4294967296000
listas,ListaSimpleSinCola,popFront,general,20261021,100,99,2000,1,-1,NA,true,54800,27.400,22000
listas,ListaSimpleSinCola,popFront,general,20261021,100,99,2000,2,-1,NA,true,51100,25.550,22000
listas,ListaSimpleSinCola,popFront,general,20261021,100,99,2000,3,-1,NA,true,50200,25.100,22000
listas,ListaSimpleSinCola,popFront,general,20261021,100,99,2000,4,-1,NA,true,45100,22.550,22000
listas,ListaSimpleSinCola,popFront,general,20261021,100,99,2000,5,-1,NA,true,43200,21.600,22000
listas,ListaSimpleSinCola,popFront,general,20261021,100,99,2000,6,-1,NA,true,51700,25.850,22000
listas,ListaSimpleSinCola,popFront,general,20261021,100,99,2000,7,-1,NA,true,41800,20.900,22000
listas,ListaSimpleSinCola,popFront,general,20261021,100,99,2000,8,-1,NA,true,54500,27.250,22000
listas,ListaSimpleSinCola,popFront,general,20261021,100,99,2000,9,-1,NA,true,48100,24.050,22000
listas,ListaSimpleSinCola,popFront,general,20261021,100,99,2000,10,-1,NA,true,52100,26.050,22000
listas,ListaSimpleSinCola,topFront,general,20261021,100,100,2000,1,-1,NA,true,4300,2.150,22000
listas,ListaSimpleSinCola,topFront,general,20261021,100,100,2000,2,-1,NA,true,6700,3.350,22000
listas,ListaSimpleSinCola,topFront,general,20261021,100,100,2000,3,-1,NA,true,4300,2.150,22000
listas,ListaSimpleSinCola,topFront,general,20261021,100,100,2000,4,-1,NA,true,4200,2.100,22000
listas,ListaSimpleSinCola,topFront,general,20261021,100,100,2000,5,-1,NA,true,4200,2.100,22000
listas,ListaSimpleSinCola,topFront,general,20261021,100,100,2000,6,-1,NA,true,4300,2.150,22000
listas,ListaSimpleSinCola,topFront,general,20261021,100,100,2000,7,-1,NA,true,4200,2.100,22000
listas,ListaSimpleSinCola,topFront,general,20261021,100,100,2000,8,-1,NA,true,4400,2.200,22000
listas,ListaSimpleSinCola,topFront,general,20261021,100,100,2000,9,-1,NA,true,4300,2.150,22000
listas,ListaSimpleSinCola,topFront,general,20261021,100,100,2000,10,-1,NA,true,4300,2.150,22000
listas,ListaSimpleSinCola,size,no_vacia,20261021,100,100,2000,1,-1,NA,true,3700,1.850,200000
listas,ListaSimpleSinCola,size,no_vacia,20261021,100,100,2000,2,-1,NA,true,3700,1.850,200000
listas,ListaSimpleSinCola,size,no_vacia,20261021,100,100,2000,3,-1,NA,true,3800,1.900,200000
listas,ListaSimpleSinCola,size,no_vacia,20261021,100,100,2000,4,-1,NA,true,3800,1.900,200000
listas,ListaSimpleSinCola,size,no_vacia,20261021,100,100,2000,5,-1,NA,true,3800,1.900,200000
listas,ListaSimpleSinCola,size,no_vacia,20261021,100,100,2000,6,-1,NA,true,3800,1.900,200000
listas,ListaSimpleSinCola,size,no_vacia,20261021,100,100,2000,7,-1,NA,true,3700,1.850,200000
listas,ListaSimpleSinCola,size,no_vacia,20261021,100,100,2000,8,-1,NA,true,3800,1.900,200000
listas,ListaSimpleSinCola,size,no_vacia,20261021,100,100,2000,9,-1,NA,true,3700,1.850,200000
listas,ListaSimpleSinCola,size,no_vacia,20261021,100,100,2000,10,-1,NA,true,3700,1.850,200000
listas,ListaSimpleSinCola,isEmpty,no_vacia,20261021,100,100,2000,1,-1,NA,true,3200,1.600,0
listas,ListaSimpleSinCola,isEmpty,no_vacia,20261021,100,100,2000,2,-1,NA,true,3300,1.650,0
listas,ListaSimpleSinCola,isEmpty,no_vacia,20261021,100,100,2000,3,-1,NA,true,3200,1.600,0
listas,ListaSimpleSinCola,isEmpty,no_vacia,20261021,100,100,2000,4,-1,NA,true,3200,1.600,0
listas,ListaSimpleSinCola,isEmpty,no_vacia,20261021,100,100,2000,5,-1,NA,true,3200,1.600,0
listas,ListaSimpleSinCola,isEmpty,no_vacia,20261021,100,100,2000,6,-1,NA,true,3200,1.600,0
listas,ListaSimpleSinCola,isEmpty,no_vacia,20261021,100,100,2000,7,-1,NA,true,3200,1.600,0
listas,ListaSimpleSinCola,isEmpty,no_vacia,20261021,100,100,2000,8,-1,NA,true,3200,1.600,0
listas,ListaSimpleSinCola,isEmpty,no_vacia,20261021,100,100,2000,9,-1,NA,true,3200,1.600,0
listas,ListaSimpleSinCola,isEmpty,no_vacia,20261021,100,100,2000,10,-1,NA,true,3200,1.600,0
listas,ListaSimpleSinCola,pushBack,general,20261021,100,101,200,1,-1,NA,true,24000,120.000,-429496729600
listas,ListaSimpleSinCola,pushBack,general,20261021,100,101,200,2,-1,NA,true,24600,123.000,-429496729600
listas,ListaSimpleSinCola,pushBack,general,20261021,100,101,200,3,-1,NA,true,24400,122.000,-429496729600
listas,ListaSimpleSinCola,pushBack,general,20261021,100,101,200,4,-1,NA,true,24100,120.500,-429496729600
listas,ListaSimpleSinCola,pushBack,general,20261021,100,101,200,5,-1,NA,true,23100,115.500,-429496729600
listas,ListaSimpleSinCola,pushBack,general,20261021,100,101,200,6,-1,NA,true,24800,124.000,-429496729600
listas,ListaSimpleSinCola,pushBack,general,20261021,100,101,200,7,-1,NA,true,24500,122.500,-429496729600
listas,ListaSimpleSinCola,pushBack,general,20261021,100,101,200,8,-1,NA,true,24100,120.500,-429496729600
listas,ListaSimpleSinCola,pushBack,general,20261021,100,101,200,9,-1,NA,true,22700,113.500,-429496729600
listas,ListaSimpleSinCola,pushBack,general,20261021,100,101,200,10,-1,NA,true,24600,123.000,-429496729600
listas,ListaSimpleSinCola,popBack,general,20261021,100,99,200,1,-1,NA,true,25900,129.500,17600
listas,ListaSimpleSinCola,popBack,general,20261021,100,99,200,2,-1,NA,true,24300,121.500,17600
listas,ListaSimpleSinCola,popBack,general,20261021,100,99,200,3,-1,NA,true,26200,131.000,17600
listas,ListaSimpleSinCola,popBack,general,20261021,100,99,200,4,-1,NA,true,24700,123.500,17600
listas,ListaSimpleSinCola,popBack,general,20261021,100,99,200,5,-1,NA,true,24500,122.500,17600
listas,ListaSimpleSinCola,popBack,general,20261021,100,99,200,6,-1,NA,true,24300,121.500,17600
listas,ListaSimpleSinCola,popBack,general,20261021,100,99,200,7,-1,NA,true,24800,124.000,17600
listas,ListaSimpleSinCola,popBack,general,20261021,100,99,200,8,-1,NA,true,24900,124.500,17600
listas,ListaSimpleSinCola,popBack,general,20261021,100,99,200,9,-1,NA,true,24900,124.500,17600
listas,ListaSimpleSinCola,popBack,general,20261021,100,99,200,10,-1,NA,true,24600,123.000,17600
listas,ListaSimpleSinCola,topBack,general,20261021,100,100,200,1,-1,NA,true,25800,129.000,17600
listas,ListaSimpleSinCola,topBack,general,20261021,100,100,200,2,-1,NA,true,30200,151.000,17600
listas,ListaSimpleSinCola,topBack,general,20261021,100,100,200,3,-1,NA,true,25000,125.000,17600
listas,ListaSimpleSinCola,topBack,general,20261021,100,100,200,4,-1,NA,true,24500,122.500,17600
listas,ListaSimpleSinCola,topBack,general,20261021,100,100,200,5,-1,NA,true,24500,122.500,17600
listas,ListaSimpleSinCola,topBack,general,20261021,100,100,200,6,-1,NA,true,24800,124.000,17600
listas,ListaSimpleSinCola,topBack,general,20261021,100,100,200,7,-1,NA,true,24500,122.500,17600
listas,ListaSimpleSinCola,topBack,general,20261021,100,100,200,8,-1,NA,true,46300,231.500,17600
listas,ListaSimpleSinCola,topBack,general,20261021,100,100,200,9,-1,NA,true,26000,130.000,17600
listas,ListaSimpleSinCola,topBack,general,20261021,100,100,200,10,-1,NA,true,25700,128.500,17600
listas,ListaSimpleSinCola,find,inicio,20261021,100,100,200,1,-1,NA,true,5100,25.500,330238222800
listas,ListaSimpleSinCola,find,inicio,20261021,100,100,200,2,-1,NA,true,4600,23.000,317320051000
listas,ListaSimpleSinCola,find,inicio,20261021,100,100,200,3,-1,NA,true,4700,23.500,94935048800
listas,ListaSimpleSinCola,find,inicio,20261021,100,100,200,4,-1,NA,true,4600,23.000,186516770000
listas,ListaSimpleSinCola,find,inicio,20261021,100,100,200,5,-1,NA,true,4500,22.500,42525667000
listas,ListaSimpleSinCola,find,inicio,20261021,100,100,200,6,-1,NA,true,4800,24.000,315914426400
listas,ListaSimpleSinCola,find,inicio,20261021,100,100,200,7,-1,NA,true,4800,24.000,71804714400
listas,ListaSimpleSinCola,find,inicio,20261021,100,100,200,8,-1,NA,true,4700,23.500,61161656600
listas,ListaSimpleSinCola,find,inicio,20261021,100,100,200,9,-1,NA,true,4800,24.000,422398244800
listas,ListaSimpleSinCola,find,inicio,20261021,100,100,200,10,-1,NA,true,5100,25.500,58587691800
listas,ListaSimpleSinCola,find,medio,20261021,100,100,200,1,-1,NA,true,14000,70.000,280985669400
listas,ListaSimpleSinCola,find,medio,20261021,100,100,200,2,-1,NA,true,14100,70.500,120821594200
listas,ListaSimpleSinCola,find,medio,20261021,100,100,200,3,-1,NA,true,14600,73.000,24792224400
listas,ListaSimpleSinCola,find,medio,20261021,100,100,200,4,-1,NA,true,14400,72.000,245445912600
listas,ListaSimpleSinCola,find,medio,20261021,100,100,200,5,-1,NA,true,13800,69.000,396558252200
listas,ListaSimpleSinCola,find,medio,20261021,100,100,200,6,-1,NA,true,13900,69.500,312511473400
listas,ListaSimpleSinCola,find,medio,20261021,100,100,200,7,-1,NA,true,14300,71.500,220257759600
listas,ListaSimpleSinCola,find,medio,20261021,100,100,200,8,-1,NA,true,13700,68.500,188546342400
listas,ListaSimpleSinCola,find,medio,20261021,100,100,200,9,-1,NA,true,14400,72.000,194369769000
listas,ListaSimpleSinCola,find,medio,20261021,100,100,200,10,-1,NA,true,14100,70.500,382032640800
listas,ListaSimpleSinCola,find,final,20261021,100,100,200,1,-1,NA,true,25100,125.500,373999571400
listas,ListaSimpleSinCola,find,final,20261021,100,100,200,2,-1,NA,true,24400,122.000,352769437600
listas,ListaSimpleSinCola,find,final,20261021,100,100,200,3,-1,NA,true,24200,121.000,323558339000
listas,ListaSimpleSinCola,find,final,20261021,100,100,200,4,-1,NA,true,25500,127.500,25198748400
listas,ListaSimpleSinCola,find,final,20261021,100,100,200,5,-1,NA,true,26700,133.500,238421616000
listas,ListaSimpleSinCola,find,final,20261021,100,100,200,6,-1,NA,true,24500,122.500,213764827400
listas,ListaSimpleSinCola,find,final,20261021,100,100,200,7,-1,NA,true,25800,129.000,172847539600
listas,ListaSimpleSinCola,find,final,20261021,100,100,200,8,-1,NA,true,28100,140.500,107509711800
listas,ListaSimpleSinCola,find,final,20261021,100,100,200,9,-1,NA,true,23900,119.500,76178873200
listas,ListaSimpleSinCola,find,final,20261021,100,100,200,10,-1,NA,true,24600,123.000,47570470200
listas,ListaSimpleSinCola,find,ausente,20261021,100,100,200,1,-1,NA,true,36700,183.500,200
listas,ListaSimpleSinCola,find,ausente,20261021,100,100,200,2,-1,NA,true,35800,179.000,200
listas,ListaSimpleSinCola,find,ausente,20261021,100,100,200,3,-1,NA,true,37500,187.500,200
listas,ListaSimpleSinCola,find,ausente,20261021,100,100,200,4,-1,NA,true,25000,125.000,200
listas,ListaSimpleSinCola,find,ausente,20261021,100,100,200,5,-1,NA,true,24800,124.000,200
listas,ListaSimpleSinCola,find,ausente,20261021,100,100,200,6,-1,NA,true,24800,124.000,200
listas,ListaSimpleSinCola,find,ausente,20261021,100,100,200,7,-1,NA,true,24800,124.000,200
listas,ListaSimpleSinCola,find,ausente,20261021,100,100,200,8,-1,NA,true,25100,125.500,200
listas,ListaSimpleSinCola,find,ausente,20261021,100,100,200,9,-1,NA,true,24900,124.500,200
listas,ListaSimpleSinCola,find,ausente,20261021,100,100,200,10,-1,NA,true,30900,154.500,200
listas,ListaSimpleSinCola,erase,inicio_nodo_prelocalizado,20261021,100,99,200,1,-1,NA,true,4700,23.500,2200
listas,ListaSimpleSinCola,erase,inicio_nodo_prelocalizado,20261021,100,99,200,2,-1,NA,true,4200,21.000,2200
listas,ListaSimpleSinCola,erase,inicio_nodo_prelocalizado,20261021,100,99,200,3,-1,NA,true,4800,24.000,2200
listas,ListaSimpleSinCola,erase,inicio_nodo_prelocalizado,20261021,100,99,200,4,-1,NA,true,5100,25.500,2200
listas,ListaSimpleSinCola,erase,inicio_nodo_prelocalizado,20261021,100,99,200,5,-1,NA,true,6100,30.500,2200
listas,ListaSimpleSinCola,erase,inicio_nodo_prelocalizado,20261021,100,99,200,6,-1,NA,true,4600,23.000,2200
listas,ListaSimpleSinCola,erase,inicio_nodo_prelocalizado,20261021,100,99,200,7,-1,NA,true,4500,22.500,2200
listas,ListaSimpleSinCola,erase,inicio_nodo_prelocalizado,20261021,100,99,200,8,-1,NA,true,5400,27.000,2200
listas,ListaSimpleSinCola,erase,inicio_nodo_prelocalizado,20261021,100,99,200,9,-1,NA,true,5300,26.500,2200
listas,ListaSimpleSinCola,erase,inicio_nodo_prelocalizado,20261021,100,99,200,10,-1,NA,true,4800,24.000,2200
listas,ListaSimpleSinCola,erase,medio_nodo_prelocalizado,20261021,100,99,200,1,-1,NA,true,12300,61.500,6000
listas,ListaSimpleSinCola,erase,medio_nodo_prelocalizado,20261021,100,99,200,2,-1,NA,true,8200,41.000,6000
listas,ListaSimpleSinCola,erase,medio_nodo_prelocalizado,20261021,100,99,200,3,-1,NA,true,19000,95.000,6000
listas,ListaSimpleSinCola,erase,medio_nodo_prelocalizado,20261021,100,99,200,4,-1,NA,true,17100,85.500,6000
listas,ListaSimpleSinCola,erase,medio_nodo_prelocalizado,20261021,100,99,200,5,-1,NA,true,14500,72.500,6000
listas,ListaSimpleSinCola,erase,medio_nodo_prelocalizado,20261021,100,99,200,6,-1,NA,true,4200,21.000,6000
listas,ListaSimpleSinCola,erase,medio_nodo_prelocalizado,20261021,100,99,200,7,-1,NA,true,17200,86.000,6000
listas,ListaSimpleSinCola,erase,medio_nodo_prelocalizado,20261021,100,99,200,8,-1,NA,true,15700,78.500,6000
listas,ListaSimpleSinCola,erase,medio_nodo_prelocalizado,20261021,100,99,200,9,-1,NA,true,12500,62.500,6000
listas,ListaSimpleSinCola,erase,medio_nodo_prelocalizado,20261021,100,99,200,10,-1,NA,true,13600,68.000,6000
listas,ListaSimpleSinCola,erase,final_nodo_prelocalizado,20261021,100,99,200,1,-1,NA,true,27900,139.500,17600
listas,ListaSimpleSinCola,erase,final_nodo_prelocalizado,20261021,100,99,200,2,-1,NA,true,25800,129.000,17600
listas,ListaSimpleSinCola,erase,final_nodo_prelocalizado,20261021,100,99,200,3,-1,NA,true,25000,125.000,17600
listas,ListaSimpleSinCola,erase,final_nodo_prelocalizado,20261021,100,99,200,4,-1,NA,true,24900,124.500,17600
listas,ListaSimpleSinCola,erase,final_nodo_prelocalizado,20261021,100,99,200,5,-1,NA,true,25400,127.000,17600
listas,ListaSimpleSinCola,erase,final_nodo_prelocalizado,20261021,100,99,200,6,-1,NA,true,25300,126.500,17600
listas,ListaSimpleSinCola,erase,final_nodo_prelocalizado,20261021,100,99,200,7,-1,NA,true,88300,441.500,17600
listas,ListaSimpleSinCola,erase,final_nodo_prelocalizado,20261021,100,99,200,8,-1,NA,true,24400,122.000,17600
listas,ListaSimpleSinCola,erase,final_nodo_prelocalizado,20261021,100,99,200,9,-1,NA,true,24100,120.500,17600
listas,ListaSimpleSinCola,erase,final_nodo_prelocalizado,20261021,100,99,200,10,-1,NA,true,24000,120.000,17600
listas,ListaSimpleSinCola,addBefore,inicio_nodo_prelocalizado,20261021,100,101,200,1,-1,NA,true,5000,25.000,20200
listas,ListaSimpleSinCola,addBefore,inicio_nodo_prelocalizado,20261021,100,101,200,2,-1,NA,true,5000,25.000,20200
listas,ListaSimpleSinCola,addBefore,inicio_nodo_prelocalizado,20261021,100,101,200,3,-1,NA,true,4900,24.500,20200
listas,ListaSimpleSinCola,addBefore,inicio_nodo_prelocalizado,20261021,100,101,200,4,-1,NA,true,5200,26.000,20200
listas,ListaSimpleSinCola,addBefore,inicio_nodo_prelocalizado,20261021,100,101,200,5,-1,NA,true,5200,26.000,20200
listas,ListaSimpleSinCola,addBefore,inicio_nodo_prelocalizado,20261021,100,101,200,6,-1,NA,true,5400,27.000,20200
listas,ListaSimpleSinCola,addBefore,inicio_nodo_prelocalizado,20261021,100,101,200,7,-1,NA,true,5300,26.500,20200
listas,ListaSimpleSinCola,addBefore,inicio_nodo_prelocalizado,20261021,100,101,200,8,-1,NA,true,5400,27.000,20200
listas,ListaSimpleSinCola,addBefore,inicio_nodo_prelocalizado,20261021,100,101,200,9,-1,NA,true,5500,27.500,20200
listas,ListaSimpleSinCola,addBefore,inicio_nodo_prelocalizado,20261021,100,101,200,10,-1,NA,true,5000,25.000,20200
listas,ListaSimpleSinCola,addBefore,medio_nodo_prelocalizado,20261021,100,101,200,1,-1,NA,true,14200,71.000,20200
listas,ListaSimpleSinCola,addBefore,medio_nodo_prelocalizado,20261021,100,101,200,2,-1,NA,true,15300,76.500,20200
listas,ListaSimpleSinCola,addBefore,medio_nodo_prelocalizado,20261021,100,101,200,3,-1,NA,true,14300,71.500,20200
listas,ListaSimpleSinCola,addBefore,medio_nodo_prelocalizado,20261021,100,101,200,4,-1,NA,true,14500,72.500,20200
listas,ListaSimpleSinCola,addBefore,medio_nodo_prelocalizado,20261021,100,101,200,5,-1,NA,true,14400,72.000,20200
listas,ListaSimpleSinCola,addBefore,medio_nodo_prelocalizado,20261021,100,101,200,6,-1,NA,true,14900,74.500,20200
listas,ListaSimpleSinCola,addBefore,medio_nodo_prelocalizado,20261021,100,101,200,7,-1,NA,true,14600,73.000,20200
listas,ListaSimpleSinCola,addBefore,medio_nodo_prelocalizado,20261021,100,101,200,8,-1,NA,true,14300,71.500,20200
listas,ListaSimpleSinCola,addBefore,medio_nodo_prelocalizado,20261021,100,101,200,9,-1,NA,true,15300,76.500,20200
listas,ListaSimpleSinCola,addBefore,medio_nodo_prelocalizado,20261021,100,101,200,10,-1,NA,true,18700,93.500,20200
listas,ListaSimpleSinCola,addBefore,final_nodo_prelocalizado,20261021,100,101,200,1,-1,NA,true,24900,124.500,20200
listas,ListaSimpleSinCola,addBefore,final_nodo_prelocalizado,20261021,100,101,200,2,-1,NA,true,27700,138.500,20200
listas,ListaSimpleSinCola,addBefore,final_nodo_prelocalizado,20261021,100,101,200,3,-1,NA,true,27300,136.500,20200
listas,ListaSimpleSinCola,addBefore,final_nodo_prelocalizado,20261021,100,101,200,4,-1,NA,true,30100,150.500,20200
listas,ListaSimpleSinCola,addBefore,final_nodo_prelocalizado,20261021,100,101,200,5,-1,NA,true,25400,127.000,20200
listas,ListaSimpleSinCola,addBefore,final_nodo_prelocalizado,20261021,100,101,200,6,-1,NA,true,27300,136.500,20200
listas,ListaSimpleSinCola,addBefore,final_nodo_prelocalizado,20261021,100,101,200,7,-1,NA,true,24100,120.500,20200
listas,ListaSimpleSinCola,addBefore,final_nodo_prelocalizado,20261021,100,101,200,8,-1,NA,true,25600,128.000,20200
listas,ListaSimpleSinCola,addBefore,final_nodo_prelocalizado,20261021,100,101,200,9,-1,NA,true,27500,137.500,20200
listas,ListaSimpleSinCola,addBefore,final_nodo_prelocalizado,20261021,100,101,200,10,-1,NA,true,27200,136.000,20200
listas,ListaSimpleSinCola,addAfter,inicio_nodo_prelocalizado,20261021,100,101,200,1,-1,NA,true,5000,25.000,20200
listas,ListaSimpleSinCola,addAfter,inicio_nodo_prelocalizado,20261021,100,101,200,2,-1,NA,true,5900,29.500,20200
listas,ListaSimpleSinCola,addAfter,inicio_nodo_prelocalizado,20261021,100,101,200,3,-1,NA,true,5200,26.000,20200
listas,ListaSimpleSinCola,addAfter,inicio_nodo_prelocalizado,20261021,100,101,200,4,-1,NA,true,5300,26.500,20200
listas,ListaSimpleSinCola,addAfter,inicio_nodo_prelocalizado,20261021,100,101,200,5,-1,NA,true,5500,27.500,20200
listas,ListaSimpleSinCola,addAfter,inicio_nodo_prelocalizado,20261021,100,101,200,6,-1,NA,true,4700,23.500,20200
listas,ListaSimpleSinCola,addAfter,inicio_nodo_prelocalizado,20261021,100,101,200,7,-1,NA,true,5200,26.000,20200
listas,ListaSimpleSinCola,addAfter,inicio_nodo_prelocalizado,20261021,100,101,200,8,-1,NA,true,5500,27.500,20200
listas,ListaSimpleSinCola,addAfter,inicio_nodo_prelocalizado,20261021,100,101,200,9,-1,NA,true,5800,29.000,20200
listas,ListaSimpleSinCola,addAfter,inicio_nodo_prelocalizado,20261021,100,101,200,10,-1,NA,true,5400,27.000,20200
listas,ListaSimpleSinCola,addAfter,medio_nodo_prelocalizado,20261021,100,101,200,1,-1,NA,true,5000,25.000,20200
listas,ListaSimpleSinCola,addAfter,medio_nodo_prelocalizado,20261021,100,101,200,2,-1,NA,true,6700,33.500,20200
listas,ListaSimpleSinCola,addAfter,medio_nodo_prelocalizado,20261021,100,101,200,3,-1,NA,true,5600,28.000,20200
listas,ListaSimpleSinCola,addAfter,medio_nodo_prelocalizado,20261021,100,101,200,4,-1,NA,true,6400,32.000,20200
listas,ListaSimpleSinCola,addAfter,medio_nodo_prelocalizado,20261021,100,101,200,5,-1,NA,true,5600,28.000,20200
listas,ListaSimpleSinCola,addAfter,medio_nodo_prelocalizado,20261021,100,101,200,6,-1,NA,true,4800,24.000,20200
listas,ListaSimpleSinCola,addAfter,medio_nodo_prelocalizado,20261021,100,101,200,7,-1,NA,true,3700,18.500,20200
listas,ListaSimpleSinCola,addAfter,medio_nodo_prelocalizado,20261021,100,101,200,8,-1,NA,true,7900,39.500,20200
listas,ListaSimpleSinCola,addAfter,medio_nodo_prelocalizado,20261021,100,101,200,9,-1,NA,true,2100,10.500,20200
listas,ListaSimpleSinCola,addAfter,medio_nodo_prelocalizado,20261021,100,101,200,10,-1,NA,true,5800,29.000,20200
listas,ListaSimpleSinCola,addAfter,final_nodo_prelocalizado,20261021,100,101,200,1,-1,NA,true,6600,33.000,20200
listas,ListaSimpleSinCola,addAfter,final_nodo_prelocalizado,20261021,100,101,200,2,-1,NA,true,5000,25.000,20200
listas,ListaSimpleSinCola,addAfter,final_nodo_prelocalizado,20261021,100,101,200,3,-1,NA,true,4500,22.500,20200
listas,ListaSimpleSinCola,addAfter,final_nodo_prelocalizado,20261021,100,101,200,4,-1,NA,true,4500,22.500,20200
listas,ListaSimpleSinCola,addAfter,final_nodo_prelocalizado,20261021,100,101,200,5,-1,NA,true,4300,21.500,20200
listas,ListaSimpleSinCola,addAfter,final_nodo_prelocalizado,20261021,100,101,200,6,-1,NA,true,7500,37.500,20200
listas,ListaSimpleSinCola,addAfter,final_nodo_prelocalizado,20261021,100,101,200,7,-1,NA,true,4600,23.000,20200
listas,ListaSimpleSinCola,addAfter,final_nodo_prelocalizado,20261021,100,101,200,8,-1,NA,true,8100,40.500,20200
listas,ListaSimpleSinCola,addAfter,final_nodo_prelocalizado,20261021,100,101,200,9,-1,NA,true,6100,30.500,20200
listas,ListaSimpleSinCola,addAfter,final_nodo_prelocalizado,20261021,100,101,200,10,-1,NA,true,10000,50.000,20200
listas,ListaDobleSinCola,pushFront,general,20261921,1000,1001,2000,1,-1,NA,true,60300,30.150,-4294967296000
listas,ListaDobleSinCola,pushFront,general,20261921,1000,1001,2000,2,-1,NA,true,57600,28.800,-4294967296000
listas,ListaDobleSinCola,pushFront,general,20261921,1000,1001,2000,3,-1,NA,true,49600,24.800,-4294967296000
listas,ListaDobleSinCola,pushFront,general,20261921,1000,1001,2000,4,-1,NA,true,65300,32.650,-4294967296000
listas,ListaDobleSinCola,pushFront,general,20261921,1000,1001,2000,5,-1,NA,true,52500,26.250,-4294967296000
listas,ListaDobleSinCola,pushFront,general,20261921,1000,1001,2000,6,-1,NA,true,58000,29.000,-4294967296000
listas,ListaDobleSinCola,pushFront,general,20261921,1000,1001,2000,7,-1,NA,true,58600,29.300,-4294967296000
listas,ListaDobleSinCola,pushFront,general,20261921,1000,1001,2000,8,-1,NA,true,61600,30.800,-4294967296000
listas,ListaDobleSinCola,pushFront,general,20261921,1000,1001,2000,9,-1,NA,true,53900,26.950,-4294967296000
listas,ListaDobleSinCola,pushFront,general,20261921,1000,1001,2000,10,-1,NA,true,59000,29.500,-4294967296000
listas,ListaDobleSinCola,popFront,general,20261921,1000,999,2000,1,-1,NA,true,56800,28.400,466000
listas,ListaDobleSinCola,popFront,general,20261921,1000,999,2000,2,-1,NA,true,55400,27.700,466000
listas,ListaDobleSinCola,popFront,general,20261921,1000,999,2000,3,-1,NA,true,49800,24.900,466000
listas,ListaDobleSinCola,popFront,general,20261921,1000,999,2000,4,-1,NA,true,41600,20.800,466000
listas,ListaDobleSinCola,popFront,general,20261921,1000,999,2000,5,-1,NA,true,37300,18.650,466000
listas,ListaDobleSinCola,popFront,general,20261921,1000,999,2000,6,-1,NA,true,47000,23.500,466000
listas,ListaDobleSinCola,popFront,general,20261921,1000,999,2000,7,-1,NA,true,62200,31.100,466000
listas,ListaDobleSinCola,popFront,general,20261921,1000,999,2000,8,-1,NA,true,56200,28.100,466000
listas,ListaDobleSinCola,popFront,general,20261921,1000,999,2000,9,-1,NA,true,58200,29.100,466000
listas,ListaDobleSinCola,popFront,general,20261921,1000,999,2000,10,-1,NA,true,57900,28.950,466000
listas,ListaDobleSinCola,topFront,general,20261921,1000,1000,2000,1,-1,NA,true,5300,2.650,466000
listas,ListaDobleSinCola,topFront,general,20261921,1000,1000,2000,2,-1,NA,true,4400,2.200,466000
listas,ListaDobleSinCola,topFront,general,20261921,1000,1000,2000,3,-1,NA,true,5400,2.700,466000
listas,ListaDobleSinCola,topFront,general,20261921,1000,1000,2000,4,-1,NA,true,4200,2.100,466000
listas,ListaDobleSinCola,topFront,general,20261921,1000,1000,2000,5,-1,NA,true,4300,2.150,466000
listas,ListaDobleSinCola,topFront,general,20261921,1000,1000,2000,6,-1,NA,true,4300,2.150,466000
listas,ListaDobleSinCola,topFront,general,20261921,1000,1000,2000,7,-1,NA,true,4300,2.150,466000
listas,ListaDobleSinCola,topFront,general,20261921,1000,1000,2000,8,-1,NA,true,4300,2.150,466000
listas,ListaDobleSinCola,topFront,general,20261921,1000,1000,2000,9,-1,NA,true,4300,2.150,466000
listas,ListaDobleSinCola,topFront,general,20261921,1000,1000,2000,10,-1,NA,true,4400,2.200,466000
listas,ListaDobleSinCola,size,no_vacia,20261921,1000,1000,2000,1,-1,NA,true,3800,1.900,2000000
listas,ListaDobleSinCola,size,no_vacia,20261921,1000,1000,2000,2,-1,NA,true,3800,1.900,2000000
listas,ListaDobleSinCola,size,no_vacia,20261921,1000,1000,2000,3,-1,NA,true,3700,1.850,2000000
listas,ListaDobleSinCola,size,no_vacia,20261921,1000,1000,2000,4,-1,NA,true,3800,1.900,2000000
listas,ListaDobleSinCola,size,no_vacia,20261921,1000,1000,2000,5,-1,NA,true,3700,1.850,2000000
listas,ListaDobleSinCola,size,no_vacia,20261921,1000,1000,2000,6,-1,NA,true,3800,1.900,2000000
listas,ListaDobleSinCola,size,no_vacia,20261921,1000,1000,2000,7,-1,NA,true,3800,1.900,2000000
listas,ListaDobleSinCola,size,no_vacia,20261921,1000,1000,2000,8,-1,NA,true,3700,1.850,2000000
listas,ListaDobleSinCola,size,no_vacia,20261921,1000,1000,2000,9,-1,NA,true,3800,1.900,2000000
listas,ListaDobleSinCola,size,no_vacia,20261921,1000,1000,2000,10,-1,NA,true,3700,1.850,2000000
listas,ListaDobleSinCola,isEmpty,no_vacia,20261921,1000,1000,2000,1,-1,NA,true,3200,1.600,0
listas,ListaDobleSinCola,isEmpty,no_vacia,20261921,1000,1000,2000,2,-1,NA,true,3200,1.600,0
listas,ListaDobleSinCola,isEmpty,no_vacia,20261921,1000,1000,2000,3,-1,NA,true,3200,1.600,0
listas,ListaDobleSinCola,isEmpty,no_vacia,20261921,1000,1000,2000,4,-1,NA,true,3200,1.600,0
listas,ListaDobleSinCola,isEmpty,no_vacia,20261921,1000,1000,2000,5,-1,NA,true,3200,1.600,0
listas,ListaDobleSinCola,isEmpty,no_vacia,20261921,1000,1000,2000,6,-1,NA,true,3200,1.600,0
listas,ListaDobleSinCola,isEmpty,no_vacia,20261921,1000,1000,2000,7,-1,NA,true,3200,1.600,0
listas,ListaDobleSinCola,isEmpty,no_vacia,20261921,1000,1000,2000,8,-1,NA,true,3200,1.600,0
listas,ListaDobleSinCola,isEmpty,no_vacia,20261921,1000,1000,2000,9,-1,NA,true,3200,1.600,0
listas,ListaDobleSinCola,isEmpty,no_vacia,20261921,1000,1000,2000,10,-1,NA,true,3200,1.600,0
listas,ListaDobleSinCola,pushBack,general,20261921,1000,1001,100,1,-1,NA,true,112300,1123.000,-214748364800
listas,ListaDobleSinCola,pushBack,general,20261921,1000,1001,100,2,-1,NA,true,114300,1143.000,-214748364800
listas,ListaDobleSinCola,pushBack,general,20261921,1000,1001,100,3,-1,NA,true,115100,1151.000,-214748364800
listas,ListaDobleSinCola,pushBack,general,20261921,1000,1001,100,4,-1,NA,true,111700,1117.000,-214748364800
listas,ListaDobleSinCola,pushBack,general,20261921,1000,1001,100,5,-1,NA,true,113100,1131.000,-214748364800
listas,ListaDobleSinCola,pushBack,general,20261921,1000,1001,100,6,-1,NA,true,114400,1144.000,-214748364800
listas,ListaDobleSinCola,pushBack,general,20261921,1000,1001,100,7,-1,NA,true,113700,1137.000,-214748364800
listas,ListaDobleSinCola,pushBack,general,20261921,1000,1001,100,8,-1,NA,true,112300,1123.000,-214748364800
listas,ListaDobleSinCola,pushBack,general,20261921,1000,1001,100,9,-1,NA,true,112200,1122.000,-214748364800
listas,ListaDobleSinCola,pushBack,general,20261921,1000,1001,100,10,-1,NA,true,111700,1117.000,-214748364800
listas,ListaDobleSinCola,popBack,general,20261921,1000,999,100,1,-1,NA,true,115200,1152.000,74100
listas,ListaDobleSinCola,popBack,general,20261921,1000,999,100,2,-1,NA,true,115900,1159.000,74100
listas,ListaDobleSinCola,popBack,general,20261921,1000,999,100,3,-1,NA,true,113800,1138.000,74100
listas,ListaDobleSinCola,popBack,general,20261921,1000,999,100,4,-1,NA,true,112100,1121.000,74100
listas,ListaDobleSinCola,popBack,general,20261921,1000,999,100,5,-1,NA,true,111500,1115.000,74100
listas,ListaDobleSinCola,popBack,general,20261921,1000,999,100,6,-1,NA,true,113300,1133.000,74100
listas,ListaDobleSinCola,popBack,general,20261921,1000,999,100,7,-1,NA,true,112300,1123.000,74100
listas,ListaDobleSinCola,popBack,general,20261921,1000,999,100,8,-1,NA,true,114300,1143.000,74100
listas,ListaDobleSinCola,popBack,general,20261921,1000,999,100,9,-1,NA,true,112500,1125.000,74100
listas,ListaDobleSinCola,popBack,general,20261921,1000,999,100,10,-1,NA,true,115000,1150.000,74100
listas,ListaDobleSinCola,topBack,general,20261921,1000,1000,100,1,-1,NA,true,110400,1104.000,74100
listas,ListaDobleSinCola,topBack,general,20261921,1000,1000,100,2,-1,NA,true,110800,1108.000,74100
listas,ListaDobleSinCola,topBack,general,20261921,1000,1000,100,3,-1,NA,true,109900,1099.000,74100
listas,ListaDobleSinCola,topBack,general,20261921,1000,1000,100,4,-1,NA,true,113900,1139.000,74100
listas,ListaDobleSinCola,topBack,general,20261921,1000,1000,100,5,-1,NA,true,115000,1150.000,74100
listas,ListaDobleSinCola,topBack,general,20261921,1000,1000,100,6,-1,NA,true,117200,1172.000,74100
listas,ListaDobleSinCola,topBack,general,20261921,1000,1000,100,7,-1,NA,true,121500,1215.000,74100
listas,ListaDobleSinCola,topBack,general,20261921,1000,1000,100,8,-1,NA,true,112900,1129.000,74100
listas,ListaDobleSinCola,topBack,general,20261921,1000,1000,100,9,-1,NA,true,114100,1141.000,74100
listas,ListaDobleSinCola,topBack,general,20261921,1000,1000,100,10,-1,NA,true,109900,1099.000,74100
listas,ListaDobleSinCola,find,inicio,20261921,1000,1000,100,1,-1,NA,true,2200,22.000,129768578100
listas,ListaDobleSinCola,find,inicio,20261921,1000,1000,100,2,-1,NA,true,2200,22.000,170592963600
listas,ListaDobleSinCola,find,inicio,20261921,1000,1000,100,3,-1,NA,true,2400,24.000,122155585200
listas,ListaDobleSinCola,find,inicio,20261921,1000,1000,100,4,-1,NA,true,2200,22.000,150951433300
listas,ListaDobleSinCola,find,inicio,20261921,1000,1000,100,5,-1,NA,true,1900,19.000,155695609800
listas,ListaDobleSinCola,find,inicio,20261921,1000,1000,100,6,-1,NA,true,2400,24.000,125258565200
listas,ListaDobleSinCola,find,inicio,20261921,1000,1000,100,7,-1,NA,true,2400,24.000,203636850700
listas,ListaDobleSinCola,find,inicio,20261921,1000,1000,100,8,-1,NA,true,2300,23.000,178521004600
listas,ListaDobleSinCola,find,inicio,20261921,1000,1000,100,9,-1,NA,true,2800,28.000,155278781000
listas,ListaDobleSinCola,find,inicio,20261921,1000,1000,100,10,-1,NA,true,2200,22.000,136196072700
listas,ListaDobleSinCola,find,medio,20261921,1000,1000,100,1,-1,NA,true,56800,568.000,38524264200
listas,ListaDobleSinCola,find,medio,20261921,1000,1000,100,2,-1,NA,true,57100,571.000,82400908500
listas,ListaDobleSinCola,find,medio,20261921,1000,1000,100,3,-1,NA,true,59800,598.000,208585777100
listas,ListaDobleSinCola,find,medio,20261921,1000,1000,100,4,-1,NA,true,56800,568.000,24860977400
listas,ListaDobleSinCola,find,medio,20261921,1000,1000,100,5,-1,NA,true,61200,612.000,70804963200
listas,ListaDobleSinCola,find,medio,20261921,1000,1000,100,6,-1,NA,true,56800,568.000,188740001800
listas,ListaDobleSinCola,find,medio,20261921,1000,1000,100,7,-1,NA,true,56600,566.000,28537735100
listas,ListaDobleSinCola,find,medio,20261921,1000,1000,100,8,-1,NA,true,56600,566.000,34456077000
listas,ListaDobleSinCola,find,medio,20261921,1000,1000,100,9,-1,NA,true,57000,570.000,55945012100
listas,ListaDobleSinCola,find,medio,20261921,1000,1000,100,10,-1,NA,true,56800,568.000,71608360000
listas,ListaDobleSinCola,find,final,20261921,1000,1000,100,1,-1,NA,true,113600,1136.000,96680874100
listas,ListaDobleSinCola,find,final,20261921,1000,1000,100,2,-1,NA,true,112200,1122.000,190815306000
listas,ListaDobleSinCola,find,final,20261921,1000,1000,100,3,-1,NA,true,112400,1124.000,11621144100
listas,ListaDobleSinCola,find,final,20261921,1000,1000,100,4,-1,NA,true,117400,1174.000,60763516400
listas,ListaDobleSinCola,find,final,20261921,1000,1000,100,5,-1,NA,true,117300,1173.000,52911603500
listas,ListaDobleSinCola,find,final,20261921,1000,1000,100,6,-1,NA,true,112000,1120.000,24248158000
listas,ListaDobleSinCola,find,final,20261921,1000,1000,100,7,-1,NA,true,116200,1162.000,162780061300
listas,ListaDobleSinCola,find,final,20261921,1000,1000,100,8,-1,NA,true,116300,1163.000,206553087900
listas,ListaDobleSinCola,find,final,20261921,1000,1000,100,9,-1,NA,true,118000,1180.000,69796010800
listas,ListaDobleSinCola,find,final,20261921,1000,1000,100,10,-1,NA,true,112000,1120.000,94301098600
listas,ListaDobleSinCola,find,ausente,20261921,1000,1000,100,1,-1,NA,true,117600,1176.000,100
listas,ListaDobleSinCola,find,ausente,20261921,1000,1000,100,2,-1,NA,true,115200,1152.000,100
listas,ListaDobleSinCola,find,ausente,20261921,1000,1000,100,3,-1,NA,true,114100,1141.000,100
listas,ListaDobleSinCola,find,ausente,20261921,1000,1000,100,4,-1,NA,true,113000,1130.000,100
listas,ListaDobleSinCola,find,ausente,20261921,1000,1000,100,5,-1,NA,true,112200,1122.000,100
listas,ListaDobleSinCola,find,ausente,20261921,1000,1000,100,6,-1,NA,true,112200,1122.000,100
listas,ListaDobleSinCola,find,ausente,20261921,1000,1000,100,7,-1,NA,true,112200,1122.000,100
listas,ListaDobleSinCola,find,ausente,20261921,1000,1000,100,8,-1,NA,true,113500,1135.000,100
listas,ListaDobleSinCola,find,ausente,20261921,1000,1000,100,9,-1,NA,true,112300,1123.000,100
listas,ListaDobleSinCola,find,ausente,20261921,1000,1000,100,10,-1,NA,true,112400,1124.000,100
listas,ListaDobleSinCola,erase,inicio_nodo_prelocalizado,20261921,1000,999,100,1,-1,NA,true,5000,50.000,23300
listas,ListaDobleSinCola,erase,inicio_nodo_prelocalizado,20261921,1000,999,100,2,-1,NA,true,5200,52.000,23300
listas,ListaDobleSinCola,erase,inicio_nodo_prelocalizado,20261921,1000,999,100,3,-1,NA,true,5100,51.000,23300
listas,ListaDobleSinCola,erase,inicio_nodo_prelocalizado,20261921,1000,999,100,4,-1,NA,true,4100,41.000,23300
listas,ListaDobleSinCola,erase,inicio_nodo_prelocalizado,20261921,1000,999,100,5,-1,NA,true,4400,44.000,23300
listas,ListaDobleSinCola,erase,inicio_nodo_prelocalizado,20261921,1000,999,100,6,-1,NA,true,5500,55.000,23300
listas,ListaDobleSinCola,erase,inicio_nodo_prelocalizado,20261921,1000,999,100,7,-1,NA,true,4300,43.000,23300
listas,ListaDobleSinCola,erase,inicio_nodo_prelocalizado,20261921,1000,999,100,8,-1,NA,true,4100,41.000,23300
listas,ListaDobleSinCola,erase,inicio_nodo_prelocalizado,20261921,1000,999,100,9,-1,NA,true,4200,42.000,23300
listas,ListaDobleSinCola,erase,inicio_nodo_prelocalizado,20261921,1000,999,100,10,-1,NA,true,4200,42.000,23300
listas,ListaDobleSinCola,erase,medio_nodo_prelocalizado,20261921,1000,999,100,1,-1,NA,true,4300,43.000,5500
listas,ListaDobleSinCola,erase,medio_nodo_prelocalizado,20261921,1000,999,100,2,-1,NA,true,4000,40.000,5500
listas,ListaDobleSinCola,erase,medio_nodo_prelocalizado,20261921,1000,999,100,3,-1,NA,true,4200,42.000,5500
listas,ListaDobleSinCola,erase,medio_nodo_prelocalizado,20261921,1000,999,100,4,-1,NA,true,3900,39.000,5500
listas,ListaDobleSinCola,erase,medio_nodo_prelocalizado,20261921,1000,999,100,5,-1,NA,true,4000,40.000,5500
listas,ListaDobleSinCola,erase,medio_nodo_prelocalizado,20261921,1000,999,100,6,-1,NA,true,4600,46.000,5500
listas,ListaDobleSinCola,erase,medio_nodo_prelocalizado,20261921,1000,999,100,7,-1,NA,true,4600,46.000,5500
listas,ListaDobleSinCola,erase,medio_nodo_prelocalizado,20261921,1000,999,100,8,-1,NA,true,4500,45.000,5500
listas,ListaDobleSinCola,erase,medio_nodo_prelocalizado,20261921,1000,999,100,9,-1,NA,true,4300,43.000,5500
listas,ListaDobleSinCola,erase,medio_nodo_prelocalizado,20261921,1000,999,100,10,-1,NA,true,4600,46.000,5500
listas,ListaDobleSinCola,erase,final_nodo_prelocalizado,20261921,1000,999,100,1,-1,NA,true,2400,24.000,74100
listas,ListaDobleSinCola,erase,final_nodo_prelocalizado,20261921,1000,999,100,2,-1,NA,true,2700,27.000,74100
listas,ListaDobleSinCola,erase,final_nodo_prelocalizado,20261921,1000,999,100,3,-1,NA,true,2500,25.000,74100
listas,ListaDobleSinCola,erase,final_nodo_prelocalizado,20261921,1000,999,100,4,-1,NA,true,2100,21.000,74100
listas,ListaDobleSinCola,erase,final_nodo_prelocalizado,20261921,1000,999,100,5,-1,NA,true,2400,24.000,74100
listas,ListaDobleSinCola,erase,final_nodo_prelocalizado,20261921,1000,999,100,6,-1,NA,true,2400,24.000,74100
listas,ListaDobleSinCola,erase,final_nodo_prelocalizado,20261921,1000,999,100,7,-1,NA,true,2600,26.000,74100
listas,ListaDobleSinCola,erase,final_nodo_prelocalizado,20261921,1000,999,100,8,-1,NA,true,2200,22.000,74100
listas,ListaDobleSinCola,erase,final_nodo_prelocalizado,20261921,1000,999,100,9,-1,NA,true,2200,22.000,74100
listas,ListaDobleSinCola,erase,final_nodo_prelocalizado,20261921,1000,999,100,10,-1,NA,true,2200,22.000,74100
listas,ListaDobleSinCola,addBefore,inicio_nodo_prelocalizado,20261921,1000,1001,100,1,-1,NA,true,2000,20.000,100100
listas,ListaDobleSinCola,addBefore,inicio_nodo_prelocalizado,20261921,1000,1001,100,2,-1,NA,true,2500,25.000,100100
listas,ListaDobleSinCola,addBefore,inicio_nodo_prelocalizado,20261921,1000,1001,100,3,-1,NA,true,2000,20.000,100100
listas,ListaDobleSinCola,addBefore,inicio_nodo_prelocalizado,20261921,1000,1001,100,4,-1,NA,true,2600,26.000,100100
listas,ListaDobleSinCola,addBefore,inicio_nodo_prelocalizado,20261921,1000,1001,100,5,-1,NA,true,2700,27.000,100100
listas,ListaDobleSinCola,addBefore,inicio_nodo_prelocalizado,20261921,1000,1001,100,6,-1,NA,true,2900,29.000,100100
listas,ListaDobleSinCola,addBefore,inicio_nodo_prelocalizado,20261921,1000,1001,100,7,-1,NA,true,1900,19.000,100100
listas,ListaDobleSinCola,addBefore,inicio_nodo_prelocalizado,20261921,1000,1001,100,8,-1,NA,true,2800,28.000,100100
listas,ListaDobleSinCola,addBefore,inicio_nodo_prelocalizado,20261921,1000,1001,100,9,-1,NA,true,2500,25.000,100100
listas,ListaDobleSinCola,addBefore,inicio_nodo_prelocalizado,20261921,1000,1001,100,10,-1,NA,true,1700,17.000,100100
listas,ListaDobleSinCola,addBefore,medio_nodo_prelocalizado,20261921,1000,1001,100,1,-1,NA,true,2400,24.000,100100
listas,ListaDobleSinCola,addBefore,medio_nodo_prelocalizado,20261921,1000,1001,100,2,-1,NA,true,2100,21.000,100100
listas,ListaDobleSinCola,addBefore,medio_nodo_prelocalizado,20261921,1000,1001,100,3,-1,NA,true,2400,24.000,100100
listas,ListaDobleSinCola,addBefore,medio_nodo_prelocalizado,20261921,1000,1001,100,4,-1,NA,true,6200,62.000,100100
listas,ListaDobleSinCola,addBefore,medio_nodo_prelocalizado,20261921,1000,1001,100,5,-1,NA,true,2300,23.000,100100
listas,ListaDobleSinCola,addBefore,medio_nodo_prelocalizado,20261921,1000,1001,100,6,-1,NA,true,1300,13.000,100100
listas,ListaDobleSinCola,addBefore,medio_nodo_prelocalizado,20261921,1000,1001,100,7,-1,NA,true,2400,24.000,100100
listas,ListaDobleSinCola,addBefore,medio_nodo_prelocalizado,20261921,1000,1001,100,8,-1,NA,true,2200,22.000,100100
listas,ListaDobleSinCola,addBefore,medio_nodo_prelocalizado,20261921,1000,1001,100,9,-1,NA,true,2000,20.000,100100
listas,ListaDobleSinCola,addBefore,medio_nodo_prelocalizado,20261921,1000,1001,100,10,-1,NA,true,3700,37.000,100100
listas,ListaDobleSinCola,addBefore,final_nodo_prelocalizado,20261921,1000,1001,100,1,-1,NA,true,1900,19.000,100100
listas,ListaDobleSinCola,addBefore,final_nodo_prelocalizado,20261921,1000,1001,100,2,-1,NA,true,2700,27.000,100100
listas,ListaDobleSinCola,addBefore,final_nodo_prelocalizado,20261921,1000,1001,100,3,-1,NA,true,2700,27.000,100100
listas,ListaDobleSinCola,addBefore,final_nodo_prelocalizado,20261921,1000,1001,100,4,-1,NA,true,2000,20.000,100100
listas,ListaDobleSinCola,addBefore,final_nodo_prelocalizado,20261921,1000,1001,100,5,-1,NA,true,2800,28.000,100100
listas,ListaDobleSinCola,addBefore,final_nodo_prelocalizado,20261921,1000,1001,100,6,-1,NA,true,2400,24.000,100100
listas,ListaDobleSinCola,addBefore,final_nodo_prelocalizado,20261921,1000,1001,100,7,-1,NA,true,2300,23.000,100100
listas,ListaDobleSinCola,addBefore,final_nodo_prelocalizado,20261921,1000,1001,100,8,-1,NA,true,2600,26.000,100100
listas,ListaDobleSinCola,addBefore,final_nodo_prelocalizado,20261921,1000,1001,100,9,-1,NA,true,2700,27.000,100100
listas,ListaDobleSinCola,addBefore,final_nodo_prelocalizado,20261921,1000,1001,100,10,-1,NA,true,2800,28.000,100100
listas,ListaDobleSinCola,addAfter,inicio_nodo_prelocalizado,20261921,1000,1001,100,1,-1,NA,true,2200,22.000,100100
listas,ListaDobleSinCola,addAfter,inicio_nodo_prelocalizado,20261921,1000,1001,100,2,-1,NA,true,2300,23.000,100100
listas,ListaDobleSinCola,addAfter,inicio_nodo_prelocalizado,20261921,1000,1001,100,3,-1,NA,true,2600,26.000,100100
listas,ListaDobleSinCola,addAfter,inicio_nodo_prelocalizado,20261921,1000,1001,100,4,-1,NA,true,2100,21.000,100100
listas,ListaDobleSinCola,addAfter,inicio_nodo_prelocalizado,20261921,1000,1001,100,5,-1,NA,true,2100,21.000,100100
listas,ListaDobleSinCola,addAfter,inicio_nodo_prelocalizado,20261921,1000,1001,100,6,-1,NA,true,2300,23.000,100100
listas,ListaDobleSinCola,addAfter,inicio_nodo_prelocalizado,20261921,1000,1001,100,7,-1,NA,true,2100,21.000,100100
listas,ListaDobleSinCola,addAfter,inicio_nodo_prelocalizado,20261921,1000,1001,100,8,-1,NA,true,2800,28.000,100100
listas,ListaDobleSinCola,addAfter,inicio_nodo_prelocalizado,20261921,1000,1001,100,9,-1,NA,true,2400,24.000,100100
listas,ListaDobleSinCola,addAfter,inicio_nodo_prelocalizado,20261921,1000,1001,100,10,-1,NA,true,2300,23.000,100100
listas,ListaDobleSinCola,addAfter,medio_nodo_prelocalizado,20261921,1000,1001,100,1,-1,NA,true,3400,34.000,100100
listas,ListaDobleSinCola,addAfter,medio_nodo_prelocalizado,20261921,1000,1001,100,2,-1,NA,true,2600,26.000,100100
listas,ListaDobleSinCola,addAfter,medio_nodo_prelocalizado,20261921,1000,1001,100,3,-1,NA,true,2300,23.000,100100
listas,ListaDobleSinCola,addAfter,medio_nodo_prelocalizado,20261921,1000,1001,100,4,-1,NA,true,2000,20.000,100100
listas,ListaDobleSinCola,addAfter,medio_nodo_prelocalizado,20261921,1000,1001,100,5,-1,NA,true,3200,32.000,100100
listas,ListaDobleSinCola,addAfter,medio_nodo_prelocalizado,20261921,1000,1001,100,6,-1,NA,true,1700,17.000,100100
listas,ListaDobleSinCola,addAfter,medio_nodo_prelocalizado,20261921,1000,1001,100,7,-1,NA,true,2300,23.000,100100
listas,ListaDobleSinCola,addAfter,medio_nodo_prelocalizado,20261921,1000,1001,100,8,-1,NA,true,2900,29.000,100100
listas,ListaDobleSinCola,addAfter,medio_nodo_prelocalizado,20261921,1000,1001,100,9,-1,NA,true,2700,27.000,100100
listas,ListaDobleSinCola,addAfter,medio_nodo_prelocalizado,20261921,1000,1001,100,10,-1,NA,true,2800,28.000,100100
listas,ListaDobleSinCola,addAfter,final_nodo_prelocalizado,20261921,1000,1001,100,1,-1,NA,true,2300,23.000,100100
listas,ListaDobleSinCola,addAfter,final_nodo_prelocalizado,20261921,1000,1001,100,2,-1,NA,true,2700,27.000,100100
listas,ListaDobleSinCola,addAfter,final_nodo_prelocalizado,20261921,1000,1001,100,3,-1,NA,true,2500,25.000,100100
listas,ListaDobleSinCola,addAfter,final_nodo_prelocalizado,20261921,1000,1001,100,4,-1,NA,true,2500,25.000,100100
listas,ListaDobleSinCola,addAfter,final_nodo_prelocalizado,20261921,1000,1001,100,5,-1,NA,true,1700,17.000,100100
listas,ListaDobleSinCola,addAfter,final_nodo_prelocalizado,20261921,1000,1001,100,6,-1,NA,true,2600,26.000,100100
listas,ListaDobleSinCola,addAfter,final_nodo_prelocalizado,20261921,1000,1001,100,7,-1,NA,true,2200,22.000,100100
listas,ListaDobleSinCola,addAfter,final_nodo_prelocalizado,20261921,1000,1001,100,8,-1,NA,true,1700,17.000,100100
listas,ListaDobleSinCola,addAfter,final_nodo_prelocalizado,20261921,1000,1001,100,9,-1,NA,true,2600,26.000,100100
listas,ListaDobleSinCola,addAfter,final_nodo_prelocalizado,20261921,1000,1001,100,10,-1,NA,true,3000,30.000,100100
listas,ListaDobleConCola,pushFront,general,20261921,1000,1001,2000,1,-1,NA,true,48900,24.450,-4294967296000
listas,ListaDobleConCola,pushFront,general,20261921,1000,1001,2000,2,-1,NA,true,48700,24.350,-4294967296000
listas,ListaDobleConCola,pushFront,general,20261921,1000,1001,2000,3,-1,NA,true,50700,25.350,-4294967296000
listas,ListaDobleConCola,pushFront,general,20261921,1000,1001,2000,4,-1,NA,true,46200,23.100,-4294967296000
listas,ListaDobleConCola,pushFront,general,20261921,1000,1001,2000,5,-1,NA,true,49700,24.850,-4294967296000
listas,ListaDobleConCola,pushFront,general,20261921,1000,1001,2000,6,-1,NA,true,52800,26.400,-4294967296000
listas,ListaDobleConCola,pushFront,general,20261921,1000,1001,2000,7,-1,NA,true,48500,24.250,-4294967296000
listas,ListaDobleConCola,pushFront,general,20261921,1000,1001,2000,8,-1,NA,true,48000,24.000,-4294967296000
listas,ListaDobleConCola,pushFront,general,20261921,1000,1001,2000,9,-1,NA,true,48600,24.300,-4294967296000
listas,ListaDobleConCola,pushFront,general,20261921,1000,1001,2000,10,-1,NA,true,50200,25.100,-4294967296000
listas,ListaDobleConCola,popFront,general,20261921,1000,999,2000,1,-1,NA,true,48000,24.000,466000
listas,ListaDobleConCola,popFront,general,20261921,1000,999,2000,2,-1,NA,true,46300,23.150,466000
listas,ListaDobleConCola,popFront,general,20261921,1000,999,2000,3,-1,NA,true,48600,24.300,466000
listas,ListaDobleConCola,popFront,general,20261921,1000,999,2000,4,-1,NA,true,46000,23.000,466000
listas,ListaDobleConCola,popFront,general,20261921,1000,999,2000,5,-1,NA,true,47800,23.900,466000
listas,ListaDobleConCola,popFront,general,20261921,1000,999,2000,6,-1,NA,true,47700,23.850,466000
listas,ListaDobleConCola,popFront,general,20261921,1000,999,2000,7,-1,NA,true,49100,24.550,466000
listas,ListaDobleConCola,popFront,general,20261921,1000,999,2000,8,-1,NA,true,46700,23.350,466000
listas,ListaDobleConCola,popFront,general,20261921,1000,999,2000,9,-1,NA,true,47400,23.700,466000
listas,ListaDobleConCola,popFront,general,20261921,1000,999,2000,10,-1,NA,true,49200,24.600,466000
listas,ListaDobleConCola,topFront,general,20261921,1000,1000,2000,1,-1,NA,true,4200,2.100,466000
listas,ListaDobleConCola,topFront,general,20261921,1000,1000,2000,2,-1,NA,true,4200,2.100,466000
listas,ListaDobleConCola,topFront,general,20261921,1000,1000,2000,3,-1,NA,true,4300,2.150,466000
listas,ListaDobleConCola,topFront,general,20261921,1000,1000,2000,4,-1,NA,true,4200,2.100,466000
listas,ListaDobleConCola,topFront,general,20261921,1000,1000,2000,5,-1,NA,true,4200,2.100,466000
listas,ListaDobleConCola,topFront,general,20261921,1000,1000,2000,6,-1,NA,true,4300,2.150,466000
listas,ListaDobleConCola,topFront,general,20261921,1000,1000,2000,7,-1,NA,true,4200,2.100,466000
listas,ListaDobleConCola,topFront,general,20261921,1000,1000,2000,8,-1,NA,true,4200,2.100,466000
listas,ListaDobleConCola,topFront,general,20261921,1000,1000,2000,9,-1,NA,true,4200,2.100,466000
listas,ListaDobleConCola,topFront,general,20261921,1000,1000,2000,10,-1,NA,true,4200,2.100,466000
listas,ListaDobleConCola,size,no_vacia,20261921,1000,1000,2000,1,-1,NA,true,3700,1.850,2000000
listas,ListaDobleConCola,size,no_vacia,20261921,1000,1000,2000,2,-1,NA,true,3700,1.850,2000000
listas,ListaDobleConCola,size,no_vacia,20261921,1000,1000,2000,3,-1,NA,true,3700,1.850,2000000
listas,ListaDobleConCola,size,no_vacia,20261921,1000,1000,2000,4,-1,NA,true,3700,1.850,2000000
listas,ListaDobleConCola,size,no_vacia,20261921,1000,1000,2000,5,-1,NA,true,3700,1.850,2000000
listas,ListaDobleConCola,size,no_vacia,20261921,1000,1000,2000,6,-1,NA,true,3700,1.850,2000000
listas,ListaDobleConCola,size,no_vacia,20261921,1000,1000,2000,7,-1,NA,true,3700,1.850,2000000
listas,ListaDobleConCola,size,no_vacia,20261921,1000,1000,2000,8,-1,NA,true,3700,1.850,2000000
listas,ListaDobleConCola,size,no_vacia,20261921,1000,1000,2000,9,-1,NA,true,3700,1.850,2000000
listas,ListaDobleConCola,size,no_vacia,20261921,1000,1000,2000,10,-1,NA,true,3700,1.850,2000000
listas,ListaDobleConCola,isEmpty,no_vacia,20261921,1000,1000,2000,1,-1,NA,true,3200,1.600,0
listas,ListaDobleConCola,isEmpty,no_vacia,20261921,1000,1000,2000,2,-1,NA,true,3200,1.600,0
listas,ListaDobleConCola,isEmpty,no_vacia,20261921,1000,1000,2000,3,-1,NA,true,3100,1.550,0
listas,ListaDobleConCola,isEmpty,no_vacia,20261921,1000,1000,2000,4,-1,NA,true,3100,1.550,0
listas,ListaDobleConCola,isEmpty,no_vacia,20261921,1000,1000,2000,5,-1,NA,true,3100,1.550,0
listas,ListaDobleConCola,isEmpty,no_vacia,20261921,1000,1000,2000,6,-1,NA,true,3100,1.550,0
listas,ListaDobleConCola,isEmpty,no_vacia,20261921,1000,1000,2000,7,-1,NA,true,3100,1.550,0
listas,ListaDobleConCola,isEmpty,no_vacia,20261921,1000,1000,2000,8,-1,NA,true,6300,3.150,0
listas,ListaDobleConCola,isEmpty,no_vacia,20261921,1000,1000,2000,9,-1,NA,true,3200,1.600,0
listas,ListaDobleConCola,isEmpty,no_vacia,20261921,1000,1000,2000,10,-1,NA,true,3100,1.550,0
listas,ListaDobleConCola,pushBack,general,20261921,1000,1001,100,1,-1,NA,true,3100,31.000,-214748364800
listas,ListaDobleConCola,pushBack,general,20261921,1000,1001,100,2,-1,NA,true,1700,17.000,-214748364800
listas,ListaDobleConCola,pushBack,general,20261921,1000,1001,100,3,-1,NA,true,2900,29.000,-214748364800
listas,ListaDobleConCola,pushBack,general,20261921,1000,1001,100,4,-1,NA,true,3000,30.000,-214748364800
listas,ListaDobleConCola,pushBack,general,20261921,1000,1001,100,5,-1,NA,true,2700,27.000,-214748364800
listas,ListaDobleConCola,pushBack,general,20261921,1000,1001,100,6,-1,NA,true,1800,18.000,-214748364800
listas,ListaDobleConCola,pushBack,general,20261921,1000,1001,100,7,-1,NA,true,2100,21.000,-214748364800
listas,ListaDobleConCola,pushBack,general,20261921,1000,1001,100,8,-1,NA,true,3200,32.000,-214748364800
listas,ListaDobleConCola,pushBack,general,20261921,1000,1001,100,9,-1,NA,true,3500,35.000,-214748364800
listas,ListaDobleConCola,pushBack,general,20261921,1000,1001,100,10,-1,NA,true,2200,22.000,-214748364800
listas,ListaDobleConCola,popBack,general,20261921,1000,999,100,1,-1,NA,true,2300,23.000,74100
listas,ListaDobleConCola,popBack,general,20261921,1000,999,100,2,-1,NA,true,1600,16.000,74100
listas,ListaDobleConCola,popBack,general,20261921,1000,999,100,3,-1,NA,true,2300,23.000,74100
listas,ListaDobleConCola,popBack,general,20261921,1000,999,100,4,-1,NA,true,3000,30.000,74100
listas,ListaDobleConCola,popBack,general,20261921,1000,999,100,5,-1,NA,true,3300,33.000,74100
listas,ListaDobleConCola,popBack,general,20261921,1000,999,100,6,-1,NA,true,1800,18.000,74100
listas,ListaDobleConCola,popBack,general,20261921,1000,999,100,7,-1,NA,true,3100,31.000,74100
listas,ListaDobleConCola,popBack,general,20261921,1000,999,100,8,-1,NA,true,2100,21.000,74100
listas,ListaDobleConCola,popBack,general,20261921,1000,999,100,9,-1,NA,true,2100,21.000,74100
listas,ListaDobleConCola,popBack,general,20261921,1000,999,100,10,-1,NA,true,2100,21.000,74100
listas,ListaDobleConCola,topBack,general,20261921,1000,1000,100,1,-1,NA,true,300,3.000,74100
listas,ListaDobleConCola,topBack,general,20261921,1000,1000,100,2,-1,NA,true,300,3.000,74100
listas,ListaDobleConCola,topBack,general,20261921,1000,1000,100,3,-1,NA,true,400,4.000,74100
listas,ListaDobleConCola,topBack,general,20261921,1000,1000,100,4,-1,NA,true,300,3.000,74100
listas,ListaDobleConCola,topBack,general,20261921,1000,1000,100,5,-1,NA,true,300,3.000,74100
listas,ListaDobleConCola,topBack,general,20261921,1000,1000,100,6,-1,NA,true,400,4.000,74100
listas,ListaDobleConCola,topBack,general,20261921,1000,1000,100,7,-1,NA,true,400,4.000,74100
listas,ListaDobleConCola,topBack,general,20261921,1000,1000,100,8,-1,NA,true,300,3.000,74100
listas,ListaDobleConCola,topBack,general,20261921,1000,1000,100,9,-1,NA,true,300,3.000,74100
listas,ListaDobleConCola,topBack,general,20261921,1000,1000,100,10,-1,NA,true,300,3.000,74100
listas,ListaDobleConCola,find,inicio,20261921,1000,1000,100,1,-1,NA,true,2600,26.000,27406455900
listas,ListaDobleConCola,find,inicio,20261921,1000,1000,100,2,-1,NA,true,2200,22.000,101808112200
listas,ListaDobleConCola,find,inicio,20261921,1000,1000,100,3,-1,NA,true,2200,22.000,24213114200
listas,ListaDobleConCola,find,inicio,20261921,1000,1000,100,4,-1,NA,true,2300,23.000,178211366300
listas,ListaDobleConCola,find,inicio,20261921,1000,1000,100,5,-1,NA,true,2600,26.000,143386727500
listas,ListaDobleConCola,find,inicio,20261921,1000,1000,100,6,-1,NA,true,2100,21.000,47680012000
listas,ListaDobleConCola,find,inicio,20261921,1000,1000,100,7,-1,NA,true,2300,23.000,174434704300
listas,ListaDobleConCola,find,inicio,20261921,1000,1000,100,8,-1,NA,true,2300,23.000,125452627000
listas,ListaDobleConCola,find,inicio,20261921,1000,1000,100,9,-1,NA,true,2300,23.000,66244176100
listas,ListaDobleConCola,find,inicio,20261921,1000,1000,100,10,-1,NA,true,2700,27.000,161821262600
listas,ListaDobleConCola,find,medio,20261921,1000,1000,100,1,-1,NA,true,55900,559.000,197148929500
listas,ListaDobleConCola,find,medio,20261921,1000,1000,100,2,-1,NA,true,57300,573.000,98565535000
listas,ListaDobleConCola,find,medio,20261921,1000,1000,100,3,-1,NA,true,57800,578.000,80461148600
listas,ListaDobleConCola,find,medio,20261921,1000,1000,100,4,-1,NA,true,58500,585.000,200801753300
listas,ListaDobleConCola,find,medio,20261921,1000,1000,100,5,-1,NA,true,56100,561.000,37098814900
listas,ListaDobleConCola,find,medio,20261921,1000,1000,100,6,-1,NA,true,57000,570.000,139508962400
listas,ListaDobleConCola,find,medio,20261921,1000,1000,100,7,-1,NA,true,57000,570.000,147601170300
listas,ListaDobleConCola,find,medio,20261921,1000,1000,100,8,-1,NA,true,55900,559.000,160319544700
listas,ListaDobleConCola,find,medio,20261921,1000,1000,100,9,-1,NA,true,55900,559.000,79279175900
listas,ListaDobleConCola,find,medio,20261921,1000,1000,100,10,-1,NA,true,55600,556.000,119174716700
listas,ListaDobleConCola,find,final,20261921,1000,1000,100,1,-1,NA,true,111000,1110.000,145082131800
listas,ListaDobleConCola,find,final,20261921,1000,1000,100,2,-1,NA,true,112100,1121.000,66884904200
listas,ListaDobleConCola,find,final,20261921,1000,1000,100,3,-1,NA,true,112000,1120.000,43417657400
listas,ListaDobleConCola,find,final,20261921,1000,1000,100,4,-1,NA,true,113100,1131.000,209605794500
listas,ListaDobleConCola,find,final,20261921,1000,1000,100,5,-1,NA,true,110300,1103.000,168984395600
listas,ListaDobleConCola,find,final,20261921,1000,1000,100,6,-1,NA,true,110600,1106.000,76657221000
listas,ListaDobleConCola,find,final,20261921,1000,1000,100,7,-1,NA,true,111500,1115.000,102039188000
listas,ListaDobleConCola,find,final,20261921,1000,1000,100,8,-1,NA,true,112200,1122.000,97799310100
listas,ListaDobleConCola,find,final,20261921,1000,1000,100,9,-1,NA,true,111900,1119.000,42931338400
listas,ListaDobleConCola,find,final,20261921,1000,1000,100,10,-1,NA,true,113900,1139.000,85941799800
listas,ListaDobleConCola,find,ausente,20261921,1000,1000,100,1,-1,NA,true,113000,1130.000,100
listas,ListaDobleConCola,find,ausente,20261921,1000,1000,100,2,-1,NA,true,110000,1100.000,100
listas,ListaDobleConCola,find,ausente,20261921,1000,1000,100,3,-1,NA,true,113100,1131.000,100
listas,ListaDobleConCola,find,ausente,20261921,1000,1000,100,4,-1,NA,true,111000,1110.000,100
listas,ListaDobleConCola,find,ausente,20261921,1000,1000,100,5,-1,NA,true,114500,1145.000,100
listas,ListaDobleConCola,find,ausente,20261921,1000,1000,100,6,-1,NA,true,118600,1186.000,100
listas,ListaDobleConCola,find,ausente,20261921,1000,1000,100,7,-1,NA,true,117300,1173.000,100
listas,ListaDobleConCola,find,ausente,20261921,1000,1000,100,8,-1,NA,true,111800,1118.000,100
listas,ListaDobleConCola,find,ausente,20261921,1000,1000,100,9,-1,NA,true,110400,1104.000,100
listas,ListaDobleConCola,find,ausente,20261921,1000,1000,100,10,-1,NA,true,110900,1109.000,100
listas,ListaDobleConCola,erase,inicio_nodo_prelocalizado,20261921,1000,999,100,1,-1,NA,true,3400,34.000,23300
listas,ListaDobleConCola,erase,inicio_nodo_prelocalizado,20261921,1000,999,100,2,-1,NA,true,3000,30.000,23300
listas,ListaDobleConCola,erase,inicio_nodo_prelocalizado,20261921,1000,999,100,3,-1,NA,true,3200,32.000,23300
listas,ListaDobleConCola,erase,inicio_nodo_prelocalizado,20261921,1000,999,100,4,-1,NA,true,3400,34.000,23300
listas,ListaDobleConCola,erase,inicio_nodo_prelocalizado,20261921,1000,999,100,5,-1,NA,true,2900,29.000,23300
listas,ListaDobleConCola,erase,inicio_nodo_prelocalizado,20261921,1000,999,100,6,-1,NA,true,2800,28.000,23300
listas,ListaDobleConCola,erase,inicio_nodo_prelocalizado,20261921,1000,999,100,7,-1,NA,true,2100,21.000,23300
listas,ListaDobleConCola,erase,inicio_nodo_prelocalizado,20261921,1000,999,100,8,-1,NA,true,2700,27.000,23300
listas,ListaDobleConCola,erase,inicio_nodo_prelocalizado,20261921,1000,999,100,9,-1,NA,true,2500,25.000,23300
listas,ListaDobleConCola,erase,inicio_nodo_prelocalizado,20261921,1000,999,100,10,-1,NA,true,2500,25.000,23300
listas,ListaDobleConCola,erase,medio_nodo_prelocalizado,20261921,1000,999,100,1,-1,NA,true,2300,23.000,5500
listas,ListaDobleConCola,erase,medio_nodo_prelocalizado,20261921,1000,999,100,2,-1,NA,true,2100,21.000,5500
listas,ListaDobleConCola,erase,medio_nodo_prelocalizado,20261921,1000,999,100,3,-1,NA,true,2500,25.000,5500
listas,ListaDobleConCola,erase,medio_nodo_prelocalizado,20261921,1000,999,100,4,-1,NA,true,2700,27.000,5500
listas,ListaDobleConCola,erase,medio_nodo_prelocalizado,20261921,1000,999,100,5,-1,NA,true,2100,21.000,5500
listas,ListaDobleConCola,erase,medio_nodo_prelocalizado,20261921,1000,999,100,6,-1,NA,true,2800,28.000,5500
listas,ListaDobleConCola,erase,medio_nodo_prelocalizado,20261921,1000,999,100,7,-1,NA,true,2000,20.000,5500
listas,ListaDobleConCola,erase,medio_nodo_prelocalizado,20261921,1000,999,100,8,-1,NA,true,2300,23.000,5500
listas,ListaDobleConCola,erase,medio_nodo_prelocalizado,20261921,1000,999,100,9,-1,NA,true,2400,24.000,5500
listas,ListaDobleConCola,erase,medio_nodo_prelocalizado,20261921,1000,999,100,10,-1,NA,true,2300,23.000,5500
listas,ListaDobleConCola,erase,final_nodo_prelocalizado,20261921,1000,999,100,1,-1,NA,true,2600,26.000,74100
listas,ListaDobleConCola,erase,final_nodo_prelocalizado,20261921,1000,999,100,2,-1,NA,true,2700,27.000,74100
listas,ListaDobleConCola,erase,final_nodo_prelocalizado,20261921,1000,999,100,3,-1,NA,true,2100,21.000,74100
listas,ListaDobleConCola,erase,final_nodo_prelocalizado,20261921,1000,999,100,4,-1,NA,true,2400,24.000,74100
listas,ListaDobleConCola,erase,final_nodo_prelocalizado,20261921,1000,999,100,5,-1,NA,true,2300,23.000,74100
listas,ListaDobleConCola,erase,final_nodo_prelocalizado,20261921,1000,999,100,6,-1,NA,true,2500,25.000,74100
listas,ListaDobleConCola,erase,final_nodo_prelocalizado,20261921,1000,999,100,7,-1,NA,true,2400,24.000,74100
listas,ListaDobleConCola,erase,final_nodo_prelocalizado,20261921,1000,999,100,8,-1,NA,true,2100,21.000,74100
listas,ListaDobleConCola,erase,final_nodo_prelocalizado,20261921,1000,999,100,9,-1,NA,true,2800,28.000,74100
listas,ListaDobleConCola,erase,final_nodo_prelocalizado,20261921,1000,999,100,10,-1,NA,true,2600,26.000,74100
listas,ListaDobleConCola,addBefore,inicio_nodo_prelocalizado,20261921,1000,1001,100,1,-1,NA,true,2400,24.000,100100
listas,ListaDobleConCola,addBefore,inicio_nodo_prelocalizado,20261921,1000,1001,100,2,-1,NA,true,2600,26.000,100100
listas,ListaDobleConCola,addBefore,inicio_nodo_prelocalizado,20261921,1000,1001,100,3,-1,NA,true,2600,26.000,100100
listas,ListaDobleConCola,addBefore,inicio_nodo_prelocalizado,20261921,1000,1001,100,4,-1,NA,true,2600,26.000,100100
listas,ListaDobleConCola,addBefore,inicio_nodo_prelocalizado,20261921,1000,1001,100,5,-1,NA,true,2500,25.000,100100
listas,ListaDobleConCola,addBefore,inicio_nodo_prelocalizado,20261921,1000,1001,100,6,-1,NA,true,2200,22.000,100100
listas,ListaDobleConCola,addBefore,inicio_nodo_prelocalizado,20261921,1000,1001,100,7,-1,NA,true,2600,26.000,100100
listas,ListaDobleConCola,addBefore,inicio_nodo_prelocalizado,20261921,1000,1001,100,8,-1,NA,true,2500,25.000,100100
listas,ListaDobleConCola,addBefore,inicio_nodo_prelocalizado,20261921,1000,1001,100,9,-1,NA,true,2600,26.000,100100
listas,ListaDobleConCola,addBefore,inicio_nodo_prelocalizado,20261921,1000,1001,100,10,-1,NA,true,2500,25.000,100100
listas,ListaDobleConCola,addBefore,medio_nodo_prelocalizado,20261921,1000,1001,100,1,-1,NA,true,2400,24.000,100100
listas,ListaDobleConCola,addBefore,medio_nodo_prelocalizado,20261921,1000,1001,100,2,-1,NA,true,2700,27.000,100100
listas,ListaDobleConCola,addBefore,medio_nodo_prelocalizado,20261921,1000,1001,100,3,-1,NA,true,2700,27.000,100100
listas,ListaDobleConCola,addBefore,medio_nodo_prelocalizado,20261921,1000,1001,100,4,-1,NA,true,2700,27.000,100100
listas,ListaDobleConCola,addBefore,medio_nodo_prelocalizado,20261921,1000,1001,100,5,-1,NA,true,2700,27.000,100100
listas,ListaDobleConCola,addBefore,medio_nodo_prelocalizado,20261921,1000,1001,100,6,-1,NA,true,2500,25.000,100100
listas,ListaDobleConCola,addBefore,medio_nodo_prelocalizado,20261921,1000,1001,100,7,-1,NA,true,2200,22.000,100100
listas,ListaDobleConCola,addBefore,medio_nodo_prelocalizado,20261921,1000,1001,100,8,-1,NA,true,2600,26.000,100100
listas,ListaDobleConCola,addBefore,medio_nodo_prelocalizado,20261921,1000,1001,100,9,-1,NA,true,2400,24.000,100100
listas,ListaDobleConCola,addBefore,medio_nodo_prelocalizado,20261921,1000,1001,100,10,-1,NA,true,2300,23.000,100100
listas,ListaDobleConCola,addBefore,final_nodo_prelocalizado,20261921,1000,1001,100,1,-1,NA,true,2200,22.000,100100
listas,ListaDobleConCola,addBefore,final_nodo_prelocalizado,20261921,1000,1001,100,2,-1,NA,true,2500,25.000,100100
listas,ListaDobleConCola,addBefore,final_nodo_prelocalizado,20261921,1000,1001,100,3,-1,NA,true,2300,23.000,100100
listas,ListaDobleConCola,addBefore,final_nodo_prelocalizado,20261921,1000,1001,100,4,-1,NA,true,2500,25.000,100100
listas,ListaDobleConCola,addBefore,final_nodo_prelocalizado,20261921,1000,1001,100,5,-1,NA,true,2200,22.000,100100
listas,ListaDobleConCola,addBefore,final_nodo_prelocalizado,20261921,1000,1001,100,6,-1,NA,true,2400,24.000,100100
listas,ListaDobleConCola,addBefore,final_nodo_prelocalizado,20261921,1000,1001,100,7,-1,NA,true,2100,21.000,100100
listas,ListaDobleConCola,addBefore,final_nodo_prelocalizado,20261921,1000,1001,100,8,-1,NA,true,2900,29.000,100100
listas,ListaDobleConCola,addBefore,final_nodo_prelocalizado,20261921,1000,1001,100,9,-1,NA,true,2100,21.000,100100
listas,ListaDobleConCola,addBefore,final_nodo_prelocalizado,20261921,1000,1001,100,10,-1,NA,true,2500,25.000,100100
listas,ListaDobleConCola,addAfter,inicio_nodo_prelocalizado,20261921,1000,1001,100,1,-1,NA,true,2500,25.000,100100
listas,ListaDobleConCola,addAfter,inicio_nodo_prelocalizado,20261921,1000,1001,100,2,-1,NA,true,2300,23.000,100100
listas,ListaDobleConCola,addAfter,inicio_nodo_prelocalizado,20261921,1000,1001,100,3,-1,NA,true,2500,25.000,100100
listas,ListaDobleConCola,addAfter,inicio_nodo_prelocalizado,20261921,1000,1001,100,4,-1,NA,true,5600,56.000,100100
listas,ListaDobleConCola,addAfter,inicio_nodo_prelocalizado,20261921,1000,1001,100,5,-1,NA,true,2600,26.000,100100
listas,ListaDobleConCola,addAfter,inicio_nodo_prelocalizado,20261921,1000,1001,100,6,-1,NA,true,2600,26.000,100100
listas,ListaDobleConCola,addAfter,inicio_nodo_prelocalizado,20261921,1000,1001,100,7,-1,NA,true,2700,27.000,100100
listas,ListaDobleConCola,addAfter,inicio_nodo_prelocalizado,20261921,1000,1001,100,8,-1,NA,true,2400,24.000,100100
listas,ListaDobleConCola,addAfter,inicio_nodo_prelocalizado,20261921,1000,1001,100,9,-1,NA,true,2600,26.000,100100
listas,ListaDobleConCola,addAfter,inicio_nodo_prelocalizado,20261921,1000,1001,100,10,-1,NA,true,2700,27.000,100100
listas,ListaDobleConCola,addAfter,medio_nodo_prelocalizado,20261921,1000,1001,100,1,-1,NA,true,2100,21.000,100100
listas,ListaDobleConCola,addAfter,medio_nodo_prelocalizado,20261921,1000,1001,100,2,-1,NA,true,2500,25.000,100100
listas,ListaDobleConCola,addAfter,medio_nodo_prelocalizado,20261921,1000,1001,100,3,-1,NA,true,2300,23.000,100100
listas,ListaDobleConCola,addAfter,medio_nodo_prelocalizado,20261921,1000,1001,100,4,-1,NA,true,3100,31.000,100100
listas,ListaDobleConCola,addAfter,medio_nodo_prelocalizado,20261921,1000,1001,100,5,-1,NA,true,2600,26.000,100100
listas,ListaDobleConCola,addAfter,medio_nodo_prelocalizado,20261921,1000,1001,100,6,-1,NA,true,2200,22.000,100100
listas,ListaDobleConCola,addAfter,medio_nodo_prelocalizado,20261921,1000,1001,100,7,-1,NA,true,2200,22.000,100100
listas,ListaDobleConCola,addAfter,medio_nodo_prelocalizado,20261921,1000,1001,100,8,-1,NA,true,2400,24.000,100100
listas,ListaDobleConCola,addAfter,medio_nodo_prelocalizado,20261921,1000,1001,100,9,-1,NA,true,2500,25.000,100100
listas,ListaDobleConCola,addAfter,medio_nodo_prelocalizado,20261921,1000,1001,100,10,-1,NA,true,2500,25.000,100100
listas,ListaDobleConCola,addAfter,final_nodo_prelocalizado,20261921,1000,1001,100,1,-1,NA,true,1900,19.000,100100
listas,ListaDobleConCola,addAfter,final_nodo_prelocalizado,20261921,1000,1001,100,2,-1,NA,true,2600,26.000,100100
listas,ListaDobleConCola,addAfter,final_nodo_prelocalizado,20261921,1000,1001,100,3,-1,NA,true,2800,28.000,100100
listas,ListaDobleConCola,addAfter,final_nodo_prelocalizado,20261921,1000,1001,100,4,-1,NA,true,2700,27.000,100100
listas,ListaDobleConCola,addAfter,final_nodo_prelocalizado,20261921,1000,1001,100,5,-1,NA,true,3000,30.000,100100
listas,ListaDobleConCola,addAfter,final_nodo_prelocalizado,20261921,1000,1001,100,6,-1,NA,true,2100,21.000,100100
listas,ListaDobleConCola,addAfter,final_nodo_prelocalizado,20261921,1000,1001,100,7,-1,NA,true,2300,23.000,100100
listas,ListaDobleConCola,addAfter,final_nodo_prelocalizado,20261921,1000,1001,100,8,-1,NA,true,3700,37.000,100100
listas,ListaDobleConCola,addAfter,final_nodo_prelocalizado,20261921,1000,1001,100,9,-1,NA,true,2800,28.000,100100
listas,ListaDobleConCola,addAfter,final_nodo_prelocalizado,20261921,1000,1001,100,10,-1,NA,true,1900,19.000,100100
listas,ListaSimpleSinCola,pushFront,general,20261921,1000,1001,2000,1,-1,NA,true,48200,24.100,-4294967296000
listas,ListaSimpleSinCola,pushFront,general,20261921,1000,1001,2000,2,-1,NA,true,49100,24.550,-4294967296000
listas,ListaSimpleSinCola,pushFront,general,20261921,1000,1001,2000,3,-1,NA,true,47600,23.800,-4294967296000
listas,ListaSimpleSinCola,pushFront,general,20261921,1000,1001,2000,4,-1,NA,true,48000,24.000,-4294967296000
listas,ListaSimpleSinCola,pushFront,general,20261921,1000,1001,2000,5,-1,NA,true,49900,24.950,-4294967296000
listas,ListaSimpleSinCola,pushFront,general,20261921,1000,1001,2000,6,-1,NA,true,49600,24.800,-4294967296000
listas,ListaSimpleSinCola,pushFront,general,20261921,1000,1001,2000,7,-1,NA,true,52100,26.050,-4294967296000
listas,ListaSimpleSinCola,pushFront,general,20261921,1000,1001,2000,8,-1,NA,true,48000,24.000,-4294967296000
listas,ListaSimpleSinCola,pushFront,general,20261921,1000,1001,2000,9,-1,NA,true,48900,24.450,-4294967296000
listas,ListaSimpleSinCola,pushFront,general,20261921,1000,1001,2000,10,-1,NA,true,50600,25.300,-4294967296000
listas,ListaSimpleSinCola,popFront,general,20261921,1000,999,2000,1,-1,NA,true,46000,23.000,466000
listas,ListaSimpleSinCola,popFront,general,20261921,1000,999,2000,2,-1,NA,true,47100,23.550,466000
listas,ListaSimpleSinCola,popFront,general,20261921,1000,999,2000,3,-1,NA,true,48000,24.000,466000
listas,ListaSimpleSinCola,popFront,general,20261921,1000,999,2000,4,-1,NA,true,47900,23.950,466000
listas,ListaSimpleSinCola,popFront,general,20261921,1000,999,2000,5,-1,NA,true,48400,24.200,466000
listas,ListaSimpleSinCola,popFront,general,20261921,1000,999,2000,6,-1,NA,true,49100,24.550,466000
listas,ListaSimpleSinCola,popFront,general,20261921,1000,999,2000,7,-1,NA,true,47700,23.850,466000
listas,ListaSimpleSinCola,popFront,general,20261921,1000,999,2000,8,-1,NA,true,46700,23.350,466000
listas,ListaSimpleSinCola,popFront,general,20261921,1000,999,2000,9,-1,NA,true,47900,23.950,466000
listas,ListaSimpleSinCola,popFront,general,20261921,1000,999,2000,10,-1,NA,true,48500,24.250,466000
listas,ListaSimpleSinCola,topFront,general,20261921,1000,1000,2000,1,-1,NA,true,4200,2.100,466000
listas,ListaSimpleSinCola,topFront,general,20261921,1000,1000,2000,2,-1,NA,true,4200,2.100,466000
listas,ListaSimpleSinCola,topFront,general,20261921,1000,1000,2000,3,-1,NA,true,4200,2.100,466000
listas,ListaSimpleSinCola,topFront,general,20261921,1000,1000,2000,4,-1,NA,true,4200,2.100,466000
listas,ListaSimpleSinCola,topFront,general,20261921,1000,1000,2000,5,-1,NA,true,4200,2.100,466000
listas,ListaSimpleSinCola,topFront,general,20261921,1000,1000,2000,6,-1,NA,true,4100,2.050,466000
listas,ListaSimpleSinCola,topFront,general,20261921,1000,1000,2000,7,-1,NA,true,4200,2.100,466000
listas,ListaSimpleSinCola,topFront,general,20261921,1000,1000,2000,8,-1,NA,true,4200,2.100,466000
listas,ListaSimpleSinCola,topFront,general,20261921,1000,1000,2000,9,-1,NA,true,4200,2.100,466000
listas,ListaSimpleSinCola,topFront,general,20261921,1000,1000,2000,10,-1,NA,true,4200,2.100,466000
listas,ListaSimpleSinCola,size,no_vacia,20261921,1000,1000,2000,1,-1,NA,true,3700,1.850,2000000
listas,ListaSimpleSinCola,size,no_vacia,20261921,1000,1000,2000,2,-1,NA,true,3700,1.850,2000000
listas,ListaSimpleSinCola,size,no_vacia,20261921,1000,1000,2000,3,-1,NA,true,3700,1.850,2000000
listas,ListaSimpleSinCola,size,no_vacia,20261921,1000,1000,2000,4,-1,NA,true,3700,1.850,2000000
listas,ListaSimpleSinCola,size,no_vacia,20261921,1000,1000,2000,5,-1,NA,true,3700,1.850,2000000
listas,ListaSimpleSinCola,size,no_vacia,20261921,1000,1000,2000,6,-1,NA,true,3700,1.850,2000000
listas,ListaSimpleSinCola,size,no_vacia,20261921,1000,1000,2000,7,-1,NA,true,3700,1.850,2000000
listas,ListaSimpleSinCola,size,no_vacia,20261921,1000,1000,2000,8,-1,NA,true,3600,1.800,2000000
listas,ListaSimpleSinCola,size,no_vacia,20261921,1000,1000,2000,9,-1,NA,true,3700,1.850,2000000
listas,ListaSimpleSinCola,size,no_vacia,20261921,1000,1000,2000,10,-1,NA,true,3700,1.850,2000000
listas,ListaSimpleSinCola,isEmpty,no_vacia,20261921,1000,1000,2000,1,-1,NA,true,3100,1.550,0
listas,ListaSimpleSinCola,isEmpty,no_vacia,20261921,1000,1000,2000,2,-1,NA,true,3100,1.550,0
listas,ListaSimpleSinCola,isEmpty,no_vacia,20261921,1000,1000,2000,3,-1,NA,true,3100,1.550,0
listas,ListaSimpleSinCola,isEmpty,no_vacia,20261921,1000,1000,2000,4,-1,NA,true,3100,1.550,0
listas,ListaSimpleSinCola,isEmpty,no_vacia,20261921,1000,1000,2000,5,-1,NA,true,3100,1.550,0
listas,ListaSimpleSinCola,isEmpty,no_vacia,20261921,1000,1000,2000,6,-1,NA,true,3100,1.550,0
listas,ListaSimpleSinCola,isEmpty,no_vacia,20261921,1000,1000,2000,7,-1,NA,true,3100,1.550,0
listas,ListaSimpleSinCola,isEmpty,no_vacia,20261921,1000,1000,2000,8,-1,NA,true,3100,1.550,0
listas,ListaSimpleSinCola,isEmpty,no_vacia,20261921,1000,1000,2000,9,-1,NA,true,3100,1.550,0
listas,ListaSimpleSinCola,isEmpty,no_vacia,20261921,1000,1000,2000,10,-1,NA,true,3200,1.600,0
listas,ListaSimpleSinCola,pushBack,general,20261921,1000,1001,100,1,-1,NA,true,109100,1091.000,-214748364800
listas,ListaSimpleSinCola,pushBack,general,20261921,1000,1001,100,2,-1,NA,true,111000,1110.000,-214748364800
listas,ListaSimpleSinCola,pushBack,general,20261921,1000,1001,100,3,-1,NA,true,110600,1106.000,-214748364800
listas,ListaSimpleSinCola,pushBack,general,20261921,1000,1001,100,4,-1,NA,true,109400,1094.000,-214748364800
listas,ListaSimpleSinCola,pushBack,general,20261921,1000,1001,100,5,-1,NA,true,111600,1116.000,-214748364800
listas,ListaSimpleSinCola,pushBack,general,20261921,1000,1001,100,6,-1,NA,true,109300,1093.000,-214748364800
listas,ListaSimpleSinCola,pushBack,general,20261921,1000,1001,100,7,-1,NA,true,109200,1092.000,-214748364800
listas,ListaSimpleSinCola,pushBack,general,20261921,1000,1001,100,8,-1,NA,true,109400,1094.000,-214748364800
listas,ListaSimpleSinCola,pushBack,general,20261921,1000,1001,100,9,-1,NA,true,117600,1176.000,-214748364800
listas,ListaSimpleSinCola,pushBack,general,20261921,1000,1001,100,10,-1,NA,true,110800,1108.000,-214748364800
listas,ListaSimpleSinCola,popBack,general,20261921,1000,999,100,1,-1,NA,true,109900,1099.000,74100
listas,ListaSimpleSinCola,popBack,general,20261921,1000,999,100,2,-1,NA,true,109500,1095.000,74100
listas,ListaSimpleSinCola,popBack,general,20261921,1000,999,100,3,-1,NA,true,109400,1094.000,74100
listas,ListaSimpleSinCola,popBack,general,20261921,1000,999,100,4,-1,NA,true,110000,1100.000,74100
listas,ListaSimpleSinCola,popBack,general,20261921,1000,999,100,5,-1,NA,true,110300,1103.000,74100
listas,ListaSimpleSinCola,popBack,general,20261921,1000,999,100,6,-1,NA,true,109700,1097.000,74100
listas,ListaSimpleSinCola,popBack,general,20261921,1000,999,100,7,-1,NA,true,109300,1093.000,74100
listas,ListaSimpleSinCola,popBack,general,20261921,1000,999,100,8,-1,NA,true,110100,1101.000,74100
listas,ListaSimpleSinCola,popBack,general,20261921,1000,999,100,9,-1,NA,true,109500,1095.000,74100
listas,ListaSimpleSinCola,popBack,general,20261921,1000,999,100,10,-1,NA,true,110700,1107.000,74100
listas,ListaSimpleSinCola,topBack,general,20261921,1000,1000,100,1,-1,NA,true,108600,1086.000,74100
listas,ListaSimpleSinCola,topBack,general,20261921,1000,1000,100,2,-1,NA,true,113300,1133.000,74100
listas,ListaSimpleSinCola,topBack,general,20261921,1000,1000,100,3,-1,NA,true,107500,1075.000,74100
listas,ListaSimpleSinCola,topBack,general,20261921,1000,1000,100,4,-1,NA,true,108700,1087.000,74100
listas,ListaSimpleSinCola,topBack,general,20261921,1000,1000,100,5,-1,NA,true,107800,1078.000,74100
listas,ListaSimpleSinCola,topBack,general,20261921,1000,1000,100,6,-1,NA,true,109600,1096.000,74100
listas,ListaSimpleSinCola,topBack,general,20261921,1000,1000,100,7,-1,NA,true,108100,1081.000,74100
listas,ListaSimpleSinCola,topBack,general,20261921,1000,1000,100,8,-1,NA,true,109100,1091.000,74100
listas,ListaSimpleSinCola,topBack,general,20261921,1000,1000,100,9,-1,NA,true,107100,1071.000,74100
listas,ListaSimpleSinCola,topBack,general,20261921,1000,1000,100,10,-1,NA,true,108400,1084.000,74100
listas,ListaSimpleSinCola,find,inicio,20261921,1000,1000,100,1,-1,NA,true,2400,24.000,14263862900
listas,ListaSimpleSinCola,find,inicio,20261921,1000,1000,100,2,-1,NA,true,2200,22.000,70780693800
listas,ListaSimpleSinCola,find,inicio,20261921,1000,1000,100,3,-1,NA,true,2900,29.000,70526596100
listas,ListaSimpleSinCola,find,inicio,20261921,1000,1000,100,4,-1,NA,true,2200,22.000,42874685500
listas,ListaSimpleSinCola,find,inicio,20261921,1000,1000,100,5,-1,NA,true,2300,23.000,31798378100
listas,ListaSimpleSinCola,find,inicio,20261921,1000,1000,100,6,-1,NA,true,2100,21.000,98740587900
listas,ListaSimpleSinCola,find,inicio,20261921,1000,1000,100,7,-1,NA,true,2500,25.000,155584526000
listas,ListaSimpleSinCola,find,inicio,20261921,1000,1000,100,8,-1,NA,true,2300,23.000,87408804400
listas,ListaSimpleSinCola,find,inicio,20261921,1000,1000,100,9,-1,NA,true,1800,18.000,10473931000
listas,ListaSimpleSinCola,find,inicio,20261921,1000,1000,100,10,-1,NA,true,2500,25.000,176129132000
listas,ListaSimpleSinCola,find,medio,20261921,1000,1000,100,1,-1,NA,true,55400,554.000,10570496700
listas,ListaSimpleSinCola,find,medio,20261921,1000,1000,100,2,-1,NA,true,55600,556.000,39229241600
listas,ListaSimpleSinCola,find,medio,20261921,1000,1000,100,3,-1,NA,true,55300,553.000,181840215800
listas,ListaSimpleSinCola,find,medio,20261921,1000,1000,100,4,-1,NA,true,56800,568.000,159055041500
listas,ListaSimpleSinCola,find,medio,20261921,1000,1000,100,5,-1,NA,true,58500,585.000,105802509500
listas,ListaSimpleSinCola,find,medio,20261921,1000,1000,100,6,-1,NA,true,55400,554.000,66557614100
listas,ListaSimpleSinCola,find,medio,20261921,1000,1000,100,7,-1,NA,true,55300,553.000,159977132300
listas,ListaSimpleSinCola,find,medio,20261921,1000,1000,100,8,-1,NA,true,58500,585.000,187663141600
listas,ListaSimpleSinCola,find,medio,20261921,1000,1000,100,9,-1,NA,true,60400,604.000,135904462600
listas,ListaSimpleSinCola,find,medio,20261921,1000,1000,100,10,-1,NA,true,55000,550.000,69234213300
listas,ListaSimpleSinCola,find,final,20261921,1000,1000,100,1,-1,NA,true,116900,1169.000,128608495900
listas,ListaSimpleSinCola,find,final,20261921,1000,1000,100,2,-1,NA,true,110800,1108.000,170953775600
listas,ListaSimpleSinCola,find,final,20261921,1000,1000,100,3,-1,NA,true,110900,1109.000,163962280400
listas,ListaSimpleSinCola,find,final,20261921,1000,1000,100,4,-1,NA,true,111300,1113.000,18496624300
listas,ListaSimpleSinCola,find,final,20261921,1000,1000,100,5,-1,NA,true,112000,1120.000,12431327700
listas,ListaSimpleSinCola,find,final,20261921,1000,1000,100,6,-1,NA,true,111900,1119.000,122561640500
listas,ListaSimpleSinCola,find,final,20261921,1000,1000,100,7,-1,NA,true,112400,1124.000,210184285600
listas,ListaSimpleSinCola,find,final,20261921,1000,1000,100,8,-1,NA,true,108600,1086.000,115102032700
listas,ListaSimpleSinCola,find,final,20261921,1000,1000,100,9,-1,NA,true,110400,1104.000,8857964700
listas,ListaSimpleSinCola,find,final,20261921,1000,1000,100,10,-1,NA,true,110700,1107.000,65484576600
listas,ListaSimpleSinCola,find,ausente,20261921,1000,1000,100,1,-1,NA,true,109000,1090.000,100
listas,ListaSimpleSinCola,find,ausente,20261921,1000,1000,100,2,-1,NA,true,108900,1089.000,100
listas,ListaSimpleSinCola,find,ausente,20261921,1000,1000,100,3,-1,NA,true,113900,1139.000,100
listas,ListaSimpleSinCola,find,ausente,20261921,1000,1000,100,4,-1,NA,true,111100,1111.000,100
listas,ListaSimpleSinCola,find,ausente,20261921,1000,1000,100,5,-1,NA,true,109300,1093.000,100
listas,ListaSimpleSinCola,find,ausente,20261921,1000,1000,100,6,-1,NA,true,112200,1122.000,100
listas,ListaSimpleSinCola,find,ausente,20261921,1000,1000,100,7,-1,NA,true,115700,1157.000,100
listas,ListaSimpleSinCola,find,ausente,20261921,1000,1000,100,8,-1,NA,true,109000,1090.000,100
listas,ListaSimpleSinCola,find,ausente,20261921,1000,1000,100,9,-1,NA,true,109000,1090.000,100
listas,ListaSimpleSinCola,find,ausente,20261921,1000,1000,100,10,-1,NA,true,110300,1103.000,100
listas,ListaSimpleSinCola,erase,inicio_nodo_prelocalizado,20261921,1000,999,100,1,-1,NA,true,2100,21.000,23300
listas,ListaSimpleSinCola,erase,inicio_nodo_prelocalizado,20261921,1000,999,100,2,-1,NA,true,2800,28.000,23300
listas,ListaSimpleSinCola,erase,inicio_nodo_prelocalizado,20261921,1000,999,100,3,-1,NA,true,1400,14.000,23300
listas,ListaSimpleSinCola,erase,inicio_nodo_prelocalizado,20261921,1000,999,100,4,-1,NA,true,2100,21.000,23300
listas,ListaSimpleSinCola,erase,inicio_nodo_prelocalizado,20261921,1000,999,100,5,-1,NA,true,2800,28.000,23300
listas,ListaSimpleSinCola,erase,inicio_nodo_prelocalizado,20261921,1000,999,100,6,-1,NA,true,1100,11.000,23300
listas,ListaSimpleSinCola,erase,inicio_nodo_prelocalizado,20261921,1000,999,100,7,-1,NA,true,2300,23.000,23300
listas,ListaSimpleSinCola,erase,inicio_nodo_prelocalizado,20261921,1000,999,100,8,-1,NA,true,2400,24.000,23300
listas,ListaSimpleSinCola,erase,inicio_nodo_prelocalizado,20261921,1000,999,100,9,-1,NA,true,2000,20.000,23300
listas,ListaSimpleSinCola,erase,inicio_nodo_prelocalizado,20261921,1000,999,100,10,-1,NA,true,1500,15.000,23300
listas,ListaSimpleSinCola,erase,medio_nodo_prelocalizado,20261921,1000,999,100,1,-1,NA,true,54800,548.000,5500
listas,ListaSimpleSinCola,erase,medio_nodo_prelocalizado,20261921,1000,999,100,2,-1,NA,true,55100,551.000,5500
listas,ListaSimpleSinCola,erase,medio_nodo_prelocalizado,20261921,1000,999,100,3,-1,NA,true,55700,557.000,5500
listas,ListaSimpleSinCola,erase,medio_nodo_prelocalizado,20261921,1000,999,100,4,-1,NA,true,55000,550.000,5500
listas,ListaSimpleSinCola,erase,medio_nodo_prelocalizado,20261921,1000,999,100,5,-1,NA,true,54700,547.000,5500
listas,ListaSimpleSinCola,erase,medio_nodo_prelocalizado,20261921,1000,999,100,6,-1,NA,true,54700,547.000,5500
listas,ListaSimpleSinCola,erase,medio_nodo_prelocalizado,20261921,1000,999,100,7,-1,NA,true,54800,548.000,5500
listas,ListaSimpleSinCola,erase,medio_nodo_prelocalizado,20261921,1000,999,100,8,-1,NA,true,54700,547.000,5500
listas,ListaSimpleSinCola,erase,medio_nodo_prelocalizado,20261921,1000,999,100,9,-1,NA,true,54500,545.000,5500
listas,ListaSimpleSinCola,erase,medio_nodo_prelocalizado,20261921,1000,999,100,10,-1,NA,true,54600,546.000,5500
listas,ListaSimpleSinCola,erase,final_nodo_prelocalizado,20261921,1000,999,100,1,-1,NA,true,108200,1082.000,74100
listas,ListaSimpleSinCola,erase,final_nodo_prelocalizado,20261921,1000,999,100,2,-1,NA,true,109400,1094.000,74100
listas,ListaSimpleSinCola,erase,final_nodo_prelocalizado,20261921,1000,999,100,3,-1,NA,true,107900,1079.000,74100
listas,ListaSimpleSinCola,erase,final_nodo_prelocalizado,20261921,1000,999,100,4,-1,NA,true,108300,1083.000,74100
listas,ListaSimpleSinCola,erase,final_nodo_prelocalizado,20261921,1000,999,100,5,-1,NA,true,112500,1125.000,74100
listas,ListaSimpleSinCola,erase,final_nodo_prelocalizado,20261921,1000,999,100,6,-1,NA,true,107900,1079.000,74100
listas,ListaSimpleSinCola,erase,final_nodo_prelocalizado,20261921,1000,999,100,7,-1,NA,true,110100,1101.000,74100
listas,ListaSimpleSinCola,erase,final_nodo_prelocalizado,20261921,1000,999,100,8,-1,NA,true,109200,1092.000,74100
listas,ListaSimpleSinCola,erase,final_nodo_prelocalizado,20261921,1000,999,100,9,-1,NA,true,111400,1114.000,74100
listas,ListaSimpleSinCola,erase,final_nodo_prelocalizado,20261921,1000,999,100,10,-1,NA,true,108000,1080.000,74100
listas,ListaSimpleSinCola,addBefore,inicio_nodo_prelocalizado,20261921,1000,1001,100,1,-1,NA,true,2900,29.000,100100
listas,ListaSimpleSinCola,addBefore,inicio_nodo_prelocalizado,20261921,1000,1001,100,2,-1,NA,true,1700,17.000,100100
listas,ListaSimpleSinCola,addBefore,inicio_nodo_prelocalizado,20261921,1000,1001,100,3,-1,NA,true,2000,20.000,100100
listas,ListaSimpleSinCola,addBefore,inicio_nodo_prelocalizado,20261921,1000,1001,100,4,-1,NA,true,2300,23.000,100100
listas,ListaSimpleSinCola,addBefore,inicio_nodo_prelocalizado,20261921,1000,1001,100,5,-1,NA,true,2600,26.000,100100
listas,ListaSimpleSinCola,addBefore,inicio_nodo_prelocalizado,20261921,1000,1001,100,6,-1,NA,true,2400,24.000,100100
listas,ListaSimpleSinCola,addBefore,inicio_nodo_prelocalizado,20261921,1000,1001,100,7,-1,NA,true,2800,28.000,100100
listas,ListaSimpleSinCola,addBefore,inicio_nodo_prelocalizado,20261921,1000,1001,100,8,-1,NA,true,3300,33.000,100100
listas,ListaSimpleSinCola,addBefore,inicio_nodo_prelocalizado,20261921,1000,1001,100,9,-1,NA,true,2000,20.000,100100
listas,ListaSimpleSinCola,addBefore,inicio_nodo_prelocalizado,20261921,1000,1001,100,10,-1,NA,true,3100,31.000,100100
listas,ListaSimpleSinCola,addBefore,medio_nodo_prelocalizado,20261921,1000,1001,100,1,-1,NA,true,56500,565.000,100100
listas,ListaSimpleSinCola,addBefore,medio_nodo_prelocalizado,20261921,1000,1001,100,2,-1,NA,true,57600,576.000,100100
listas,ListaSimpleSinCola,addBefore,medio_nodo_prelocalizado,20261921,1000,1001,100,3,-1,NA,true,56600,566.000,100100
listas,ListaSimpleSinCola,addBefore,medio_nodo_prelocalizado,20261921,1000,1001,100,4,-1,NA,true,57300,573.000,100100
listas,ListaSimpleSinCola,addBefore,medio_nodo_prelocalizado,20261921,1000,1001,100,5,-1,NA,true,56300,563.000,100100
listas,ListaSimpleSinCola,addBefore,medio_nodo_prelocalizado,20261921,1000,1001,100,6,-1,NA,true,54800,548.000,100100
listas,ListaSimpleSinCola,addBefore,medio_nodo_prelocalizado,20261921,1000,1001,100,7,-1,NA,true,55800,558.000,100100
listas,ListaSimpleSinCola,addBefore,medio_nodo_prelocalizado,20261921,1000,1001,100,8,-1,NA,true,55000,550.000,100100
listas,ListaSimpleSinCola,addBefore,medio_nodo_prelocalizado,20261921,1000,1001,100,9,-1,NA,true,55600,556.000,100100
listas,ListaSimpleSinCola,addBefore,medio_nodo_prelocalizado,20261921,1000,1001,100,10,-1,NA,true,55500,555.000,100100
listas,ListaSimpleSinCola,addBefore,final_nodo_prelocalizado,20261921,1000,1001,100,1,-1,NA,true,113500,1135.000,100100
listas,ListaSimpleSinCola,addBefore,final_nodo_prelocalizado,20261921,1000,1001,100,2,-1,NA,true,113700,1137.000,100100
listas,ListaSimpleSinCola,addBefore,final_nodo_prelocalizado,20261921,1000,1001,100,3,-1,NA,true,113200,1132.000,100100
listas,ListaSimpleSinCola,addBefore,final_nodo_prelocalizado,20261921,1000,1001,100,4,-1,NA,true,113600,1136.000,100100
listas,ListaSimpleSinCola,addBefore,final_nodo_prelocalizado,20261921,1000,1001,100,5,-1,NA,true,111800,1118.000,100100
listas,ListaSimpleSinCola,addBefore,final_nodo_prelocalizado,20261921,1000,1001,100,6,-1,NA,true,113900,1139.000,100100
listas,ListaSimpleSinCola,addBefore,final_nodo_prelocalizado,20261921,1000,1001,100,7,-1,NA,true,113000,1130.000,100100
listas,ListaSimpleSinCola,addBefore,final_nodo_prelocalizado,20261921,1000,1001,100,8,-1,NA,true,112300,1123.000,100100
listas,ListaSimpleSinCola,addBefore,final_nodo_prelocalizado,20261921,1000,1001,100,9,-1,NA,true,114600,1146.000,100100
listas,ListaSimpleSinCola,addBefore,final_nodo_prelocalizado,20261921,1000,1001,100,10,-1,NA,true,113300,1133.000,100100
listas,ListaSimpleSinCola,addAfter,inicio_nodo_prelocalizado,20261921,1000,1001,100,1,-1,NA,true,1200,12.000,100100
listas,ListaSimpleSinCola,addAfter,inicio_nodo_prelocalizado,20261921,1000,1001,100,2,-1,NA,true,3100,31.000,100100
listas,ListaSimpleSinCola,addAfter,inicio_nodo_prelocalizado,20261921,1000,1001,100,3,-1,NA,true,2600,26.000,100100
listas,ListaSimpleSinCola,addAfter,inicio_nodo_prelocalizado,20261921,1000,1001,100,4,-1,NA,true,7100,71.000,100100
listas,ListaSimpleSinCola,addAfter,inicio_nodo_prelocalizado,20261921,1000,1001,100,5,-1,NA,true,3300,33.000,100100
listas,ListaSimpleSinCola,addAfter,inicio_nodo_prelocalizado,20261921,1000,1001,100,6,-1,NA,true,3300,33.000,100100
listas,ListaSimpleSinCola,addAfter,inicio_nodo_prelocalizado,20261921,1000,1001,100,7,-1,NA,true,2700,27.000,100100
listas,ListaSimpleSinCola,addAfter,inicio_nodo_prelocalizado,20261921,1000,1001,100,8,-1,NA,true,1600,16.000,100100
listas,ListaSimpleSinCola,addAfter,inicio_nodo_prelocalizado,20261921,1000,1001,100,9,-1,NA,true,2700,27.000,100100
listas,ListaSimpleSinCola,addAfter,inicio_nodo_prelocalizado,20261921,1000,1001,100,10,-1,NA,true,2400,24.000,100100
listas,ListaSimpleSinCola,addAfter,medio_nodo_prelocalizado,20261921,1000,1001,100,1,-1,NA,true,2200,22.000,100100
listas,ListaSimpleSinCola,addAfter,medio_nodo_prelocalizado,20261921,1000,1001,100,2,-1,NA,true,2100,21.000,100100
listas,ListaSimpleSinCola,addAfter,medio_nodo_prelocalizado,20261921,1000,1001,100,3,-1,NA,true,2600,26.000,100100
listas,ListaSimpleSinCola,addAfter,medio_nodo_prelocalizado,20261921,1000,1001,100,4,-1,NA,true,2500,25.000,100100
listas,ListaSimpleSinCola,addAfter,medio_nodo_prelocalizado,20261921,1000,1001,100,5,-1,NA,true,4700,47.000,100100
listas,ListaSimpleSinCola,addAfter,medio_nodo_prelocalizado,20261921,1000,1001,100,6,-1,NA,true,2200,22.000,100100
listas,ListaSimpleSinCola,addAfter,medio_nodo_prelocalizado,20261921,1000,1001,100,7,-1,NA,true,2200,22.000,100100
listas,ListaSimpleSinCola,addAfter,medio_nodo_prelocalizado,20261921,1000,1001,100,8,-1,NA,true,2500,25.000,100100
listas,ListaSimpleSinCola,addAfter,medio_nodo_prelocalizado,20261921,1000,1001,100,9,-1,NA,true,3200,32.000,100100
listas,ListaSimpleSinCola,addAfter,medio_nodo_prelocalizado,20261921,1000,1001,100,10,-1,NA,true,1800,18.000,100100
listas,ListaSimpleSinCola,addAfter,final_nodo_prelocalizado,20261921,1000,1001,100,1,-1,NA,true,2400,24.000,100100
listas,ListaSimpleSinCola,addAfter,final_nodo_prelocalizado,20261921,1000,1001,100,2,-1,NA,true,1900,19.000,100100
listas,ListaSimpleSinCola,addAfter,final_nodo_prelocalizado,20261921,1000,1001,100,3,-1,NA,true,2900,29.000,100100
listas,ListaSimpleSinCola,addAfter,final_nodo_prelocalizado,20261921,1000,1001,100,4,-1,NA,true,2700,27.000,100100
listas,ListaSimpleSinCola,addAfter,final_nodo_prelocalizado,20261921,1000,1001,100,5,-1,NA,true,2300,23.000,100100
listas,ListaSimpleSinCola,addAfter,final_nodo_prelocalizado,20261921,1000,1001,100,6,-1,NA,true,4700,47.000,100100
listas,ListaSimpleSinCola,addAfter,final_nodo_prelocalizado,20261921,1000,1001,100,7,-1,NA,true,2300,23.000,100100
listas,ListaSimpleSinCola,addAfter,final_nodo_prelocalizado,20261921,1000,1001,100,8,-1,NA,true,2700,27.000,100100
listas,ListaSimpleSinCola,addAfter,final_nodo_prelocalizado,20261921,1000,1001,100,9,-1,NA,true,2900,29.000,100100
listas,ListaSimpleSinCola,addAfter,final_nodo_prelocalizado,20261921,1000,1001,100,10,-1,NA,true,2800,28.000,100100
listas,ListaSimpleConCola,pushFront,general,20261921,1000,1001,2000,1,-1,NA,true,49000,24.500,-4294967296000
listas,ListaSimpleConCola,pushFront,general,20261921,1000,1001,2000,2,-1,NA,true,49500,24.750,-4294967296000
listas,ListaSimpleConCola,pushFront,general,20261921,1000,1001,2000,3,-1,NA,true,49300,24.650,-4294967296000
listas,ListaSimpleConCola,pushFront,general,20261921,1000,1001,2000,4,-1,NA,true,55000,27.500,-4294967296000
listas,ListaSimpleConCola,pushFront,general,20261921,1000,1001,2000,5,-1,NA,true,54800,27.400,-4294967296000
listas,ListaSimpleConCola,pushFront,general,20261921,1000,1001,2000,6,-1,NA,true,49200,24.600,-4294967296000
listas,ListaSimpleConCola,pushFront,general,20261921,1000,1001,2000,7,-1,NA,true,51600,25.800,-4294967296000
listas,ListaSimpleConCola,pushFront,general,20261921,1000,1001,2000,8,-1,NA,true,52500,26.250,-4294967296000
listas,ListaSimpleConCola,pushFront,general,20261921,1000,1001,2000,9,-1,NA,true,53400,26.700,-4294967296000
listas,ListaSimpleConCola,pushFront,general,20261921,1000,1001,2000,10,-1,NA,true,49900,24.950,-4294967296000
listas,ListaSimpleConCola,popFront,general,20261921,1000,999,2000,1,-1,NA,true,49100,24.550,466000
listas,ListaSimpleConCola,popFront,general,20261921,1000,999,2000,2,-1,NA,true,47300,23.650,466000
listas,ListaSimpleConCola,popFront,general,20261921,1000,999,2000,3,-1,NA,true,138000,69.000,466000
listas,ListaSimpleConCola,popFront,general,20261921,1000,999,2000,4,-1,NA,true,102900,51.450,466000
listas,ListaSimpleConCola,popFront,general,20261921,1000,999,2000,5,-1,NA,true,48000,24.000,466000
listas,ListaSimpleConCola,popFront,general,20261921,1000,999,2000,6,-1,NA,true,46800,23.400,466000
listas,ListaSimpleConCola,popFront,general,20261921,1000,999,2000,7,-1,NA,true,48800,24.400,466000
listas,ListaSimpleConCola,popFront,general,20261921,1000,999,2000,8,-1,NA,true,48900,24.450,466000
listas,ListaSimpleConCola,popFront,general,20261921,1000,999,2000,9,-1,NA,true,46800,23.400,466000
listas,ListaSimpleConCola,popFront,general,20261921,1000,999,2000,10,-1,NA,true,49200,24.600,466000
listas,ListaSimpleConCola,topFront,general,20261921,1000,1000,2000,1,-1,NA,true,4100,2.050,466000
listas,ListaSimpleConCola,topFront,general,20261921,1000,1000,2000,2,-1,NA,true,4100,2.050,466000
listas,ListaSimpleConCola,topFront,general,20261921,1000,1000,2000,3,-1,NA,true,4100,2.050,466000
listas,ListaSimpleConCola,topFront,general,20261921,1000,1000,2000,4,-1,NA,true,4000,2.000,466000
listas,ListaSimpleConCola,topFront,general,20261921,1000,1000,2000,5,-1,NA,true,4100,2.050,466000
listas,ListaSimpleConCola,topFront,general,20261921,1000,1000,2000,6,-1,NA,true,4200,2.100,466000
listas,ListaSimpleConCola,topFront,general,20261921,1000,1000,2000,7,-1,NA,true,4200,2.100,466000
listas,ListaSimpleConCola,topFront,general,20261921,1000,1000,2000,8,-1,NA,true,4100,2.050,466000
listas,ListaSimpleConCola,topFront,general,20261921,1000,1000,2000,9,-1,NA,true,4100,2.050,466000
listas,ListaSimpleConCola,topFront,general,20261921,1000,1000,2000,10,-1,NA,true,4000,2.000,466000
listas,ListaSimpleConCola,size,no_vacia,20261921,1000,1000,2000,1,-1,NA,true,3600,1.800,2000000
listas,ListaSimpleConCola,size,no_vacia,20261921,1000,1000,2000,2,-1,NA,true,3700,1.850,2000000
listas,ListaSimpleConCola,size,no_vacia,20261921,1000,1000,2000,3,-1,NA,true,3600,1.800,2000000
listas,ListaSimpleConCola,size,no_vacia,20261921,1000,1000,2000,4,-1,NA,true,3600,1.800,2000000
listas,ListaSimpleConCola,size,no_vacia,20261921,1000,1000,2000,5,-1,NA,true,3600,1.800,2000000
listas,ListaSimpleConCola,size,no_vacia,20261921,1000,1000,2000,6,-1,NA,true,3600,1.800,2000000
listas,ListaSimpleConCola,size,no_vacia,20261921,1000,1000,2000,7,-1,NA,true,5300,2.650,2000000
listas,ListaSimpleConCola,size,no_vacia,20261921,1000,1000,2000,8,-1,NA,true,3600,1.800,2000000
listas,ListaSimpleConCola,size,no_vacia,20261921,1000,1000,2000,9,-1,NA,true,3700,1.850,2000000
listas,ListaSimpleConCola,size,no_vacia,20261921,1000,1000,2000,10,-1,NA,true,3700,1.850,2000000
listas,ListaSimpleConCola,isEmpty,no_vacia,20261921,1000,1000,2000,1,-1,NA,true,3100,1.550,0
listas,ListaSimpleConCola,isEmpty,no_vacia,20261921,1000,1000,2000,2,-1,NA,true,3100,1.550,0
listas,ListaSimpleConCola,isEmpty,no_vacia,20261921,1000,1000,2000,3,-1,NA,true,3100,1.550,0
listas,ListaSimpleConCola,isEmpty,no_vacia,20261921,1000,1000,2000,4,-1,NA,true,3000,1.500,0
listas,ListaSimpleConCola,isEmpty,no_vacia,20261921,1000,1000,2000,5,-1,NA,true,3100,1.550,0
listas,ListaSimpleConCola,isEmpty,no_vacia,20261921,1000,1000,2000,6,-1,NA,true,3000,1.500,0
listas,ListaSimpleConCola,isEmpty,no_vacia,20261921,1000,1000,2000,7,-1,NA,true,3000,1.500,0
listas,ListaSimpleConCola,isEmpty,no_vacia,20261921,1000,1000,2000,8,-1,NA,true,3100,1.550,0
listas,ListaSimpleConCola,isEmpty,no_vacia,20261921,1000,1000,2000,9,-1,NA,true,3000,1.500,0
listas,ListaSimpleConCola,isEmpty,no_vacia,20261921,1000,1000,2000,10,-1,NA,true,3100,1.550,0
listas,ListaSimpleConCola,pushBack,general,20261921,1000,1001,100,1,-1,NA,true,3200,32.000,-214748364800
listas,ListaSimpleConCola,pushBack,general,20261921,1000,1001,100,2,-1,NA,true,1700,17.000,-214748364800
listas,ListaSimpleConCola,pushBack,general,20261921,1000,1001,100,3,-1,NA,true,2100,21.000,-214748364800
listas,ListaSimpleConCola,pushBack,general,20261921,1000,1001,100,4,-1,NA,true,2600,26.000,-214748364800
listas,ListaSimpleConCola,pushBack,general,20261921,1000,1001,100,5,-1,NA,true,2700,27.000,-214748364800
listas,ListaSimpleConCola,pushBack,general,20261921,1000,1001,100,6,-1,NA,true,2100,21.000,-214748364800
listas,ListaSimpleConCola,pushBack,general,20261921,1000,1001,100,7,-1,NA,true,2200,22.000,-214748364800
listas,ListaSimpleConCola,pushBack,general,20261921,1000,1001,100,8,-1,NA,true,2900,29.000,-214748364800
listas,ListaSimpleConCola,pushBack,general,20261921,1000,1001,100,9,-1,NA,true,2900,29.000,-214748364800
listas,ListaSimpleConCola,pushBack,general,20261921,1000,1001,100,10,-1,NA,true,2800,28.000,-214748364800
listas,ListaSimpleConCola,popBack,general,20261921,1000,999,100,1,-1,NA,true,106600,1066.000,74100
listas,ListaSimpleConCola,popBack,general,20261921,1000,999,100,2,-1,NA,true,108100,1081.000,74100
listas,ListaSimpleConCola,popBack,general,20261921,1000,999,100,3,-1,NA,true,107300,1073.000,74100
listas,ListaSimpleConCola,popBack,general,20261921,1000,999,100,4,-1,NA,true,107300,1073.000,74100
listas,ListaSimpleConCola,popBack,general,20261921,1000,999,100,5,-1,NA,true,108200,1082.000,74100
listas,ListaSimpleConCola,popBack,general,20261921,1000,999,100,6,-1,NA,true,107200,1072.000,74100
listas,ListaSimpleConCola,popBack,general,20261921,1000,999,100,7,-1,NA,true,107300,1073.000,74100
listas,ListaSimpleConCola,popBack,general,20261921,1000,999,100,8,-1,NA,true,109600,1096.000,74100
listas,ListaSimpleConCola,popBack,general,20261921,1000,999,100,9,-1,NA,true,108500,1085.000,74100
listas,ListaSimpleConCola,popBack,general,20261921,1000,999,100,10,-1,NA,true,108500,1085.000,74100
listas,ListaSimpleConCola,topBack,general,20261921,1000,1000,100,1,-1,NA,true,300,3.000,74100
listas,ListaSimpleConCola,topBack,general,20261921,1000,1000,100,2,-1,NA,true,900,9.000,74100
listas,ListaSimpleConCola,topBack,general,20261921,1000,1000,100,3,-1,NA,true,300,3.000,74100
listas,ListaSimpleConCola,topBack,general,20261921,1000,1000,100,4,-1,NA,true,300,3.000,74100
listas,ListaSimpleConCola,topBack,general,20261921,1000,1000,100,5,-1,NA,true,300,3.000,74100
listas,ListaSimpleConCola,topBack,general,20261921,1000,1000,100,6,-1,NA,true,300,3.000,74100
listas,ListaSimpleConCola,topBack,general,20261921,1000,1000,100,7,-1,NA,true,300,3.000,74100
listas,ListaSimpleConCola,topBack,general,20261921,1000,1000,100,8,-1,NA,true,300,3.000,74100
listas,ListaSimpleConCola,topBack,general,20261921,1000,1000,100,9,-1,NA,true,300,3.000,74100
listas,ListaSimpleConCola,topBack,general,20261921,1000,1000,100,10,-1,NA,true,300,3.000,74100
listas,ListaSimpleConCola,find,inicio,20261921,1000,1000,100,1,-1,NA,true,2300,23.000,119052479300
listas,ListaSimpleConCola,find,inicio,20261921,1000,1000,100,2,-1,NA,true,2300,23.000,47265457900
listas,ListaSimpleConCola,find,inicio,20261921,1000,1000,100,3,-1,NA,true,2300,23.000,2611748000
listas,ListaSimpleConCola,find,inicio,20261921,1000,1000,100,4,-1,NA,true,2100,21.000,87069819000
listas,ListaSimpleConCola,find,inicio,20261921,1000,1000,100,5,-1,NA,true,2200,22.000,151432293200
listas,ListaSimpleConCola,find,inicio,20261921,1000,1000,100,6,-1,NA,true,2400,24.000,65458226100
listas,ListaSimpleConCola,find,inicio,20261921,1000,1000,100,7,-1,NA,true,2000,20.000,138964728800
listas,ListaSimpleConCola,find,inicio,20261921,1000,1000,100,8,-1,NA,true,2300,23.000,133027854400
listas,ListaSimpleConCola,find,inicio,20261921,1000,1000,100,9,-1,NA,true,2200,22.000,163419800
listas,ListaSimpleConCola,find,inicio,20261921,1000,1000,100,10,-1,NA,true,2400,24.000,11045629700
listas,ListaSimpleConCola,find,medio,20261921,1000,1000,100,1,-1,NA,true,54600,546.000,23282486300
listas,ListaSimpleConCola,find,medio,20261921,1000,1000,100,2,-1,NA,true,54200,542.000,128278802500
listas,ListaSimpleConCola,find,medio,20261921,1000,1000,100,3,-1,NA,true,54200,542.000,51956903800
listas,ListaSimpleConCola,find,medio,20261921,1000,1000,100,4,-1,NA,true,54200,542.000,187025278000
listas,ListaSimpleConCola,find,medio,20261921,1000,1000,100,5,-1,NA,true,53900,539.000,172919994000
listas,ListaSimpleConCola,find,medio,20261921,1000,1000,100,6,-1,NA,true,54200,542.000,9773084500
listas,ListaSimpleConCola,find,medio,20261921,1000,1000,100,7,-1,NA,true,55500,555.000,61143773500
listas,ListaSimpleConCola,find,medio,20261921,1000,1000,100,8,-1,NA,true,54400,544.000,10055588700
listas,ListaSimpleConCola,find,medio,20261921,1000,1000,100,9,-1,NA,true,54700,547.000,176959713100
listas,ListaSimpleConCola,find,medio,20261921,1000,1000,100,10,-1,NA,true,53900,539.000,198374792000
listas,ListaSimpleConCola,find,final,20261921,1000,1000,100,1,-1,NA,true,109900,1099.000,83413366400
listas,ListaSimpleConCola,find,final,20261921,1000,1000,100,2,-1,NA,true,109300,1093.000,98593410200
listas,ListaSimpleConCola,find,final,20261921,1000,1000,100,3,-1,NA,true,109000,1090.000,120504446200
listas,ListaSimpleConCola,find,final,20261921,1000,1000,100,4,-1,NA,true,107400,1074.000,76196078600
listas,ListaSimpleConCola,find,final,20261921,1000,1000,100,5,-1,NA,true,107100,1071.000,58137408100
listas,ListaSimpleConCola,find,final,20261921,1000,1000,100,6,-1,NA,true,107400,1074.000,95944738600
listas,ListaSimpleConCola,find,final,20261921,1000,1000,100,7,-1,NA,true,106800,1068.000,165458903000
listas,ListaSimpleConCola,find,final,20261921,1000,1000,100,8,-1,NA,true,109300,1093.000,46600279800
listas,ListaSimpleConCola,find,final,20261921,1000,1000,100,9,-1,NA,true,109300,1093.000,3352462300
listas,ListaSimpleConCola,find,final,20261921,1000,1000,100,10,-1,NA,true,110700,1107.000,94767929100
listas,ListaSimpleConCola,find,ausente,20261921,1000,1000,100,1,-1,NA,true,106400,1064.000,100
listas,ListaSimpleConCola,find,ausente,20261921,1000,1000,100,2,-1,NA,true,111500,1115.000,100
listas,ListaSimpleConCola,find,ausente,20261921,1000,1000,100,3,-1,NA,true,108600,1086.000,100
listas,ListaSimpleConCola,find,ausente,20261921,1000,1000,100,4,-1,NA,true,108200,1082.000,100
listas,ListaSimpleConCola,find,ausente,20261921,1000,1000,100,5,-1,NA,true,107300,1073.000,100
listas,ListaSimpleConCola,find,ausente,20261921,1000,1000,100,6,-1,NA,true,108200,1082.000,100
listas,ListaSimpleConCola,find,ausente,20261921,1000,1000,100,7,-1,NA,true,108000,1080.000,100
listas,ListaSimpleConCola,find,ausente,20261921,1000,1000,100,8,-1,NA,true,112400,1124.000,100
listas,ListaSimpleConCola,find,ausente,20261921,1000,1000,100,9,-1,NA,true,110100,1101.000,100
listas,ListaSimpleConCola,find,ausente,20261921,1000,1000,100,10,-1,NA,true,109400,1094.000,100
listas,ListaSimpleConCola,erase,inicio_nodo_prelocalizado,20261921,1000,999,100,1,-1,NA,true,1900,19.000,23300
listas,ListaSimpleConCola,erase,inicio_nodo_prelocalizado,20261921,1000,999,100,2,-1,NA,true,2400,24.000,23300
listas,ListaSimpleConCola,erase,inicio_nodo_prelocalizado,20261921,1000,999,100,3,-1,NA,true,2200,22.000,23300
listas,ListaSimpleConCola,erase,inicio_nodo_prelocalizado,20261921,1000,999,100,4,-1,NA,true,3000,30.000,23300
listas,ListaSimpleConCola,erase,inicio_nodo_prelocalizado,20261921,1000,999,100,5,-1,NA,true,2500,25.000,23300
listas,ListaSimpleConCola,erase,inicio_nodo_prelocalizado,20261921,1000,999,100,6,-1,NA,true,3400,34.000,23300
listas,ListaSimpleConCola,erase,inicio_nodo_prelocalizado,20261921,1000,999,100,7,-1,NA,true,1600,16.000,23300
listas,ListaSimpleConCola,erase,inicio_nodo_prelocalizado,20261921,1000,999,100,8,-1,NA,true,2100,21.000,23300
listas,ListaSimpleConCola,erase,inicio_nodo_prelocalizado,20261921,1000,999,100,9,-1,NA,true,1600,16.000,23300
listas,ListaSimpleConCola,erase,inicio_nodo_prelocalizado,20261921,1000,999,100,10,-1,NA,true,2600,26.000,23300
listas,ListaSimpleConCola,erase,medio_nodo_prelocalizado,20261921,1000,999,100,1,-1,NA,true,53800,538.000,5500
listas,ListaSimpleConCola,erase,medio_nodo_prelocalizado,20261921,1000,999,100,2,-1,NA,true,53400,534.000,5500
listas,ListaSimpleConCola,erase,medio_nodo_prelocalizado,20261921,1000,999,100,3,-1,NA,true,53600,536.000,5500
listas,ListaSimpleConCola,erase,medio_nodo_prelocalizado,20261921,1000,999,100,4,-1,NA,true,53800,538.000,5500
listas,ListaSimpleConCola,erase,medio_nodo_prelocalizado,20261921,1000,999,100,5,-1,NA,true,54600,546.000,5500
listas,ListaSimpleConCola,erase,medio_nodo_prelocalizado,20261921,1000,999,100,6,-1,NA,true,68100,681.000,5500
listas,ListaSimpleConCola,erase,medio_nodo_prelocalizado,20261921,1000,999,100,7,-1,NA,true,57100,571.000,5500
listas,ListaSimpleConCola,erase,medio_nodo_prelocalizado,20261921,1000,999,100,8,-1,NA,true,53600,536.000,5500
listas,ListaSimpleConCola,erase,medio_nodo_prelocalizado,20261921,1000,999,100,9,-1,NA,true,54500,545.000,5500
listas,ListaSimpleConCola,erase,medio_nodo_prelocalizado,20261921,1000,999,100,10,-1,NA,true,54500,545.000,5500
listas,ListaSimpleConCola,erase,final_nodo_prelocalizado,20261921,1000,999,100,1,-1,NA,true,106600,1066.000,74100
listas,ListaSimpleConCola,erase,final_nodo_prelocalizado,20261921,1000,999,100,2,-1,NA,true,106700,1067.000,74100
listas,ListaSimpleConCola,erase,final_nodo_prelocalizado,20261921,1000,999,100,3,-1,NA,true,107400,1074.000,74100
listas,ListaSimpleConCola,erase,final_nodo_prelocalizado,20261921,1000,999,100,4,-1,NA,true,106400,1064.000,74100
listas,ListaSimpleConCola,erase,final_nodo_prelocalizado,20261921,1000,999,100,5,-1,NA,true,106700,1067.000,74100
listas,ListaSimpleConCola,erase,final_nodo_prelocalizado,20261921,1000,999,100,6,-1,NA,true,106300,1063.000,74100
listas,ListaSimpleConCola,erase,final_nodo_prelocalizado,20261921,1000,999,100,7,-1,NA,true,106700,1067.000,74100
listas,ListaSimpleConCola,erase,final_nodo_prelocalizado,20261921,1000,999,100,8,-1,NA,true,109700,1097.000,74100
listas,ListaSimpleConCola,erase,final_nodo_prelocalizado,20261921,1000,999,100,9,-1,NA,true,107100,1071.000,74100
listas,ListaSimpleConCola,erase,final_nodo_prelocalizado,20261921,1000,999,100,10,-1,NA,true,107500,1075.000,74100
listas,ListaSimpleConCola,addBefore,inicio_nodo_prelocalizado,20261921,1000,1001,100,1,-1,NA,true,3900,39.000,100100
listas,ListaSimpleConCola,addBefore,inicio_nodo_prelocalizado,20261921,1000,1001,100,2,-1,NA,true,2900,29.000,100100
listas,ListaSimpleConCola,addBefore,inicio_nodo_prelocalizado,20261921,1000,1001,100,3,-1,NA,true,3700,37.000,100100
listas,ListaSimpleConCola,addBefore,inicio_nodo_prelocalizado,20261921,1000,1001,100,4,-1,NA,true,2700,27.000,100100
listas,ListaSimpleConCola,addBefore,inicio_nodo_prelocalizado,20261921,1000,1001,100,5,-1,NA,true,400,4.000,100100
listas,ListaSimpleConCola,addBefore,inicio_nodo_prelocalizado,20261921,1000,1001,100,6,-1,NA,true,4600,46.000,100100
listas,ListaSimpleConCola,addBefore,inicio_nodo_prelocalizado,20261921,1000,1001,100,7,-1,NA,true,2300,23.000,100100
listas,ListaSimpleConCola,addBefore,inicio_nodo_prelocalizado,20261921,1000,1001,100,8,-1,NA,true,4100,41.000,100100
listas,ListaSimpleConCola,addBefore,inicio_nodo_prelocalizado,20261921,1000,1001,100,9,-1,NA,true,2000,20.000,100100
listas,ListaSimpleConCola,addBefore,inicio_nodo_prelocalizado,20261921,1000,1001,100,10,-1,NA,true,3800,38.000,100100
listas,ListaSimpleConCola,addBefore,medio_nodo_prelocalizado,20261921,1000,1001,100,1,-1,NA,true,58900,589.000,100100
listas,ListaSimpleConCola,addBefore,medio_nodo_prelocalizado,20261921,1000,1001,100,2,-1,NA,true,55200,552.000,100100
listas,ListaSimpleConCola,addBefore,medio_nodo_prelocalizado,20261921,1000,1001,100,3,-1,NA,true,55000,550.000,100100
listas,ListaSimpleConCola,addBefore,medio_nodo_prelocalizado,20261921,1000,1001,100,4,-1,NA,true,57400,574.000,100100
listas,ListaSimpleConCola,addBefore,medio_nodo_prelocalizado,20261921,1000,1001,100,5,-1,NA,true,53600,536.000,100100
listas,ListaSimpleConCola,addBefore,medio_nodo_prelocalizado,20261921,1000,1001,100,6,-1,NA,true,55300,553.000,100100
listas,ListaSimpleConCola,addBefore,medio_nodo_prelocalizado,20261921,1000,1001,100,7,-1,NA,true,57500,575.000,100100
listas,ListaSimpleConCola,addBefore,medio_nodo_prelocalizado,20261921,1000,1001,100,8,-1,NA,true,53300,533.000,100100
listas,ListaSimpleConCola,addBefore,medio_nodo_prelocalizado,20261921,1000,1001,100,9,-1,NA,true,53600,536.000,100100
listas,ListaSimpleConCola,addBefore,medio_nodo_prelocalizado,20261921,1000,1001,100,10,-1,NA,true,53400,534.000,100100
listas,ListaSimpleConCola,addBefore,final_nodo_prelocalizado,20261921,1000,1001,100,1,-1,NA,true,109500,1095.000,100100
listas,ListaSimpleConCola,addBefore,final_nodo_prelocalizado,20261921,1000,1001,100,2,-1,NA,true,113900,1139.000,100100
listas,ListaSimpleConCola,addBefore,final_nodo_prelocalizado,20261921,1000,1001,100,3,-1,NA,true,115100,1151.000,100100
listas,ListaSimpleConCola,addBefore,final_nodo_prelocalizado,20261921,1000,1001,100,4,-1,NA,true,111200,1112.000,100100
listas,ListaSimpleConCola,addBefore,final_nodo_prelocalizado,20261921,1000,1001,100,5,-1,NA,true,109800,1098.000,100100
listas,ListaSimpleConCola,addBefore,final_nodo_prelocalizado,20261921,1000,1001,100,6,-1,NA,true,109700,1097.000,100100
listas,ListaSimpleConCola,addBefore,final_nodo_prelocalizado,20261921,1000,1001,100,7,-1,NA,true,109900,1099.000,100100
listas,ListaSimpleConCola,addBefore,final_nodo_prelocalizado,20261921,1000,1001,100,8,-1,NA,true,113500,1135.000,100100
listas,ListaSimpleConCola,addBefore,final_nodo_prelocalizado,20261921,1000,1001,100,9,-1,NA,true,111200,1112.000,100100
listas,ListaSimpleConCola,addBefore,final_nodo_prelocalizado,20261921,1000,1001,100,10,-1,NA,true,110400,1104.000,100100
listas,ListaSimpleConCola,addAfter,inicio_nodo_prelocalizado,20261921,1000,1001,100,1,-1,NA,true,700,7.000,100100
listas,ListaSimpleConCola,addAfter,inicio_nodo_prelocalizado,20261921,1000,1001,100,2,-1,NA,true,3600,36.000,100100
listas,ListaSimpleConCola,addAfter,inicio_nodo_prelocalizado,20261921,1000,1001,100,3,-1,NA,true,2900,29.000,100100
listas,ListaSimpleConCola,addAfter,inicio_nodo_prelocalizado,20261921,1000,1001,100,4,-1,NA,true,4800,48.000,100100
listas,ListaSimpleConCola,addAfter,inicio_nodo_prelocalizado,20261921,1000,1001,100,5,-1,NA,true,1400,14.000,100100
listas,ListaSimpleConCola,addAfter,inicio_nodo_prelocalizado,20261921,1000,1001,100,6,-1,NA,true,3300,33.000,100100
listas,ListaSimpleConCola,addAfter,inicio_nodo_prelocalizado,20261921,1000,1001,100,7,-1,NA,true,900,9.000,100100
listas,ListaSimpleConCola,addAfter,inicio_nodo_prelocalizado,20261921,1000,1001,100,8,-1,NA,true,1200,12.000,100100
listas,ListaSimpleConCola,addAfter,inicio_nodo_prelocalizado,20261921,1000,1001,100,9,-1,NA,true,2200,22.000,100100
listas,ListaSimpleConCola,addAfter,inicio_nodo_prelocalizado,20261921,1000,1001,100,10,-1,NA,true,700,7.000,100100
listas,ListaSimpleConCola,addAfter,medio_nodo_prelocalizado,20261921,1000,1001,100,1,-1,NA,true,2800,28.000,100100
listas,ListaSimpleConCola,addAfter,medio_nodo_prelocalizado,20261921,1000,1001,100,2,-1,NA,true,2300,23.000,100100
listas,ListaSimpleConCola,addAfter,medio_nodo_prelocalizado,20261921,1000,1001,100,3,-1,NA,true,2800,28.000,100100
listas,ListaSimpleConCola,addAfter,medio_nodo_prelocalizado,20261921,1000,1001,100,4,-1,NA,true,2600,26.000,100100
listas,ListaSimpleConCola,addAfter,medio_nodo_prelocalizado,20261921,1000,1001,100,5,-1,NA,true,2400,24.000,100100
listas,ListaSimpleConCola,addAfter,medio_nodo_prelocalizado,20261921,1000,1001,100,6,-1,NA,true,2000,20.000,100100
listas,ListaSimpleConCola,addAfter,medio_nodo_prelocalizado,20261921,1000,1001,100,7,-1,NA,true,2400,24.000,100100
listas,ListaSimpleConCola,addAfter,medio_nodo_prelocalizado,20261921,1000,1001,100,8,-1,NA,true,2700,27.000,100100
listas,ListaSimpleConCola,addAfter,medio_nodo_prelocalizado,20261921,1000,1001,100,9,-1,NA,true,3300,33.000,100100
listas,ListaSimpleConCola,addAfter,medio_nodo_prelocalizado,20261921,1000,1001,100,10,-1,NA,true,2700,27.000,100100
listas,ListaSimpleConCola,addAfter,final_nodo_prelocalizado,20261921,1000,1001,100,1,-1,NA,true,2900,29.000,100100
listas,ListaSimpleConCola,addAfter,final_nodo_prelocalizado,20261921,1000,1001,100,2,-1,NA,true,2900,29.000,100100
listas,ListaSimpleConCola,addAfter,final_nodo_prelocalizado,20261921,1000,1001,100,3,-1,NA,true,2600,26.000,100100
listas,ListaSimpleConCola,addAfter,final_nodo_prelocalizado,20261921,1000,1001,100,4,-1,NA,true,2600,26.000,100100
listas,ListaSimpleConCola,addAfter,final_nodo_prelocalizado,20261921,1000,1001,100,5,-1,NA,true,2000,20.000,100100
listas,ListaSimpleConCola,addAfter,final_nodo_prelocalizado,20261921,1000,1001,100,6,-1,NA,true,7300,73.000,100100
listas,ListaSimpleConCola,addAfter,final_nodo_prelocalizado,20261921,1000,1001,100,7,-1,NA,true,5200,52.000,100100
listas,ListaSimpleConCola,addAfter,final_nodo_prelocalizado,20261921,1000,1001,100,8,-1,NA,true,2300,23.000,100100
listas,ListaSimpleConCola,addAfter,final_nodo_prelocalizado,20261921,1000,1001,100,9,-1,NA,true,2100,21.000,100100
listas,ListaSimpleConCola,addAfter,final_nodo_prelocalizado,20261921,1000,1001,100,10,-1,NA,true,2800,28.000,100100
listas,ListaDobleConCola,pushFront,general,20270921,10000,10001,2000,1,-1,NA,true,60800,30.400,-4294967296000
listas,ListaDobleConCola,pushFront,general,20270921,10000,10001,2000,2,-1,NA,true,57000,28.500,-4294967296000
listas,ListaDobleConCola,pushFront,general,20270921,10000,10001,2000,3,-1,NA,true,58100,29.050,-4294967296000
listas,ListaDobleConCola,pushFront,general,20270921,10000,10001,2000,4,-1,NA,true,59000,29.500,-4294967296000
listas,ListaDobleConCola,pushFront,general,20270921,10000,10001,2000,5,-1,NA,true,59000,29.500,-4294967296000
listas,ListaDobleConCola,pushFront,general,20270921,10000,10001,2000,6,-1,NA,true,56400,28.200,-4294967296000
listas,ListaDobleConCola,pushFront,general,20270921,10000,10001,2000,7,-1,NA,true,51200,25.600,-4294967296000
listas,ListaDobleConCola,pushFront,general,20270921,10000,10001,2000,8,-1,NA,true,57300,28.650,-4294967296000
listas,ListaDobleConCola,pushFront,general,20270921,10000,10001,2000,9,-1,NA,true,58100,29.050,-4294967296000
listas,ListaDobleConCola,pushFront,general,20270921,10000,10001,2000,10,-1,NA,true,56500,28.250,-4294967296000
listas,ListaDobleConCola,popFront,general,20270921,10000,9999,2000,1,-1,NA,true,48200,24.100,13318000
listas,ListaDobleConCola,popFront,general,20270921,10000,9999,2000,2,-1,NA,true,50900,25.450,13318000
listas,ListaDobleConCola,popFront,general,20270921,10000,9999,2000,3,-1,NA,true,49000,24.500,13318000
listas,ListaDobleConCola,popFront,general,20270921,10000,9999,2000,4,-1,NA,true,48500,24.250,13318000
listas,ListaDobleConCola,popFront,general,20270921,10000,9999,2000,5,-1,NA,true,44100,22.050,13318000
listas,ListaDobleConCola,popFront,general,20270921,10000,9999,2000,6,-1,NA,true,46800,23.400,13318000
listas,ListaDobleConCola,popFront,general,20270921,10000,9999,2000,7,-1,NA,true,51000,25.500,13318000
listas,ListaDobleConCola,popFront,general,20270921,10000,9999,2000,8,-1,NA,true,49200,24.600,13318000
listas,ListaDobleConCola,popFront,general,20270921,10000,9999,2000,9,-1,NA,true,48100,24.050,13318000
listas,ListaDobleConCola,popFront,general,20270921,10000,9999,2000,10,-1,NA,true,46100,23.050,13318000
listas,ListaDobleConCola,topFront,general,20270921,10000,10000,2000,1,-1,NA,true,4100,2.050,13318000
listas,ListaDobleConCola,topFront,general,20270921,10000,10000,2000,2,-1,NA,true,4000,2.000,13318000
listas,ListaDobleConCola,topFront,general,20270921,10000,10000,2000,3,-1,NA,true,4000,2.000,13318000
listas,ListaDobleConCola,topFront,general,20270921,10000,10000,2000,4,-1,NA,true,4000,2.000,13318000
listas,ListaDobleConCola,topFront,general,20270921,10000,10000,2000,5,-1,NA,true,4000,2.000,13318000
listas,ListaDobleConCola,topFront,general,20270921,10000,10000,2000,6,-1,NA,true,4100,2.050,13318000
listas,ListaDobleConCola,topFront,general,20270921,10000,10000,2000,7,-1,NA,true,4100,2.050,13318000
listas,ListaDobleConCola,topFront,general,20270921,10000,10000,2000,8,-1,NA,true,4100,2.050,13318000
listas,ListaDobleConCola,topFront,general,20270921,10000,10000,2000,9,-1,NA,true,4000,2.000,13318000
listas,ListaDobleConCola,topFront,general,20270921,10000,10000,2000,10,-1,NA,true,4000,2.000,13318000
listas,ListaDobleConCola,size,no_vacia,20270921,10000,10000,2000,1,-1,NA,true,3600,1.800,20000000
listas,ListaDobleConCola,size,no_vacia,20270921,10000,10000,2000,2,-1,NA,true,5400,2.700,20000000
listas,ListaDobleConCola,size,no_vacia,20270921,10000,10000,2000,3,-1,NA,true,5200,2.600,20000000
listas,ListaDobleConCola,size,no_vacia,20270921,10000,10000,2000,4,-1,NA,true,5400,2.700,20000000
listas,ListaDobleConCola,size,no_vacia,20270921,10000,10000,2000,5,-1,NA,true,5100,2.550,20000000
listas,ListaDobleConCola,size,no_vacia,20270921,10000,10000,2000,6,-1,NA,true,5400,2.700,20000000
listas,ListaDobleConCola,size,no_vacia,20270921,10000,10000,2000,7,-1,NA,true,4900,2.450,20000000
listas,ListaDobleConCola,size,no_vacia,20270921,10000,10000,2000,8,-1,NA,true,3500,1.750,20000000
listas,ListaDobleConCola,size,no_vacia,20270921,10000,10000,2000,9,-1,NA,true,3600,1.800,20000000
listas,ListaDobleConCola,size,no_vacia,20270921,10000,10000,2000,10,-1,NA,true,3600,1.800,20000000
listas,ListaDobleConCola,isEmpty,no_vacia,20270921,10000,10000,2000,1,-1,NA,true,3000,1.500,0
listas,ListaDobleConCola,isEmpty,no_vacia,20270921,10000,10000,2000,2,-1,NA,true,3000,1.500,0
listas,ListaDobleConCola,isEmpty,no_vacia,20270921,10000,10000,2000,3,-1,NA,true,3000,1.500,0
listas,ListaDobleConCola,isEmpty,no_vacia,20270921,10000,10000,2000,4,-1,NA,true,3000,1.500,0
listas,ListaDobleConCola,isEmpty,no_vacia,20270921,10000,10000,2000,5,-1,NA,true,3000,1.500,0
listas,ListaDobleConCola,isEmpty,no_vacia,20270921,10000,10000,2000,6,-1,NA,true,3100,1.550,0
listas,ListaDobleConCola,isEmpty,no_vacia,20270921,10000,10000,2000,7,-1,NA,true,3000,1.500,0
listas,ListaDobleConCola,isEmpty,no_vacia,20270921,10000,10000,2000,8,-1,NA,true,3000,1.500,0
listas,ListaDobleConCola,isEmpty,no_vacia,20270921,10000,10000,2000,9,-1,NA,true,2900,1.450,0
listas,ListaDobleConCola,isEmpty,no_vacia,20270921,10000,10000,2000,10,-1,NA,true,3000,1.500,0
listas,ListaDobleConCola,pushBack,general,20270921,10000,10001,20,1,-1,NA,true,900,45.000,-42949672960
listas,ListaDobleConCola,pushBack,general,20270921,10000,10001,20,2,-1,NA,true,200,10.000,-42949672960
listas,ListaDobleConCola,pushBack,general,20270921,10000,10001,20,3,-1,NA,true,600,30.000,-42949672960
listas,ListaDobleConCola,pushBack,general,20270921,10000,10001,20,4,-1,NA,true,800,40.000,-42949672960
listas,ListaDobleConCola,pushBack,general,20270921,10000,10001,20,5,-1,NA,true,500,25.000,-42949672960
listas,ListaDobleConCola,pushBack,general,20270921,10000,10001,20,6,-1,NA,true,600,30.000,-42949672960
listas,ListaDobleConCola,pushBack,general,20270921,10000,10001,20,7,-1,NA,true,500,25.000,-42949672960
listas,ListaDobleConCola,pushBack,general,20270921,10000,10001,20,8,-1,NA,true,600,30.000,-42949672960
listas,ListaDobleConCola,pushBack,general,20270921,10000,10001,20,9,-1,NA,true,400,20.000,-42949672960
listas,ListaDobleConCola,pushBack,general,20270921,10000,10001,20,10,-1,NA,true,800,40.000,-42949672960
listas,ListaDobleConCola,popBack,general,20270921,10000,9999,20,1,-1,NA,true,700,35.000,41140
listas,ListaDobleConCola,popBack,general,20270921,10000,9999,20,2,-1,NA,true,300,15.000,41140
listas,ListaDobleConCola,popBack,general,20270921,10000,9999,20,3,-1,NA,true,600,30.000,41140
listas,ListaDobleConCola,popBack,general,20270921,10000,9999,20,4,-1,NA,true,0,0.000,41140
listas,ListaDobleConCola,popBack,general,20270921,10000,9999,20,5,-1,NA,true,400,20.000,41140
listas,ListaDobleConCola,popBack,general,20270921,10000,9999,20,6,-1,NA,true,400,20.000,41140
listas,ListaDobleConCola,popBack,general,20270921,10000,9999,20,7,-1,NA,true,400,20.000,41140
listas,ListaDobleConCola,popBack,general,20270921,10000,9999,20,8,-1,NA,true,600,30.000,41140
listas,ListaDobleConCola,popBack,general,20270921,10000,9999,20,9,-1,NA,true,400,20.000,41140
listas,ListaDobleConCola,popBack,general,20270921,10000,9999,20,10,-1,NA,true,200,10.000,41140
listas,ListaDobleConCola,topBack,general,20270921,10000,10000,20,1,-1,NA,true,100,5.000,41140
listas,ListaDobleConCola,topBack,general,20270921,10000,10000,20,2,-1,NA,true,0,0.000,41140
listas,ListaDobleConCola,topBack,general,20270921,10000,10000,20,3,-1,NA,true,0,0.000,41140
listas,ListaDobleConCola,topBack,general,20270921,10000,10000,20,4,-1,NA,true,0,0.000,41140
listas,ListaDobleConCola,topBack,general,20270921,10000,10000,20,5,-1,NA,true,100,5.000,41140
listas,ListaDobleConCola,topBack,general,20270921,10000,10000,20,6,-1,NA,true,100,5.000,41140
listas,ListaDobleConCola,topBack,general,20270921,10000,10000,20,7,-1,NA,true,0,0.000,41140
listas,ListaDobleConCola,topBack,general,20270921,10000,10000,20,8,-1,NA,true,100,5.000,41140
listas,ListaDobleConCola,topBack,general,20270921,10000,10000,20,9,-1,NA,true,100,5.000,41140
listas,ListaDobleConCola,topBack,general,20270921,10000,10000,20,10,-1,NA,true,100,5.000,41140
listas,ListaDobleConCola,find,inicio,20270921,10000,10000,20,1,-1,NA,true,500,25.000,9505327040
listas,ListaDobleConCola,find,inicio,20270921,10000,10000,20,2,-1,NA,true,600,30.000,27110626220
listas,ListaDobleConCola,find,inicio,20270921,10000,10000,20,3,-1,NA,true,500,25.000,39344108460
listas,ListaDobleConCola,find,inicio,20270921,10000,10000,20,4,-1,NA,true,500,25.000,842435160
listas,ListaDobleConCola,find,inicio,20270921,10000,10000,20,5,-1,NA,true,400,20.000,413434940
listas,ListaDobleConCola,find,inicio,20270921,10000,10000,20,6,-1,NA,true,600,30.000,5157907020
listas,ListaDobleConCola,find,inicio,20270921,10000,10000,20,7,-1,NA,true,600,30.000,38592011020
listas,ListaDobleConCola,find,inicio,20270921,10000,10000,20,8,-1,NA,true,400,20.000,33814323580
listas,ListaDobleConCola,find,inicio,20270921,10000,10000,20,9,-1,NA,true,500,25.000,21075655620
listas,ListaDobleConCola,find,inicio,20270921,10000,10000,20,10,-1,NA,true,500,25.000,24237772800
listas,ListaDobleConCola,find,medio,20270921,10000,10000,20,1,-1,NA,true,103200,5160.000,38234561700
listas,ListaDobleConCola,find,medio,20270921,10000,10000,20,2,-1,NA,true,104100,5205.000,15093321680
listas,ListaDobleConCola,find,medio,20270921,10000,10000,20,3,-1,NA,true,102900,5145.000,1771174000
listas,ListaDobleConCola,find,medio,20270921,10000,10000,20,4,-1,NA,true,105700,5285.000,25304216940
listas,ListaDobleConCola,find,medio,20270921,10000,10000,20,5,-1,NA,true,107500,5375.000,16023958560
listas,ListaDobleConCola,find,medio,20270921,10000,10000,20,6,-1,NA,true,104400,5220.000,29904858200
listas,ListaDobleConCola,find,medio,20270921,10000,10000,20,7,-1,NA,true,106300,5315.000,34231480260
listas,ListaDobleConCola,find,medio,20270921,10000,10000,20,8,-1,NA,true,103100,5155.000,32637243180
listas,ListaDobleConCola,find,medio,20270921,10000,10000,20,9,-1,NA,true,103700,5185.000,22936968960
listas,ListaDobleConCola,find,medio,20270921,10000,10000,20,10,-1,NA,true,103200,5160.000,32764312260
listas,ListaDobleConCola,find,final,20270921,10000,10000,20,1,-1,NA,true,212600,10630.000,17452543040
listas,ListaDobleConCola,find,final,20270921,10000,10000,20,2,-1,NA,true,209100,10455.000,24155381180
listas,ListaDobleConCola,find,final,20270921,10000,10000,20,3,-1,NA,true,219200,10960.000,41895556220
listas,ListaDobleConCola,find,final,20270921,10000,10000,20,4,-1,NA,true,216400,10820.000,19684270520
listas,ListaDobleConCola,find,final,20270921,10000,10000,20,5,-1,NA,true,243400,12170.000,8002729760
listas,ListaDobleConCola,find,final,20270921,10000,10000,20,6,-1,NA,true,221100,11055.000,18859736300
listas,ListaDobleConCola,find,final,20270921,10000,10000,20,7,-1,NA,true,217400,10870.000,9022227020
listas,ListaDobleConCola,find,final,20270921,10000,10000,20,8,-1,NA,true,209400,10470.000,37580695780
listas,ListaDobleConCola,find,final,20270921,10000,10000,20,9,-1,NA,true,219500,10975.000,17516542300
listas,ListaDobleConCola,find,final,20270921,10000,10000,20,10,-1,NA,true,207300,10365.000,14323150000
listas,ListaDobleConCola,find,ausente,20270921,10000,10000,20,1,-1,NA,true,208800,10440.000,20
listas,ListaDobleConCola,find,ausente,20270921,10000,10000,20,2,-1,NA,true,207200,10360.000,20
listas,ListaDobleConCola,find,ausente,20270921,10000,10000,20,3,-1,NA,true,212400,10620.000,20
listas,ListaDobleConCola,find,ausente,20270921,10000,10000,20,4,-1,NA,true,205700,10285.000,20
listas,ListaDobleConCola,find,ausente,20270921,10000,10000,20,5,-1,NA,true,208400,10420.000,20
listas,ListaDobleConCola,find,ausente,20270921,10000,10000,20,6,-1,NA,true,214000,10700.000,20
listas,ListaDobleConCola,find,ausente,20270921,10000,10000,20,7,-1,NA,true,211600,10580.000,20
listas,ListaDobleConCola,find,ausente,20270921,10000,10000,20,8,-1,NA,true,209800,10490.000,20
listas,ListaDobleConCola,find,ausente,20270921,10000,10000,20,9,-1,NA,true,210000,10500.000,20
listas,ListaDobleConCola,find,ausente,20270921,10000,10000,20,10,-1,NA,true,205900,10295.000,20
listas,ListaDobleConCola,erase,inicio_nodo_prelocalizado,20270921,10000,9999,20,1,-1,NA,true,1000,50.000,133180
listas,ListaDobleConCola,erase,inicio_nodo_prelocalizado,20270921,10000,9999,20,2,-1,NA,true,200,10.000,133180
listas,ListaDobleConCola,erase,inicio_nodo_prelocalizado,20270921,10000,9999,20,3,-1,NA,true,400,20.000,133180
listas,ListaDobleConCola,erase,inicio_nodo_prelocalizado,20270921,10000,9999,20,4,-1,NA,true,0,0.000,133180
listas,ListaDobleConCola,erase,inicio_nodo_prelocalizado,20270921,10000,9999,20,5,-1,NA,true,200,10.000,133180
listas,ListaDobleConCola,erase,inicio_nodo_prelocalizado,20270921,10000,9999,20,6,-1,NA,true,400,20.000,133180
listas,ListaDobleConCola,erase,inicio_nodo_prelocalizado,20270921,10000,9999,20,7,-1,NA,true,500,25.000,133180
listas,ListaDobleConCola,erase,inicio_nodo_prelocalizado,20270921,10000,9999,20,8,-1,NA,true,1600,80.000,133180
listas,ListaDobleConCola,erase,inicio_nodo_prelocalizado,20270921,10000,9999,20,9,-1,NA,true,1500,75.000,133180
listas,ListaDobleConCola,erase,inicio_nodo_prelocalizado,20270921,10000,9999,20,10,-1,NA,true,1500,75.000,133180
listas,ListaDobleConCola,erase,medio_nodo_prelocalizado,20270921,10000,9999,20,1,-1,NA,true,1000,50.000,58860
listas,ListaDobleConCola,erase,medio_nodo_prelocalizado,20270921,10000,9999,20,2,-1,NA,true,500,25.000,58860
listas,ListaDobleConCola,erase,medio_nodo_prelocalizado,20270921,10000,9999,20,3,-1,NA,true,600,30.000,58860
listas,ListaDobleConCola,erase,medio_nodo_prelocalizado,20270921,10000,9999,20,4,-1,NA,true,400,20.000,58860
listas,ListaDobleConCola,erase,medio_nodo_prelocalizado,20270921,10000,9999,20,5,-1,NA,true,1400,70.000,58860
listas,ListaDobleConCola,erase,medio_nodo_prelocalizado,20270921,10000,9999,20,6,-1,NA,true,400,20.000,58860
listas,ListaDobleConCola,erase,medio_nodo_prelocalizado,20270921,10000,9999,20,7,-1,NA,true,500,25.000,58860
listas,ListaDobleConCola,erase,medio_nodo_prelocalizado,20270921,10000,9999,20,8,-1,NA,true,700,35.000,58860
listas,ListaDobleConCola,erase,medio_nodo_prelocalizado,20270921,10000,9999,20,9,-1,NA,true,300,15.000,58860
listas,ListaDobleConCola,erase,medio_nodo_prelocalizado,20270921,10000,9999,20,10,-1,NA,true,400,20.000,58860
listas,ListaDobleConCola,erase,final_nodo_prelocalizado,20270921,10000,9999,20,1,-1,NA,true,700,35.000,41140
listas,ListaDobleConCola,erase,final_nodo_prelocalizado,20270921,10000,9999,20,2,-1,NA,true,400,20.000,41140
listas,ListaDobleConCola,erase,final_nodo_prelocalizado,20270921,10000,9999,20,3,-1,NA,true,500,25.000,41140
listas,ListaDobleConCola,erase,final_nodo_prelocalizado,20270921,10000,9999,20,4,-1,NA,true,200,10.000,41140
listas,ListaDobleConCola,erase,final_nodo_prelocalizado,20270921,10000,9999,20,5,-1,NA,true,500,25.000,41140
listas,ListaDobleConCola,erase,final_nodo_prelocalizado,20270921,10000,9999,20,6,-1,NA,true,500,25.000,41140
listas,ListaDobleConCola,erase,final_nodo_prelocalizado,20270921,10000,9999,20,7,-1,NA,true,600,30.000,41140
listas,ListaDobleConCola,erase,final_nodo_prelocalizado,20270921,10000,9999,20,8,-1,NA,true,400,20.000,41140
listas,ListaDobleConCola,erase,final_nodo_prelocalizado,20270921,10000,9999,20,9,-1,NA,true,300,15.000,41140
listas,ListaDobleConCola,erase,final_nodo_prelocalizado,20270921,10000,9999,20,10,-1,NA,true,600,30.000,41140
listas,ListaDobleConCola,addBefore,inicio_nodo_prelocalizado,20270921,10000,10001,20,1,-1,NA,true,700,35.000,200020
listas,ListaDobleConCola,addBefore,inicio_nodo_prelocalizado,20270921,10000,10001,20,2,-1,NA,true,600,30.000,200020
listas,ListaDobleConCola,addBefore,inicio_nodo_prelocalizado,20270921,10000,10001,20,3,-1,NA,true,200,10.000,200020
listas,ListaDobleConCola,addBefore,inicio_nodo_prelocalizado,20270921,10000,10001,20,4,-1,NA,true,0,0.000,200020
listas,ListaDobleConCola,addBefore,inicio_nodo_prelocalizado,20270921,10000,10001,20,5,-1,NA,true,700,35.000,200020
listas,ListaDobleConCola,addBefore,inicio_nodo_prelocalizado,20270921,10000,10001,20,6,-1,NA,true,1000,50.000,200020
listas,ListaDobleConCola,addBefore,inicio_nodo_prelocalizado,20270921,10000,10001,20,7,-1,NA,true,700,35.000,200020
listas,ListaDobleConCola,addBefore,inicio_nodo_prelocalizado,20270921,10000,10001,20,8,-1,NA,true,1000,50.000,200020
listas,ListaDobleConCola,addBefore,inicio_nodo_prelocalizado,20270921,10000,10001,20,9,-1,NA,true,900,45.000,200020
listas,ListaDobleConCola,addBefore,inicio_nodo_prelocalizado,20270921,10000,10001,20,10,-1,NA,true,100,5.000,200020
listas,ListaDobleConCola,addBefore,medio_nodo_prelocalizado,20270921,10000,10001,20,1,-1,NA,true,600,30.000,200020
listas,ListaDobleConCola,addBefore,medio_nodo_prelocalizado,20270921,10000,10001,20,2,-1,NA,true,200,10.000,200020
listas,ListaDobleConCola,addBefore,medio_nodo_prelocalizado,20270921,10000,10001,20,3,-1,NA,true,400,20.000,200020
listas,ListaDobleConCola,addBefore,medio_nodo_prelocalizado,20270921,10000,10001,20,4,-1,NA,true,600,30.000,200020
listas,ListaDobleConCola,addBefore,medio_nodo_prelocalizado,20270921,10000,10001,20,5,-1,NA,true,200,10.000,200020
listas,ListaDobleConCola,addBefore,medio_nodo_prelocalizado,20270921,10000,10001,20,6,-1,NA,true,600,30.000,200020
listas,ListaDobleConCola,addBefore,medio_nodo_prelocalizado,20270921,10000,10001,20,7,-1,NA,true,500,25.000,200020
listas,ListaDobleConCola,addBefore,medio_nodo_prelocalizado,20270921,10000,10001,20,8,-1,NA,true,400,20.000,200020
listas,ListaDobleConCola,addBefore,medio_nodo_prelocalizado,20270921,10000,10001,20,9,-1,NA,true,500,25.000,200020
listas,ListaDobleConCola,addBefore,medio_nodo_prelocalizado,20270921,10000,10001,20,10,-1,NA,true,300,15.000,200020
listas,ListaDobleConCola,addBefore,final_nodo_prelocalizado,20270921,10000,10001,20,1,-1,NA,true,200,10.000,200020
listas,ListaDobleConCola,addBefore,final_nodo_prelocalizado,20270921,10000,10001,20,2,-1,NA,true,400,20.000,200020
listas,ListaDobleConCola,addBefore,final_nodo_prelocalizado,20270921,10000,10001,20,3,-1,NA,true,0,0.000,200020
listas,ListaDobleConCola,addBefore,final_nodo_prelocalizado,20270921,10000,10001,20,4,-1,NA,true,400,20.000,200020
listas,ListaDobleConCola,addBefore,final_nodo_prelocalizado,20270921,10000,10001,20,5,-1,NA,true,0,0.000,200020
listas,ListaDobleConCola,addBefore,final_nodo_prelocalizado,20270921,10000,10001,20,6,-1,NA,true,300,15.000,200020
listas,ListaDobleConCola,addBefore,final_nodo_prelocalizado,20270921,10000,10001,20,7,-1,NA,true,300,15.000,200020
listas,ListaDobleConCola,addBefore,final_nodo_prelocalizado,20270921,10000,10001,20,8,-1,NA,true,600,30.000,200020
listas,ListaDobleConCola,addBefore,final_nodo_prelocalizado,20270921,10000,10001,20,9,-1,NA,true,1000,50.000,200020
listas,ListaDobleConCola,addBefore,final_nodo_prelocalizado,20270921,10000,10001,20,10,-1,NA,true,200,10.000,200020
listas,ListaDobleConCola,addAfter,inicio_nodo_prelocalizado,20270921,10000,10001,20,1,-1,NA,true,1000,50.000,200020
listas,ListaDobleConCola,addAfter,inicio_nodo_prelocalizado,20270921,10000,10001,20,2,-1,NA,true,1000,50.000,200020
listas,ListaDobleConCola,addAfter,inicio_nodo_prelocalizado,20270921,10000,10001,20,3,-1,NA,true,1000,50.000,200020
listas,ListaDobleConCola,addAfter,inicio_nodo_prelocalizado,20270921,10000,10001,20,4,-1,NA,true,900,45.000,200020
listas,ListaDobleConCola,addAfter,inicio_nodo_prelocalizado,20270921,10000,10001,20,5,-1,NA,true,1000,50.000,200020
listas,ListaDobleConCola,addAfter,inicio_nodo_prelocalizado,20270921,10000,10001,20,6,-1,NA,true,500,25.000,200020
listas,ListaDobleConCola,addAfter,inicio_nodo_prelocalizado,20270921,10000,10001,20,7,-1,NA,true,0,0.000,200020
listas,ListaDobleConCola,addAfter,inicio_nodo_prelocalizado,20270921,10000,10001,20,8,-1,NA,true,200,10.000,200020
listas,ListaDobleConCola,addAfter,inicio_nodo_prelocalizado,20270921,10000,10001,20,9,-1,NA,true,1000,50.000,200020
listas,ListaDobleConCola,addAfter,inicio_nodo_prelocalizado,20270921,10000,10001,20,10,-1,NA,true,800,40.000,200020
listas,ListaDobleConCola,addAfter,medio_nodo_prelocalizado,20270921,10000,10001,20,1,-1,NA,true,400,20.000,200020
listas,ListaDobleConCola,addAfter,medio_nodo_prelocalizado,20270921,10000,10001,20,2,-1,NA,true,600,30.000,200020
listas,ListaDobleConCola,addAfter,medio_nodo_prelocalizado,20270921,10000,10001,20,3,-1,NA,true,500,25.000,200020
listas,ListaDobleConCola,addAfter,medio_nodo_prelocalizado,20270921,10000,10001,20,4,-1,NA,true,400,20.000,200020
listas,ListaDobleConCola,addAfter,medio_nodo_prelocalizado,20270921,10000,10001,20,5,-1,NA,true,600,30.000,200020
listas,ListaDobleConCola,addAfter,medio_nodo_prelocalizado,20270921,10000,10001,20,6,-1,NA,true,700,35.000,200020
listas,ListaDobleConCola,addAfter,medio_nodo_prelocalizado,20270921,10000,10001,20,7,-1,NA,true,400,20.000,200020
listas,ListaDobleConCola,addAfter,medio_nodo_prelocalizado,20270921,10000,10001,20,8,-1,NA,true,400,20.000,200020
listas,ListaDobleConCola,addAfter,medio_nodo_prelocalizado,20270921,10000,10001,20,9,-1,NA,true,700,35.000,200020
listas,ListaDobleConCola,addAfter,medio_nodo_prelocalizado,20270921,10000,10001,20,10,-1,NA,true,600,30.000,200020
listas,ListaDobleConCola,addAfter,final_nodo_prelocalizado,20270921,10000,10001,20,1,-1,NA,true,200,10.000,200020
listas,ListaDobleConCola,addAfter,final_nodo_prelocalizado,20270921,10000,10001,20,2,-1,NA,true,600,30.000,200020
listas,ListaDobleConCola,addAfter,final_nodo_prelocalizado,20270921,10000,10001,20,3,-1,NA,true,200,10.000,200020
listas,ListaDobleConCola,addAfter,final_nodo_prelocalizado,20270921,10000,10001,20,4,-1,NA,true,500,25.000,200020
listas,ListaDobleConCola,addAfter,final_nodo_prelocalizado,20270921,10000,10001,20,5,-1,NA,true,400,20.000,200020
listas,ListaDobleConCola,addAfter,final_nodo_prelocalizado,20270921,10000,10001,20,6,-1,NA,true,400,20.000,200020
listas,ListaDobleConCola,addAfter,final_nodo_prelocalizado,20270921,10000,10001,20,7,-1,NA,true,500,25.000,200020
listas,ListaDobleConCola,addAfter,final_nodo_prelocalizado,20270921,10000,10001,20,8,-1,NA,true,400,20.000,200020
listas,ListaDobleConCola,addAfter,final_nodo_prelocalizado,20270921,10000,10001,20,9,-1,NA,true,700,35.000,200020
listas,ListaDobleConCola,addAfter,final_nodo_prelocalizado,20270921,10000,10001,20,10,-1,NA,true,400,20.000,200020
listas,ListaSimpleSinCola,pushFront,general,20270921,10000,10001,2000,1,-1,NA,true,44900,22.450,-4294967296000
listas,ListaSimpleSinCola,pushFront,general,20270921,10000,10001,2000,2,-1,NA,true,45700,22.850,-4294967296000
listas,ListaSimpleSinCola,pushFront,general,20270921,10000,10001,2000,3,-1,NA,true,46000,23.000,-4294967296000
listas,ListaSimpleSinCola,pushFront,general,20270921,10000,10001,2000,4,-1,NA,true,45400,22.700,-4294967296000
listas,ListaSimpleSinCola,pushFront,general,20270921,10000,10001,2000,5,-1,NA,true,47500,23.750,-4294967296000
listas,ListaSimpleSinCola,pushFront,general,20270921,10000,10001,2000,6,-1,NA,true,45700,22.850,-4294967296000
listas,ListaSimpleSinCola,pushFront,general,20270921,10000,10001,2000,7,-1,NA,true,100400,50.200,-4294967296000
listas,ListaSimpleSinCola,pushFront,general,20270921,10000,10001,2000,8,-1,NA,true,61100,30.550,-4294967296000
listas,ListaSimpleSinCola,pushFront,general,20270921,10000,10001,2000,9,-1,NA,true,57400,28.700,-4294967296000
listas,ListaSimpleSinCola,pushFront,general,20270921,10000,10001,2000,10,-1,NA,true,64100,32.050,-4294967296000
listas,ListaSimpleSinCola,popFront,general,20270921,10000,9999,2000,1,-1,NA,true,45300,22.650,13318000
listas,ListaSimpleSinCola,popFront,general,20270921,10000,9999,2000,2,-1,NA,true,46900,23.450,13318000
listas,ListaSimpleSinCola,popFront,general,20270921,10000,9999,2000,3,-1,NA,true,46300,23.150,13318000
listas,ListaSimpleSinCola,popFront,general,20270921,10000,9999,2000,4,-1,NA,true,45500,22.750,13318000
listas,ListaSimpleSinCola,popFront,general,20270921,10000,9999,2000,5,-1,NA,true,44900,22.450,13318000
listas,ListaSimpleSinCola,popFront,general,20270921,10000,9999,2000,6,-1,NA,true,45400,22.700,13318000
listas,ListaSimpleSinCola,popFront,general,20270921,10000,9999,2000,7,-1,NA,true,45500,22.750,13318000
listas,ListaSimpleSinCola,popFront,general,20270921,10000,9999,2000,8,-1,NA,true,46700,23.350,13318000
listas,ListaSimpleSinCola,popFront,general,20270921,10000,9999,2000,9,-1,NA,true,44600,22.300,13318000
listas,ListaSimpleSinCola,popFront,general,20270921,10000,9999,2000,10,-1,NA,true,47400,23.700,13318000
listas,ListaSimpleSinCola,topFront,general,20270921,10000,10000,2000,1,-1,NA,true,4000,2.000,13318000
listas,ListaSimpleSinCola,topFront,general,20270921,10000,10000,2000,2,-1,NA,true,4000,2.000,13318000
listas,ListaSimpleSinCola,topFront,general,20270921,10000,10000,2000,3,-1,NA,true,4000,2.000,13318000
listas,ListaSimpleSinCola,topFront,general,20270921,10000,10000,2000,4,-1,NA,true,3900,1.950,13318000
listas,ListaSimpleSinCola,topFront,general,20270921,10000,10000,2000,5,-1,NA,true,3900,1.950,13318000
listas,ListaSimpleSinCola,topFront,general,20270921,10000,10000,2000,6,-1,NA,true,4000,2.000,13318000
listas,ListaSimpleSinCola,topFront,general,20270921,10000,10000,2000,7,-1,NA,true,3900,1.950,13318000
listas,ListaSimpleSinCola,topFront,general,20270921,10000,10000,2000,8,-1,NA,true,4000,2.000,13318000
listas,ListaSimpleSinCola,topFront,general,20270921,10000,10000,2000,9,-1,NA,true,3900,1.950,13318000
listas,ListaSimpleSinCola,topFront,general,20270921,10000,10000,2000,10,-1,NA,true,4000,2.000,13318000
listas,ListaSimpleSinCola,size,no_vacia,20270921,10000,10000,2000,1,-1,NA,true,3500,1.750,20000000
listas,ListaSimpleSinCola,size,no_vacia,20270921,10000,10000,2000,2,-1,NA,true,3500,1.750,20000000
listas,ListaSimpleSinCola,size,no_vacia,20270921,10000,10000,2000,3,-1,NA,true,4500,2.250,20000000
listas,ListaSimpleSinCola,size,no_vacia,20270921,10000,10000,2000,4,-1,NA,true,3400,1.700,20000000
listas,ListaSimpleSinCola,size,no_vacia,20270921,10000,10000,2000,5,-1,NA,true,3500,1.750,20000000
listas,ListaSimpleSinCola,size,no_vacia,20270921,10000,10000,2000,6,-1,NA,true,4500,2.250,20000000
listas,ListaSimpleSinCola,size,no_vacia,20270921,10000,10000,2000,7,-1,NA,true,3500,1.750,20000000
listas,ListaSimpleSinCola,size,no_vacia,20270921,10000,10000,2000,8,-1,NA,true,3500,1.750,20000000
listas,ListaSimpleSinCola,size,no_vacia,20270921,10000,10000,2000,9,-1,NA,true,3500,1.750,20000000
listas,ListaSimpleSinCola,size,no_vacia,20270921,10000,10000,2000,10,-1,NA,true,3500,1.750,20000000
listas,ListaSimpleSinCola,isEmpty,no_vacia,20270921,10000,10000,2000,1,-1,NA,true,3000,1.500,0
listas,ListaSimpleSinCola,isEmpty,no_vacia,20270921,10000,10000,2000,2,-1,NA,true,2900,1.450,0
listas,ListaSimpleSinCola,isEmpty,no_vacia,20270921,10000,10000,2000,3,-1,NA,true,3000,1.500,0
listas,ListaSimpleSinCola,isEmpty,no_vacia,20270921,10000,10000,2000,4,-1,NA,true,2900,1.450,0
listas,ListaSimpleSinCola,isEmpty,no_vacia,20270921,10000,10000,2000,5,-1,NA,true,2900,1.450,0
listas,ListaSimpleSinCola,isEmpty,no_vacia,20270921,10000,10000,2000,6,-1,NA,true,2900,1.450,0
listas,ListaSimpleSinCola,isEmpty,no_vacia,20270921,10000,10000,2000,7,-1,NA,true,3000,1.500,0
listas,ListaSimpleSinCola,isEmpty,no_vacia,20270921,10000,10000,2000,8,-1,NA,true,2900,1.450,0
listas,ListaSimpleSinCola,isEmpty,no_vacia,20270921,10000,10000,2000,9,-1,NA,true,3100,1.550,0
listas,ListaSimpleSinCola,isEmpty,no_vacia,20270921,10000,10000,2000,10,-1,NA,true,2900,1.450,0
listas,ListaSimpleSinCola,pushBack,general,20270921,10000,10001,20,1,-1,NA,true,206700,10335.000,-42949672960
listas,ListaSimpleSinCola,pushBack,general,20270921,10000,10001,20,2,-1,NA,true,206100,10305.000,-42949672960
listas,ListaSimpleSinCola,pushBack,general,20270921,10000,10001,20,3,-1,NA,true,209900,10495.000,-42949672960
listas,ListaSimpleSinCola,pushBack,general,20270921,10000,10001,20,4,-1,NA,true,204400,10220.000,-42949672960
listas,ListaSimpleSinCola,pushBack,general,20270921,10000,10001,20,5,-1,NA,true,202400,10120.000,-42949672960
listas,ListaSimpleSinCola,pushBack,general,20270921,10000,10001,20,6,-1,NA,true,204100,10205.000,-42949672960
listas,ListaSimpleSinCola,pushBack,general,20270921,10000,10001,20,7,-1,NA,true,208700,10435.000,-42949672960
listas,ListaSimpleSinCola,pushBack,general,20270921,10000,10001,20,8,-1,NA,true,205300,10265.000,-42949672960
listas,ListaSimpleSinCola,pushBack,general,20270921,10000,10001,20,9,-1,NA,true,203400,10170.000,-42949672960
listas,ListaSimpleSinCola,pushBack,general,20270921,10000,10001,20,10,-1,NA,true,202700,10135.000,-42949672960
listas,ListaSimpleSinCola,popBack,general,20270921,10000,9999,20,1,-1,NA,true,202800,10140.000,41140
listas,ListaSimpleSinCola,popBack,general,20270921,10000,9999,20,2,-1,NA,true,200800,10040.000,41140
listas,ListaSimpleSinCola,popBack,general,20270921,10000,9999,20,3,-1,NA,true,206500,10325.000,41140
listas,ListaSimpleSinCola,popBack,general,20270921,10000,9999,20,4,-1,NA,true,203500,10175.000,41140
listas,ListaSimpleSinCola,popBack,general,20270921,10000,9999,20,5,-1,NA,true,207500,10375.000,41140
listas,ListaSimpleSinCola,popBack,general,20270921,10000,9999,20,6,-1,NA,true,202600,10130.000,41140
listas,ListaSimpleSinCola,popBack,general,20270921,10000,9999,20,7,-1,NA,true,205000,10250.000,41140
listas,ListaSimpleSinCola,popBack,general,20270921,10000,9999,20,8,-1,NA,true,204600,10230.000,41140
listas,ListaSimpleSinCola,popBack,general,20270921,10000,9999,20,9,-1,NA,true,201800,10090.000,41140
listas,ListaSimpleSinCola,popBack,general,20270921,10000,9999,20,10,-1,NA,true,206400,10320.000,41140
listas,ListaSimpleSinCola,topBack,general,20270921,10000,10000,20,1,-1,NA,true,203300,10165.000,41140
listas,ListaSimpleSinCola,topBack,general,20270921,10000,10000,20,2,-1,NA,true,202200,10110.000,41140
listas,ListaSimpleSinCola,topBack,general,20270921,10000,10000,20,3,-1,NA,true,225800,11290.000,41140
listas,ListaSimpleSinCola,topBack,general,20270921,10000,10000,20,4,-1,NA,true,201500,10075.000,41140
listas,ListaSimpleSinCola,topBack,general,20270921,10000,10000,20,5,-1,NA,true,203500,10175.000,41140
listas,ListaSimpleSinCola,topBack,general,20270921,10000,10000,20,6,-1,NA,true,205900,10295.000,41140
listas,ListaSimpleSinCola,topBack,general,20270921,10000,10000,20,7,-1,NA,true,200500,10025.000,41140
listas,ListaSimpleSinCola,topBack,general,20270921,10000,10000,20,8,-1,NA,true,202800,10140.000,41140
listas,ListaSimpleSinCola,topBack,general,20270921,10000,10000,20,9,-1,NA,true,206200,10310.000,41140
listas,ListaSimpleSinCola,topBack,general,20270921,10000,10000,20,10,-1,NA,true,201600,10080.000,41140
listas,ListaSimpleSinCola,find,inicio,20270921,10000,10000,20,1,-1,NA,true,300,15.000,38291452460
listas,ListaSimpleSinCola,find,inicio,20270921,10000,10000,20,2,-1,NA,true,400,20.000,13597811560
listas,ListaSimpleSinCola,find,inicio,20270921,10000,10000,20,3,-1,NA,true,500,25.000,37128526360
listas,ListaSimpleSinCola,find,inicio,20270921,10000,10000,20,4,-1,NA,true,300,15.000,35847865880
listas,ListaSimpleSinCola,find,inicio,20270921,10000,10000,20,5,-1,NA,true,200,10.000,34964511600
listas,ListaSimpleSinCola,find,inicio,20270921,10000,10000,20,6,-1,NA,true,500,25.000,38372553720
listas,ListaSimpleSinCola,find,inicio,20270921,10000,10000,20,7,-1,NA,true,400,20.000,14322876200
listas,ListaSimpleSinCola,find,inicio,20270921,10000,10000,20,8,-1,NA,true,500,25.000,36988674100
listas,ListaSimpleSinCola,find,inicio,20270921,10000,10000,20,9,-1,NA,true,500,25.000,8232628080
listas,ListaSimpleSinCola,find,inicio,20270921,10000,10000,20,10,-1,NA,true,300,15.000,17958274640
listas,ListaSimpleSinCola,find,medio,20270921,10000,10000,20,1,-1,NA,true,107600,5380.000,14125558960
listas,ListaSimpleSinCola,find,medio,20270921,10000,10000,20,2,-1,NA,true,101700,5085.000,4523402700
listas,ListaSimpleSinCola,find,medio,20270921,10000,10000,20,3,-1,NA,true,104000,5200.000,7634156740
listas,ListaSimpleSinCola,find,medio,20270921,10000,10000,20,4,-1,NA,true,102400,5120.000,11788932320
listas,ListaSimpleSinCola,find,medio,20270921,10000,10000,20,5,-1,NA,true,102300,5115.000,26432811880
listas,ListaSimpleSinCola,find,medio,20270921,10000,10000,20,6,-1,NA,true,103400,5170.000,9144678080
listas,ListaSimpleSinCola,find,medio,20270921,10000,10000,20,7,-1,NA,true,103900,5195.000,4913444700
listas,ListaSimpleSinCola,find,medio,20270921,10000,10000,20,8,-1,NA,true,127800,6390.000,20251411720
listas,ListaSimpleSinCola,find,medio,20270921,10000,10000,20,9,-1,NA,true,107400,5370.000,24142801620
listas,ListaSimpleSinCola,find,medio,20270921,10000,10000,20,10,-1,NA,true,103800,5190.000,30201347400
listas,ListaSimpleSinCola,find,final,20270921,10000,10000,20,1,-1,NA,true,206300,10315.000,10648918940
listas,ListaSimpleSinCola,find,final,20270921,10000,10000,20,2,-1,NA,true,205000,10250.000,23415880120
listas,ListaSimpleSinCola,find,final,20270921,10000,10000,20,3,-1,NA,true,203600,10180.000,25789588780
listas,ListaSimpleSinCola,find,final,20270921,10000,10000,20,4,-1,NA,true,204500,10225.000,134774920
listas,ListaSimpleSinCola,find,final,20270921,10000,10000,20,5,-1,NA,true,204300,10215.000,41923432620
listas,ListaSimpleSinCola,find,final,20270921,10000,10000,20,6,-1,NA,true,212200,10610.000,42293881300
listas,ListaSimpleSinCola,find,final,20270921,10000,10000,20,7,-1,NA,true,204700,10235.000,36883388840
listas,ListaSimpleSinCola,find,final,20270921,10000,10000,20,8,-1,NA,true,205000,10250.000,30747173880
listas,ListaSimpleSinCola,find,final,20270921,10000,10000,20,9,-1,NA,true,215100,10755.000,16091627820
listas,ListaSimpleSinCola,find,final,20270921,10000,10000,20,10,-1,NA,true,203800,10190.000,4196272060
listas,ListaSimpleSinCola,find,ausente,20270921,10000,10000,20,1,-1,NA,true,203400,10170.000,20
listas,ListaSimpleSinCola,find,ausente,20270921,10000,10000,20,2,-1,NA,true,204800,10240.000,20
listas,ListaSimpleSinCola,find,ausente,20270921,10000,10000,20,3,-1,NA,true,204000,10200.000,20
listas,ListaSimpleSinCola,find,ausente,20270921,10000,10000,20,4,-1,NA,true,207400,10370.000,20
listas,ListaSimpleSinCola,find,ausente,20270921,10000,10000,20,5,-1,NA,true,204700,10235.000,20
listas,ListaSimpleSinCola,find,ausente,20270921,10000,10000,20,6,-1,NA,true,205600,10280.000,20
listas,ListaSimpleSinCola,find,ausente,20270921,10000,10000,20,7,-1,NA,true,208300,10415.000,20
listas,ListaSimpleSinCola,find,ausente,20270921,10000,10000,20,8,-1,NA,true,204600,10230.000,20
listas,ListaSimpleSinCola,find,ausente,20270921,10000,10000,20,9,-1,NA,true,208200,10410.000,20
listas,ListaSimpleSinCola,find,ausente,20270921,10000,10000,20,10,-1,NA,true,205900,10295.000,20
listas,ListaSimpleSinCola,erase,inicio_nodo_prelocalizado,20270921,10000,9999,20,1,-1,NA,true,200,10.000,133180
listas,ListaSimpleSinCola,erase,inicio_nodo_prelocalizado,20270921,10000,9999,20,2,-1,NA,true,500,25.000,133180
listas,ListaSimpleSinCola,erase,inicio_nodo_prelocalizado,20270921,10000,9999,20,3,-1,NA,true,400,20.000,133180
listas,ListaSimpleSinCola,erase,inicio_nodo_prelocalizado,20270921,10000,9999,20,4,-1,NA,true,400,20.000,133180
listas,ListaSimpleSinCola,erase,inicio_nodo_prelocalizado,20270921,10000,9999,20,5,-1,NA,true,500,25.000,133180
listas,ListaSimpleSinCola,erase,inicio_nodo_prelocalizado,20270921,10000,9999,20,6,-1,NA,true,500,25.000,133180
listas,ListaSimpleSinCola,erase,inicio_nodo_prelocalizado,20270921,10000,9999,20,7,-1,NA,true,300,15.000,133180
listas,ListaSimpleSinCola,erase,inicio_nodo_prelocalizado,20270921,10000,9999,20,8,-1,NA,true,600,30.000,133180
listas,ListaSimpleSinCola,erase,inicio_nodo_prelocalizado,20270921,10000,9999,20,9,-1,NA,true,500,25.000,133180
listas,ListaSimpleSinCola,erase,inicio_nodo_prelocalizado,20270921,10000,9999,20,10,-1,NA,true,500,25.000,133180
listas,ListaSimpleSinCola,erase,medio_nodo_prelocalizado,20270921,10000,9999,20,1,-1,NA,true,101500,5075.000,58860
listas,ListaSimpleSinCola,erase,medio_nodo_prelocalizado,20270921,10000,9999,20,2,-1,NA,true,101400,5070.000,58860
listas,ListaSimpleSinCola,erase,medio_nodo_prelocalizado,20270921,10000,9999,20,3,-1,NA,true,101000,5050.000,58860
listas,ListaSimpleSinCola,erase,medio_nodo_prelocalizado,20270921,10000,9999,20,4,-1,NA,true,102300,5115.000,58860
listas,ListaSimpleSinCola,erase,medio_nodo_prelocalizado,20270921,10000,9999,20,5,-1,NA,true,104400,5220.000,58860
listas,ListaSimpleSinCola,erase,medio_nodo_prelocalizado,20270921,10000,9999,20,6,-1,NA,true,100800,5040.000,58860
listas,ListaSimpleSinCola,erase,medio_nodo_prelocalizado,20270921,10000,9999,20,7,-1,NA,true,100900,5045.000,58860
listas,ListaSimpleSinCola,erase,medio_nodo_prelocalizado,20270921,10000,9999,20,8,-1,NA,true,101700,5085.000,58860
listas,ListaSimpleSinCola,erase,medio_nodo_prelocalizado,20270921,10000,9999,20,9,-1,NA,true,101800,5090.000,58860
listas,ListaSimpleSinCola,erase,medio_nodo_prelocalizado,20270921,10000,9999,20,10,-1,NA,true,100900,5045.000,58860
listas,ListaSimpleSinCola,erase,final_nodo_prelocalizado,20270921,10000,9999,20,1,-1,NA,true,200100,10005.000,41140
listas,ListaSimpleSinCola,erase,final_nodo_prelocalizado,20270921,10000,9999,20,2,-1,NA,true,201000,10050.000,41140
listas,ListaSimpleSinCola,erase,final_nodo_prelocalizado,20270921,10000,9999,20,3,-1,NA,true,225800,11290.000,41140
listas,ListaSimpleSinCola,erase,final_nodo_prelocalizado,20270921,10000,9999,20,4,-1,NA,true,199900,9995.000,41140
listas,ListaSimpleSinCola,erase,final_nodo_prelocalizado,20270921,10000,9999,20,5,-1,NA,true,199800,9990.000,41140
listas,ListaSimpleSinCola,erase,final_nodo_prelocalizado,20270921,10000,9999,20,6,-1,NA,true,199500,9975.000,41140
listas,ListaSimpleSinCola,erase,final_nodo_prelocalizado,20270921,10000,9999,20,7,-1,NA,true,204800,10240.000,41140
listas,ListaSimpleSinCola,erase,final_nodo_prelocalizado,20270921,10000,9999,20,8,-1,NA,true,199800,9990.000,41140
listas,ListaSimpleSinCola,erase,final_nodo_prelocalizado,20270921,10000,9999,20,9,-1,NA,true,204500,10225.000,41140
listas,ListaSimpleSinCola,erase,final_nodo_prelocalizado,20270921,10000,9999,20,10,-1,NA,true,199800,9990.000,41140
listas,ListaSimpleSinCola,addBefore,inicio_nodo_prelocalizado,20270921,10000,10001,20,1,-1,NA,true,700,35.000,200020
listas,ListaSimpleSinCola,addBefore,inicio_nodo_prelocalizado,20270921,10000,10001,20,2,-1,NA,true,400,20.000,200020
listas,ListaSimpleSinCola,addBefore,inicio_nodo_prelocalizado,20270921,10000,10001,20,3,-1,NA,true,300,15.000,200020
listas,ListaSimpleSinCola,addBefore,inicio_nodo_prelocalizado,20270921,10000,10001,20,4,-1,NA,true,300,15.000,200020
listas,ListaSimpleSinCola,addBefore,inicio_nodo_prelocalizado,20270921,10000,10001,20,5,-1,NA,true,700,35.000,200020
listas,ListaSimpleSinCola,addBefore,inicio_nodo_prelocalizado,20270921,10000,10001,20,6,-1,NA,true,500,25.000,200020
listas,ListaSimpleSinCola,addBefore,inicio_nodo_prelocalizado,20270921,10000,10001,20,7,-1,NA,true,400,20.000,200020
listas,ListaSimpleSinCola,addBefore,inicio_nodo_prelocalizado,20270921,10000,10001,20,8,-1,NA,true,400,20.000,200020
listas,ListaSimpleSinCola,addBefore,inicio_nodo_prelocalizado,20270921,10000,10001,20,9,-1,NA,true,500,25.000,200020
listas,ListaSimpleSinCola,addBefore,inicio_nodo_prelocalizado,20270921,10000,10001,20,10,-1,NA,true,600,30.000,200020
listas,ListaSimpleSinCola,addBefore,medio_nodo_prelocalizado,20270921,10000,10001,20,1,-1,NA,true,103000,5150.000,200020
listas,ListaSimpleSinCola,addBefore,medio_nodo_prelocalizado,20270921,10000,10001,20,2,-1,NA,true,100900,5045.000,200020
listas,ListaSimpleSinCola,addBefore,medio_nodo_prelocalizado,20270921,10000,10001,20,3,-1,NA,true,103800,5190.000,200020
listas,ListaSimpleSinCola,addBefore,medio_nodo_prelocalizado,20270921,10000,10001,20,4,-1,NA,true,100600,5030.000,200020
listas,ListaSimpleSinCola,addBefore,medio_nodo_prelocalizado,20270921,10000,10001,20,5,-1,NA,true,101500,5075.000,200020
listas,ListaSimpleSinCola,addBefore,medio_nodo_prelocalizado,20270921,10000,10001,20,6,-1,NA,true,104500,5225.000,200020
listas,ListaSimpleSinCola,addBefore,medio_nodo_prelocalizado,20270921,10000,10001,20,7,-1,NA,true,101100,5055.000,200020
listas,ListaSimpleSinCola,addBefore,medio_nodo_prelocalizado,20270921,10000,10001,20,8,-1,NA,true,100500,5025.000,200020
listas,ListaSimpleSinCola,addBefore,medio_nodo_prelocalizado,20270921,10000,10001,20,9,-1,NA,true,100700,5035.000,200020
listas,ListaSimpleSinCola,addBefore,medio_nodo_prelocalizado,20270921,10000,10001,20,10,-1,NA,true,101000,5050.000,200020
listas,ListaSimpleSinCola,addBefore,final_nodo_prelocalizado,20270921,10000,10001,20,1,-1,NA,true,201500,10075.000,200020
listas,ListaSimpleSinCola,addBefore,final_nodo_prelocalizado,20270921,10000,10001,20,2,-1,NA,true,200300,10015.000,200020
listas,ListaSimpleSinCola,addBefore,final_nodo_prelocalizado,20270921,10000,10001,20,3,-1,NA,true,209400,10470.000,200020
listas,ListaSimpleSinCola,addBefore,final_nodo_prelocalizado,20270921,10000,10001,20,4,-1,NA,true,206000,10300.000,200020
listas,ListaSimpleSinCola,addBefore,final_nodo_prelocalizado,20270921,10000,10001,20,5,-1,NA,true,204800,10240.000,200020
listas,ListaSimpleSinCola,addBefore,final_nodo_prelocalizado,20270921,10000,10001,20,6,-1,NA,true,202000,10100.000,200020
listas,ListaSimpleSinCola,addBefore,final_nodo_prelocalizado,20270921,10000,10001,20,7,-1,NA,true,201200,10060.000,200020
listas,ListaSimpleSinCola,addBefore,final_nodo_prelocalizado,20270921,10000,10001,20,8,-1,NA,true,204000,10200.000,200020
listas,ListaSimpleSinCola,addBefore,final_nodo_prelocalizado,20270921,10000,10001,20,9,-1,NA,true,205000,10250.000,200020
listas,ListaSimpleSinCola,addBefore,final_nodo_prelocalizado,20270921,10000,10001,20,10,-1,NA,true,201400,10070.000,200020
listas,ListaSimpleSinCola,addAfter,inicio_nodo_prelocalizado,20270921,10000,10001,20,1,-1,NA,true,700,35.000,200020
listas,ListaSimpleSinCola,addAfter,inicio_nodo_prelocalizado,20270921,10000,10001,20,2,-1,NA,true,600,30.000,200020
listas,ListaSimpleSinCola,addAfter,inicio_nodo_prelocalizado,20270921,10000,10001,20,3,-1,NA,true,600,30.000,200020
listas,ListaSimpleSinCola,addAfter,inicio_nodo_prelocalizado,20270921,10000,10001,20,4,-1,NA,true,500,25.000,200020
listas,ListaSimpleSinCola,addAfter,inicio_nodo_prelocalizado,20270921,10000,10001,20,5,-1,NA,true,200,10.000,200020
listas,ListaSimpleSinCola,addAfter,inicio_nodo_prelocalizado,20270921,10000,10001,20,6,-1,NA,true,700,35.000,200020
listas,ListaSimpleSinCola,addAfter,inicio_nodo_prelocalizado,20270921,10000,10001,20,7,-1,NA,true,200,10.000,200020
listas,ListaSimpleSinCola,addAfter,inicio_nodo_prelocalizado,20270921,10000,10001,20,8,-1,NA,true,500,25.000,200020
listas,ListaSimpleSinCola,addAfter,inicio_nodo_prelocalizado,20270921,10000,10001,20,9,-1,NA,true,700,35.000,200020
listas,ListaSimpleSinCola,addAfter,inicio_nodo_prelocalizado,20270921,10000,10001,20,10,-1,NA,true,700,35.000,200020
listas,ListaSimpleSinCola,addAfter,medio_nodo_prelocalizado,20270921,10000,10001,20,1,-1,NA,true,300,15.000,200020
listas,ListaSimpleSinCola,addAfter,medio_nodo_prelocalizado,20270921,10000,10001,20,2,-1,NA,true,600,30.000,200020
listas,ListaSimpleSinCola,addAfter,medio_nodo_prelocalizado,20270921,10000,10001,20,3,-1,NA,true,400,20.000,200020
listas,ListaSimpleSinCola,addAfter,medio_nodo_prelocalizado,20270921,10000,10001,20,4,-1,NA,true,400,20.000,200020
listas,ListaSimpleSinCola,addAfter,medio_nodo_prelocalizado,20270921,10000,10001,20,5,-1,NA,true,500,25.000,200020
listas,ListaSimpleSinCola,addAfter,medio_nodo_prelocalizado,20270921,10000,10001,20,6,-1,NA,true,300,15.000,200020
listas,ListaSimpleSinCola,addAfter,medio_nodo_prelocalizado,20270921,10000,10001,20,7,-1,NA,true,700,35.000,200020
listas,ListaSimpleSinCola,addAfter,medio_nodo_prelocalizado,20270921,10000,10001,20,8,-1,NA,true,300,15.000,200020
listas,ListaSimpleSinCola,addAfter,medio_nodo_prelocalizado,20270921,10000,10001,20,9,-1,NA,true,400,20.000,200020
listas,ListaSimpleSinCola,addAfter,medio_nodo_prelocalizado,20270921,10000,10001,20,10,-1,NA,true,400,20.000,200020
listas,ListaSimpleSinCola,addAfter,final_nodo_prelocalizado,20270921,10000,10001,20,1,-1,NA,true,800,40.000,200020
listas,ListaSimpleSinCola,addAfter,final_nodo_prelocalizado,20270921,10000,10001,20,2,-1,NA,true,800,40.000,200020
listas,ListaSimpleSinCola,addAfter,final_nodo_prelocalizado,20270921,10000,10001,20,3,-1,NA,true,400,20.000,200020
listas,ListaSimpleSinCola,addAfter,final_nodo_prelocalizado,20270921,10000,10001,20,4,-1,NA,true,300,15.000,200020
listas,ListaSimpleSinCola,addAfter,final_nodo_prelocalizado,20270921,10000,10001,20,5,-1,NA,true,600,30.000,200020
listas,ListaSimpleSinCola,addAfter,final_nodo_prelocalizado,20270921,10000,10001,20,6,-1,NA,true,600,30.000,200020
listas,ListaSimpleSinCola,addAfter,final_nodo_prelocalizado,20270921,10000,10001,20,7,-1,NA,true,400,20.000,200020
listas,ListaSimpleSinCola,addAfter,final_nodo_prelocalizado,20270921,10000,10001,20,8,-1,NA,true,700,35.000,200020
listas,ListaSimpleSinCola,addAfter,final_nodo_prelocalizado,20270921,10000,10001,20,9,-1,NA,true,500,25.000,200020
listas,ListaSimpleSinCola,addAfter,final_nodo_prelocalizado,20270921,10000,10001,20,10,-1,NA,true,200,10.000,200020
listas,ListaSimpleConCola,pushFront,general,20270921,10000,10001,2000,1,-1,NA,true,45200,22.600,-4294967296000
listas,ListaSimpleConCola,pushFront,general,20270921,10000,10001,2000,2,-1,NA,true,45300,22.650,-4294967296000
listas,ListaSimpleConCola,pushFront,general,20270921,10000,10001,2000,3,-1,NA,true,45800,22.900,-4294967296000
listas,ListaSimpleConCola,pushFront,general,20270921,10000,10001,2000,4,-1,NA,true,45600,22.800,-4294967296000
listas,ListaSimpleConCola,pushFront,general,20270921,10000,10001,2000,5,-1,NA,true,46000,23.000,-4294967296000
listas,ListaSimpleConCola,pushFront,general,20270921,10000,10001,2000,6,-1,NA,true,46600,23.300,-4294967296000
listas,ListaSimpleConCola,pushFront,general,20270921,10000,10001,2000,7,-1,NA,true,44300,22.150,-4294967296000
listas,ListaSimpleConCola,pushFront,general,20270921,10000,10001,2000,8,-1,NA,true,48100,24.050,-4294967296000
listas,ListaSimpleConCola,pushFront,general,20270921,10000,10001,2000,9,-1,NA,true,46100,23.050,-4294967296000
listas,ListaSimpleConCola,pushFront,general,20270921,10000,10001,2000,10,-1,NA,true,45100,22.550,-4294967296000
listas,ListaSimpleConCola,popFront,general,20270921,10000,9999,2000,1,-1,NA,true,44900,22.450,13318000
listas,ListaSimpleConCola,popFront,general,20270921,10000,9999,2000,2,-1,NA,true,45200,22.600,13318000
listas,ListaSimpleConCola,popFront,general,20270921,10000,9999,2000,3,-1,NA,true,44900,22.450,13318000
listas,ListaSimpleConCola,popFront,general,20270921,10000,9999,2000,4,-1,NA,true,45500,22.750,13318000
listas,ListaSimpleConCola,popFront,general,20270921,10000,9999,2000,5,-1,NA,true,44800,22.400,13318000
listas,ListaSimpleConCola,popFront,general,20270921,10000,9999,2000,6,-1,NA,true,44300,22.150,13318000
listas,ListaSimpleConCola,popFront,general,20270921,10000,9999,2000,7,-1,NA,true,44700,22.350,13318000
listas,ListaSimpleConCola,popFront,general,20270921,10000,9999,2000,8,-1,NA,true,45800,22.900,13318000
listas,ListaSimpleConCola,popFront,general,20270921,10000,9999,2000,9,-1,NA,true,45300,22.650,13318000
listas,ListaSimpleConCola,popFront,general,20270921,10000,9999,2000,10,-1,NA,true,44900,22.450,13318000
listas,ListaSimpleConCola,topFront,general,20270921,10000,10000,2000,1,-1,NA,true,3900,1.950,13318000
listas,ListaSimpleConCola,topFront,general,20270921,10000,10000,2000,2,-1,NA,true,3900,1.950,13318000
listas,ListaSimpleConCola,topFront,general,20270921,10000,10000,2000,3,-1,NA,true,3900,1.950,13318000
listas,ListaSimpleConCola,topFront,general,20270921,10000,10000,2000,4,-1,NA,true,3900,1.950,13318000
listas,ListaSimpleConCola,topFront,general,20270921,10000,10000,2000,5,-1,NA,true,4000,2.000,13318000
listas,ListaSimpleConCola,topFront,general,20270921,10000,10000,2000,6,-1,NA,true,3900,1.950,13318000
listas,ListaSimpleConCola,topFront,general,20270921,10000,10000,2000,7,-1,NA,true,4000,2.000,13318000
listas,ListaSimpleConCola,topFront,general,20270921,10000,10000,2000,8,-1,NA,true,3900,1.950,13318000
listas,ListaSimpleConCola,topFront,general,20270921,10000,10000,2000,9,-1,NA,true,3900,1.950,13318000
listas,ListaSimpleConCola,topFront,general,20270921,10000,10000,2000,10,-1,NA,true,3900,1.950,13318000
listas,ListaSimpleConCola,size,no_vacia,20270921,10000,10000,2000,1,-1,NA,true,3500,1.750,20000000
listas,ListaSimpleConCola,size,no_vacia,20270921,10000,10000,2000,2,-1,NA,true,3500,1.750,20000000
listas,ListaSimpleConCola,size,no_vacia,20270921,10000,10000,2000,3,-1,NA,true,3500,1.750,20000000
listas,ListaSimpleConCola,size,no_vacia,20270921,10000,10000,2000,4,-1,NA,true,3500,1.750,20000000
listas,ListaSimpleConCola,size,no_vacia,20270921,10000,10000,2000,5,-1,NA,true,3500,1.750,20000000
listas,ListaSimpleConCola,size,no_vacia,20270921,10000,10000,2000,6,-1,NA,true,4400,2.200,20000000
listas,ListaSimpleConCola,size,no_vacia,20270921,10000,10000,2000,7,-1,NA,true,3400,1.700,20000000
listas,ListaSimpleConCola,size,no_vacia,20270921,10000,10000,2000,8,-1,NA,true,3400,1.700,20000000
listas,ListaSimpleConCola,size,no_vacia,20270921,10000,10000,2000,9,-1,NA,true,3400,1.700,20000000
listas,ListaSimpleConCola,size,no_vacia,20270921,10000,10000,2000,10,-1,NA,true,3500,1.750,20000000
listas,ListaSimpleConCola,isEmpty,no_vacia,20270921,10000,10000,2000,1,-1,NA,true,2900,1.450,0
listas,ListaSimpleConCola,isEmpty,no_vacia,20270921,10000,10000,2000,2,-1,NA,true,2900,1.450,0
listas,ListaSimpleConCola,isEmpty,no_vacia,20270921,10000,10000,2000,3,-1,NA,true,3000,1.500,0
listas,ListaSimpleConCola,isEmpty,no_vacia,20270921,10000,10000,2000,4,-1,NA,true,2900,1.450,0
listas,ListaSimpleConCola,isEmpty,no_vacia,20270921,10000,10000,2000,5,-1,NA,true,2900,1.450,0
listas,ListaSimpleConCola,isEmpty,no_vacia,20270921,10000,10000,2000,6,-1,NA,true,3000,1.500,0
listas,ListaSimpleConCola,isEmpty,no_vacia,20270921,10000,10000,2000,7,-1,NA,true,2900,1.450,0
listas,ListaSimpleConCola,isEmpty,no_vacia,20270921,10000,10000,2000,8,-1,NA,true,2900,1.450,0
listas,ListaSimpleConCola,isEmpty,no_vacia,20270921,10000,10000,2000,9,-1,NA,true,2900,1.450,0
listas,ListaSimpleConCola,isEmpty,no_vacia,20270921,10000,10000,2000,10,-1,NA,true,3000,1.500,0
listas,ListaSimpleConCola,pushBack,general,20270921,10000,10001,20,1,-1,NA,true,400,20.000,-42949672960
listas,ListaSimpleConCola,pushBack,general,20270921,10000,10001,20,2,-1,NA,true,400,20.000,-42949672960
listas,ListaSimpleConCola,pushBack,general,20270921,10000,10001,20,3,-1,NA,true,400,20.000,-42949672960
listas,ListaSimpleConCola,pushBack,general,20270921,10000,10001,20,4,-1,NA,true,600,30.000,-42949672960
listas,ListaSimpleConCola,pushBack,general,20270921,10000,10001,20,5,-1,NA,true,200,10.000,-42949672960
listas,ListaSimpleConCola,pushBack,general,20270921,10000,10001,20,6,-1,NA,true,200,10.000,-42949672960
listas,ListaSimpleConCola,pushBack,general,20270921,10000,10001,20,7,-1,NA,true,300,15.000,-42949672960
listas,ListaSimpleConCola,pushBack,general,20270921,10000,10001,20,8,-1,NA,true,600,30.000,-42949672960
listas,ListaSimpleConCola,pushBack,general,20270921,10000,10001,20,9,-1,NA,true,700,35.000,-42949672960
listas,ListaSimpleConCola,pushBack,general,20270921,10000,10001,20,10,-1,NA,true,300,15.000,-42949672960
listas,ListaSimpleConCola,popBack,general,20270921,10000,9999,20,1,-1,NA,true,203400,10170.000,41140
listas,ListaSimpleConCola,popBack,general,20270921,10000,9999,20,2,-1,NA,true,209600,10480.000,41140
listas,ListaSimpleConCola,popBack,general,20270921,10000,9999,20,3,-1,NA,true,202400,10120.000,41140
listas,ListaSimpleConCola,popBack,general,20270921,10000,9999,20,4,-1,NA,true,204300,10215.000,41140
listas,ListaSimpleConCola,popBack,general,20270921,10000,9999,20,5,-1,NA,true,207700,10385.000,41140
listas,ListaSimpleConCola,popBack,general,20270921,10000,9999,20,6,-1,NA,true,203800,10190.000,41140
listas,ListaSimpleConCola,popBack,general,20270921,10000,9999,20,7,-1,NA,true,224300,11215.000,41140
listas,ListaSimpleConCola,popBack,general,20270921,10000,9999,20,8,-1,NA,true,206900,10345.000,41140
listas,ListaSimpleConCola,popBack,general,20270921,10000,9999,20,9,-1,NA,true,215500,10775.000,41140
listas,ListaSimpleConCola,popBack,general,20270921,10000,9999,20,10,-1,NA,true,210200,10510.000,41140
listas,ListaSimpleConCola,topBack,general,20270921,10000,10000,20,1,-1,NA,true,100,5.000,41140
listas,ListaSimpleConCola,topBack,general,20270921,10000,10000,20,2,-1,NA,true,100,5.000,41140
listas,ListaSimpleConCola,topBack,general,20270921,10000,10000,20,3,-1,NA,true,100,5.000,41140
listas,ListaSimpleConCola,topBack,general,20270921,10000,10000,20,4,-1,NA,true,100,5.000,41140
listas,ListaSimpleConCola,topBack,general,20270921,10000,10000,20,5,-1,NA,true,100,5.000,41140
listas,ListaSimpleConCola,topBack,general,20270921,10000,10000,20,6,-1,NA,true,100,5.000,41140
listas,ListaSimpleConCola,topBack,general,20270921,10000,10000,20,7,-1,NA,true,100,5.000,41140
listas,ListaSimpleConCola,topBack,general,20270921,10000,10000,20,8,-1,NA,true,100,5.000,41140
listas,ListaSimpleConCola,topBack,general,20270921,10000,10000,20,9,-1,NA,true,0,0.000,41140
listas,ListaSimpleConCola,topBack,general,20270921,10000,10000,20,10,-1,NA,true,100,5.000,41140
listas,ListaSimpleConCola,find,inicio,20270921,10000,10000,20,1,-1,NA,true,300,15.000,14949287400
listas,ListaSimpleConCola,find,inicio,20270921,10000,10000,20,2,-1,NA,true,400,20.000,30274240560
listas,ListaSimpleConCola,find,inicio,20270921,10000,10000,20,3,-1,NA,true,300,15.000,20370952840
listas,ListaSimpleConCola,find,inicio,20270921,10000,10000,20,4,-1,NA,true,600,30.000,29124174740
listas,ListaSimpleConCola,find,inicio,20270921,10000,10000,20,5,-1,NA,true,500,25.000,5773311920
listas,ListaSimpleConCola,find,inicio,20270921,10000,10000,20,6,-1,NA,true,300,15.000,272966700
listas,ListaSimpleConCola,find,inicio,20270921,10000,10000,20,7,-1,NA,true,600,30.000,6242326760
listas,ListaSimpleConCola,find,inicio,20270921,10000,10000,20,8,-1,NA,true,400,20.000,9064231420
listas,ListaSimpleConCola,find,inicio,20270921,10000,10000,20,9,-1,NA,true,300,15.000,15933697920
listas,ListaSimpleConCola,find,inicio,20270921,10000,10000,20,10,-1,NA,true,300,15.000,15142177140
listas,ListaSimpleConCola,find,medio,20270921,10000,10000,20,1,-1,NA,true,102800,5140.000,41761024860
listas,ListaSimpleConCola,find,medio,20270921,10000,10000,20,2,-1,NA,true,102700,5135.000,25543632020
listas,ListaSimpleConCola,find,medio,20270921,10000,10000,20,3,-1,NA,true,103200,5160.000,838078980
listas,ListaSimpleConCola,find,medio,20270921,10000,10000,20,4,-1,NA,true,102200,5110.000,9779407700
listas,ListaSimpleConCola,find,medio,20270921,10000,10000,20,5,-1,NA,true,102600,5130.000,24185433040
listas,ListaSimpleConCola,find,medio,20270921,10000,10000,20,6,-1,NA,true,103100,5155.000,1862450900
listas,ListaSimpleConCola,find,medio,20270921,10000,10000,20,7,-1,NA,true,102400,5120.000,41671255080
listas,ListaSimpleConCola,find,medio,20270921,10000,10000,20,8,-1,NA,true,102100,5105.000,24794621540
listas,ListaSimpleConCola,find,medio,20270921,10000,10000,20,9,-1,NA,true,106400,5320.000,11140838240
listas,ListaSimpleConCola,find,medio,20270921,10000,10000,20,10,-1,NA,true,107000,5350.000,22694258080
listas,ListaSimpleConCola,find,final,20270921,10000,10000,20,1,-1,NA,true,205800,10290.000,37095571820
listas,ListaSimpleConCola,find,final,20270921,10000,10000,20,2,-1,NA,true,208700,10435.000,41095979640
listas,ListaSimpleConCola,find,final,20270921,10000,10000,20,3,-1,NA,true,208200,10410.000,17719024460
listas,ListaSimpleConCola,find,final,20270921,10000,10000,20,4,-1,NA,true,214000,10700.000,3827643000
listas,ListaSimpleConCola,find,final,20270921,10000,10000,20,5,-1,NA,true,206700,10335.000,2853336960
listas,ListaSimpleConCola,find,final,20270921,10000,10000,20,6,-1,NA,true,207400,10370.000,21216616800
listas,ListaSimpleConCola,find,final,20270921,10000,10000,20,7,-1,NA,true,210700,10535.000,42744229640
listas,ListaSimpleConCola,find,final,20270921,10000,10000,20,8,-1,NA,true,208700,10435.000,18400231720
listas,ListaSimpleConCola,find,final,20270921,10000,10000,20,9,-1,NA,true,221100,11055.000,19370281360
listas,ListaSimpleConCola,find,final,20270921,10000,10000,20,10,-1,NA,true,205700,10285.000,27215351780
listas,ListaSimpleConCola,find,ausente,20270921,10000,10000,20,1,-1,NA,true,234900,11745.000,20
listas,ListaSimpleConCola,find,ausente,20270921,10000,10000,20,2,-1,NA,true,207300,10365.000,20
listas,ListaSimpleConCola,find,ausente,20270921,10000,10000,20,3,-1,NA,true,206200,10310.000,20
listas,ListaSimpleConCola,find,ausente,20270921,10000,10000,20,4,-1,NA,true,209400,10470.000,20
listas,ListaSimpleConCola,find,ausente,20270921,10000,10000,20,5,-1,NA,true,203600,10180.000,20
listas,ListaSimpleConCola,find,ausente,20270921,10000,10000,20,6,-1,NA,true,204800,10240.000,20
listas,ListaSimpleConCola,find,ausente,20270921,10000,10000,20,7,-1,NA,true,253000,12650.000,20
listas,ListaSimpleConCola,find,ausente,20270921,10000,10000,20,8,-1,NA,true,219000,10950.000,20
listas,ListaSimpleConCola,find,ausente,20270921,10000,10000,20,9,-1,NA,true,211900,10595.000,20
listas,ListaSimpleConCola,find,ausente,20270921,10000,10000,20,10,-1,NA,true,211000,10550.000,20
listas,ListaSimpleConCola,erase,inicio_nodo_prelocalizado,20270921,10000,9999,20,1,-1,NA,true,400,20.000,133180
listas,ListaSimpleConCola,erase,inicio_nodo_prelocalizado,20270921,10000,9999,20,2,-1,NA,true,500,25.000,133180
listas,ListaSimpleConCola,erase,inicio_nodo_prelocalizado,20270921,10000,9999,20,3,-1,NA,true,400,20.000,133180
listas,ListaSimpleConCola,erase,inicio_nodo_prelocalizado,20270921,10000,9999,20,4,-1,NA,true,400,20.000,133180
listas,ListaSimpleConCola,erase,inicio_nodo_prelocalizado,20270921,10000,9999,20,5,-1,NA,true,400,20.000,133180
listas,ListaSimpleConCola,erase,inicio_nodo_prelocalizado,20270921,10000,9999,20,6,-1,NA,true,400,20.000,133180
listas,ListaSimpleConCola,erase,inicio_nodo_prelocalizado,20270921,10000,9999,20,7,-1,NA,true,300,15.000,133180
listas,ListaSimpleConCola,erase,inicio_nodo_prelocalizado,20270921,10000,9999,20,8,-1,NA,true,500,25.000,133180
listas,ListaSimpleConCola,erase,inicio_nodo_prelocalizado,20270921,10000,9999,20,9,-1,NA,true,500,25.000,133180
listas,ListaSimpleConCola,erase,inicio_nodo_prelocalizado,20270921,10000,9999,20,10,-1,NA,true,400,20.000,133180
listas,ListaSimpleConCola,erase,medio_nodo_prelocalizado,20270921,10000,9999,20,1,-1,NA,true,101500,5075.000,58860
listas,ListaSimpleConCola,erase,medio_nodo_prelocalizado,20270921,10000,9999,20,2,-1,NA,true,100600,5030.000,58860
listas,ListaSimpleConCola,erase,medio_nodo_prelocalizado,20270921,10000,9999,20,3,-1,NA,true,101500,5075.000,58860
listas,ListaSimpleConCola,erase,medio_nodo_prelocalizado,20270921,10000,9999,20,4,-1,NA,true,103500,5175.000,58860
listas,ListaSimpleConCola,erase,medio_nodo_prelocalizado,20270921,10000,9999,20,5,-1,NA,true,100600,5030.000,58860
listas,ListaSimpleConCola,erase,medio_nodo_prelocalizado,20270921,10000,9999,20,6,-1,NA,true,124800,6240.000,58860
listas,ListaSimpleConCola,erase,medio_nodo_prelocalizado,20270921,10000,9999,20,7,-1,NA,true,100400,5020.000,58860
listas,ListaSimpleConCola,erase,medio_nodo_prelocalizado,20270921,10000,9999,20,8,-1,NA,true,100400,5020.000,58860
listas,ListaSimpleConCola,erase,medio_nodo_prelocalizado,20270921,10000,9999,20,9,-1,NA,true,100600,5030.000,58860
listas,ListaSimpleConCola,erase,medio_nodo_prelocalizado,20270921,10000,9999,20,10,-1,NA,true,100500,5025.000,58860
listas,ListaSimpleConCola,erase,final_nodo_prelocalizado,20270921,10000,9999,20,1,-1,NA,true,200700,10035.000,41140
listas,ListaSimpleConCola,erase,final_nodo_prelocalizado,20270921,10000,9999,20,2,-1,NA,true,203400,10170.000,41140
listas,ListaSimpleConCola,erase,final_nodo_prelocalizado,20270921,10000,9999,20,3,-1,NA,true,200500,10025.000,41140
listas,ListaSimpleConCola,erase,final_nodo_prelocalizado,20270921,10000,9999,20,4,-1,NA,true,200600,10030.000,41140
listas,ListaSimpleConCola,erase,final_nodo_prelocalizado,20270921,10000,9999,20,5,-1,NA,true,204900,10245.000,41140
listas,ListaSimpleConCola,erase,final_nodo_prelocalizado,20270921,10000,9999,20,6,-1,NA,true,203400,10170.000,41140
listas,ListaSimpleConCola,erase,final_nodo_prelocalizado,20270921,10000,9999,20,7,-1,NA,true,203400,10170.000,41140
listas,ListaSimpleConCola,erase,final_nodo_prelocalizado,20270921,10000,9999,20,8,-1,NA,true,203100,10155.000,41140
listas,ListaSimpleConCola,erase,final_nodo_prelocalizado,20270921,10000,9999,20,9,-1,NA,true,200400,10020.000,41140
listas,ListaSimpleConCola,erase,final_nodo_prelocalizado,20270921,10000,9999,20,10,-1,NA,true,202200,10110.000,41140
listas,ListaSimpleConCola,addBefore,inicio_nodo_prelocalizado,20270921,10000,10001,20,1,-1,NA,true,400,20.000,200020
listas,ListaSimpleConCola,addBefore,inicio_nodo_prelocalizado,20270921,10000,10001,20,2,-1,NA,true,800,40.000,200020
listas,ListaSimpleConCola,addBefore,inicio_nodo_prelocalizado,20270921,10000,10001,20,3,-1,NA,true,600,30.000,200020
listas,ListaSimpleConCola,addBefore,inicio_nodo_prelocalizado,20270921,10000,10001,20,4,-1,NA,true,900,45.000,200020
listas,ListaSimpleConCola,addBefore,inicio_nodo_prelocalizado,20270921,10000,10001,20,5,-1,NA,true,300,15.000,200020
listas,ListaSimpleConCola,addBefore,inicio_nodo_prelocalizado,20270921,10000,10001,20,6,-1,NA,true,400,20.000,200020
listas,ListaSimpleConCola,addBefore,inicio_nodo_prelocalizado,20270921,10000,10001,20,7,-1,NA,true,1900,95.000,200020
listas,ListaSimpleConCola,addBefore,inicio_nodo_prelocalizado,20270921,10000,10001,20,8,-1,NA,true,600,30.000,200020
listas,ListaSimpleConCola,addBefore,inicio_nodo_prelocalizado,20270921,10000,10001,20,9,-1,NA,true,400,20.000,200020
listas,ListaSimpleConCola,addBefore,inicio_nodo_prelocalizado,20270921,10000,10001,20,10,-1,NA,true,400,20.000,200020
listas,ListaSimpleConCola,addBefore,medio_nodo_prelocalizado,20270921,10000,10001,20,1,-1,NA,true,101000,5050.000,200020
listas,ListaSimpleConCola,addBefore,medio_nodo_prelocalizado,20270921,10000,10001,20,2,-1,NA,true,101000,5050.000,200020
listas,ListaSimpleConCola,addBefore,medio_nodo_prelocalizado,20270921,10000,10001,20,3,-1,NA,true,106400,5320.000,200020
listas,ListaSimpleConCola,addBefore,medio_nodo_prelocalizado,20270921,10000,10001,20,4,-1,NA,true,100900,5045.000,200020
listas,ListaSimpleConCola,addBefore,medio_nodo_prelocalizado,20270921,10000,10001,20,5,-1,NA,true,100700,5035.000,200020
listas,ListaSimpleConCola,addBefore,medio_nodo_prelocalizado,20270921,10000,10001,20,6,-1,NA,true,102000,5100.000,200020
listas,ListaSimpleConCola,addBefore,medio_nodo_prelocalizado,20270921,10000,10001,20,7,-1,NA,true,101400,5070.000,200020
listas,ListaSimpleConCola,addBefore,medio_nodo_prelocalizado,20270921,10000,10001,20,8,-1,NA,true,103800,5190.000,200020
listas,ListaSimpleConCola,addBefore,medio_nodo_prelocalizado,20270921,10000,10001,20,9,-1,NA,true,102500,5125.000,200020
listas,ListaSimpleConCola,addBefore,medio_nodo_prelocalizado,20270921,10000,10001,20,10,-1,NA,true,101900,5095.000,200020
listas,ListaSimpleConCola,addBefore,final_nodo_prelocalizado,20270921,10000,10001,20,1,-1,NA,true,204500,10225.000,200020
listas,ListaSimpleConCola,addBefore,final_nodo_prelocalizado,20270921,10000,10001,20,2,-1,NA,true,205000,10250.000,200020
listas,ListaSimpleConCola,addBefore,final_nodo_prelocalizado,20270921,10000,10001,20,3,-1,NA,true,202400,10120.000,200020
listas,ListaSimpleConCola,addBefore,final_nodo_prelocalizado,20270921,10000,10001,20,4,-1,NA,true,204500,10225.000,200020
listas,ListaSimpleConCola,addBefore,final_nodo_prelocalizado,20270921,10000,10001,20,5,-1,NA,true,204400,10220.000,200020
listas,ListaSimpleConCola,addBefore,final_nodo_prelocalizado,20270921,10000,10001,20,6,-1,NA,true,205700,10285.000,200020
listas,ListaSimpleConCola,addBefore,final_nodo_prelocalizado,20270921,10000,10001,20,7,-1,NA,true,202800,10140.000,200020
listas,ListaSimpleConCola,addBefore,final_nodo_prelocalizado,20270921,10000,10001,20,8,-1,NA,true,201900,10095.000,200020
listas,ListaSimpleConCola,addBefore,final_nodo_prelocalizado,20270921,10000,10001,20,9,-1,NA,true,202800,10140.000,200020
listas,ListaSimpleConCola,addBefore,final_nodo_prelocalizado,20270921,10000,10001,20,10,-1,NA,true,204500,10225.000,200020
listas,ListaSimpleConCola,addAfter,inicio_nodo_prelocalizado,20270921,10000,10001,20,1,-1,NA,true,900,45.000,200020
listas,ListaSimpleConCola,addAfter,inicio_nodo_prelocalizado,20270921,10000,10001,20,2,-1,NA,true,100,5.000,200020
listas,ListaSimpleConCola,addAfter,inicio_nodo_prelocalizado,20270921,10000,10001,20,3,-1,NA,true,400,20.000,200020
listas,ListaSimpleConCola,addAfter,inicio_nodo_prelocalizado,20270921,10000,10001,20,4,-1,NA,true,200,10.000,200020
listas,ListaSimpleConCola,addAfter,inicio_nodo_prelocalizado,20270921,10000,10001,20,5,-1,NA,true,300,15.000,200020
listas,ListaSimpleConCola,addAfter,inicio_nodo_prelocalizado,20270921,10000,10001,20,6,-1,NA,true,100,5.000,200020
listas,ListaSimpleConCola,addAfter,inicio_nodo_prelocalizado,20270921,10000,10001,20,7,-1,NA,true,1500,75.000,200020
listas,ListaSimpleConCola,addAfter,inicio_nodo_prelocalizado,20270921,10000,10001,20,8,-1,NA,true,1200,60.000,200020
listas,ListaSimpleConCola,addAfter,inicio_nodo_prelocalizado,20270921,10000,10001,20,9,-1,NA,true,200,10.000,200020
listas,ListaSimpleConCola,addAfter,inicio_nodo_prelocalizado,20270921,10000,10001,20,10,-1,NA,true,100,5.000,200020
listas,ListaSimpleConCola,addAfter,medio_nodo_prelocalizado,20270921,10000,10001,20,1,-1,NA,true,200,10.000,200020
listas,ListaSimpleConCola,addAfter,medio_nodo_prelocalizado,20270921,10000,10001,20,2,-1,NA,true,100,5.000,200020
listas,ListaSimpleConCola,addAfter,medio_nodo_prelocalizado,20270921,10000,10001,20,3,-1,NA,true,300,15.000,200020
listas,ListaSimpleConCola,addAfter,medio_nodo_prelocalizado,20270921,10000,10001,20,4,-1,NA,true,200,10.000,200020
listas,ListaSimpleConCola,addAfter,medio_nodo_prelocalizado,20270921,10000,10001,20,5,-1,NA,true,400,20.000,200020
listas,ListaSimpleConCola,addAfter,medio_nodo_prelocalizado,20270921,10000,10001,20,6,-1,NA,true,200,10.000,200020
listas,ListaSimpleConCola,addAfter,medio_nodo_prelocalizado,20270921,10000,10001,20,7,-1,NA,true,700,35.000,200020
listas,ListaSimpleConCola,addAfter,medio_nodo_prelocalizado,20270921,10000,10001,20,8,-1,NA,true,300,15.000,200020
listas,ListaSimpleConCola,addAfter,medio_nodo_prelocalizado,20270921,10000,10001,20,9,-1,NA,true,1600,80.000,200020
listas,ListaSimpleConCola,addAfter,medio_nodo_prelocalizado,20270921,10000,10001,20,10,-1,NA,true,400,20.000,200020
listas,ListaSimpleConCola,addAfter,final_nodo_prelocalizado,20270921,10000,10001,20,1,-1,NA,true,600,30.000,200020
listas,ListaSimpleConCola,addAfter,final_nodo_prelocalizado,20270921,10000,10001,20,2,-1,NA,true,300,15.000,200020
listas,ListaSimpleConCola,addAfter,final_nodo_prelocalizado,20270921,10000,10001,20,3,-1,NA,true,400,20.000,200020
listas,ListaSimpleConCola,addAfter,final_nodo_prelocalizado,20270921,10000,10001,20,4,-1,NA,true,600,30.000,200020
listas,ListaSimpleConCola,addAfter,final_nodo_prelocalizado,20270921,10000,10001,20,5,-1,NA,true,600,30.000,200020
listas,ListaSimpleConCola,addAfter,final_nodo_prelocalizado,20270921,10000,10001,20,6,-1,NA,true,500,25.000,200020
listas,ListaSimpleConCola,addAfter,final_nodo_prelocalizado,20270921,10000,10001,20,7,-1,NA,true,500,25.000,200020
listas,ListaSimpleConCola,addAfter,final_nodo_prelocalizado,20270921,10000,10001,20,8,-1,NA,true,600,30.000,200020
listas,ListaSimpleConCola,addAfter,final_nodo_prelocalizado,20270921,10000,10001,20,9,-1,NA,true,400,20.000,200020
listas,ListaSimpleConCola,addAfter,final_nodo_prelocalizado,20270921,10000,10001,20,10,-1,NA,true,800,40.000,200020
listas,ListaDobleSinCola,pushFront,general,20270921,10000,10001,2000,1,-1,NA,true,48300,24.150,-4294967296000
listas,ListaDobleSinCola,pushFront,general,20270921,10000,10001,2000,2,-1,NA,true,49600,24.800,-4294967296000
listas,ListaDobleSinCola,pushFront,general,20270921,10000,10001,2000,3,-1,NA,true,47800,23.900,-4294967296000
listas,ListaDobleSinCola,pushFront,general,20270921,10000,10001,2000,4,-1,NA,true,45400,22.700,-4294967296000
listas,ListaDobleSinCola,pushFront,general,20270921,10000,10001,2000,5,-1,NA,true,45500,22.750,-4294967296000
listas,ListaDobleSinCola,pushFront,general,20270921,10000,10001,2000,6,-1,NA,true,46400,23.200,-4294967296000
listas,ListaDobleSinCola,pushFront,general,20270921,10000,10001,2000,7,-1,NA,true,45500,22.750,-4294967296000
listas,ListaDobleSinCola,pushFront,general,20270921,10000,10001,2000,8,-1,NA,true,46500,23.250,-4294967296000
listas,ListaDobleSinCola,pushFront,general,20270921,10000,10001,2000,9,-1,NA,true,45400,22.700,-4294967296000
listas,ListaDobleSinCola,pushFront,general,20270921,10000,10001,2000,10,-1,NA,true,51300,25.650,-4294967296000
listas,ListaDobleSinCola,popFront,general,20270921,10000,9999,2000,1,-1,NA,true,46500,23.250,13318000
listas,ListaDobleSinCola,popFront,general,20270921,10000,9999,2000,2,-1,NA,true,45100,22.550,13318000
listas,ListaDobleSinCola,popFront,general,20270921,10000,9999,2000,3,-1,NA,true,44500,22.250,13318000
listas,ListaDobleSinCola,popFront,general,20270921,10000,9999,2000,4,-1,NA,true,45600,22.800,13318000
listas,ListaDobleSinCola,popFront,general,20270921,10000,9999,2000,5,-1,NA,true,44500,22.250,13318000
listas,ListaDobleSinCola,popFront,general,20270921,10000,9999,2000,6,-1,NA,true,45000,22.500,13318000
listas,ListaDobleSinCola,popFront,general,20270921,10000,9999,2000,7,-1,NA,true,46000,23.000,13318000
listas,ListaDobleSinCola,popFront,general,20270921,10000,9999,2000,8,-1,NA,true,45900,22.950,13318000
listas,ListaDobleSinCola,popFront,general,20270921,10000,9999,2000,9,-1,NA,true,46000,23.000,13318000
listas,ListaDobleSinCola,popFront,general,20270921,10000,9999,2000,10,-1,NA,true,45900,22.950,13318000
listas,ListaDobleSinCola,topFront,general,20270921,10000,10000,2000,1,-1,NA,true,4000,2.000,13318000
listas,ListaDobleSinCola,topFront,general,20270921,10000,10000,2000,2,-1,NA,true,4000,2.000,13318000
listas,ListaDobleSinCola,topFront,general,20270921,10000,10000,2000,3,-1,NA,true,3900,1.950,13318000
listas,ListaDobleSinCola,topFront,general,20270921,10000,10000,2000,4,-1,NA,true,4000,2.000,13318000
listas,ListaDobleSinCola,topFront,general,20270921,10000,10000,2000,5,-1,NA,true,4000,2.000,13318000
listas,ListaDobleSinCola,topFront,general,20270921,10000,10000,2000,6,-1,NA,true,3900,1.950,13318000
listas,ListaDobleSinCola,topFront,general,20270921,10000,10000,2000,7,-1,NA,true,4000,2.000,13318000
listas,ListaDobleSinCola,topFront,general,20270921,10000,10000,2000,8,-1,NA,true,4000,2.000,13318000
listas,ListaDobleSinCola,topFront,general,20270921,10000,10000,2000,9,-1,NA,true,4000,2.000,13318000
listas,ListaDobleSinCola,topFront,general,20270921,10000,10000,2000,10,-1,NA,true,3900,1.950,13318000
listas,ListaDobleSinCola,size,no_vacia,20270921,10000,10000,2000,1,-1,NA,true,3500,1.750,20000000
listas,ListaDobleSinCola,size,no_vacia,20270921,10000,10000,2000,2,-1,NA,true,3400,1.700,20000000
listas,ListaDobleSinCola,size,no_vacia,20270921,10000,10000,2000,3,-1,NA,true,3400,1.700,20000000
listas,ListaDobleSinCola,size,no_vacia,20270921,10000,10000,2000,4,-1,NA,true,3400,1.700,20000000
listas,ListaDobleSinCola,size,no_vacia,20270921,10000,10000,2000,5,-1,NA,true,3400,1.700,20000000
listas,ListaDobleSinCola,size,no_vacia,20270921,10000,10000,2000,6,-1,NA,true,3500,1.750,20000000
listas,ListaDobleSinCola,size,no_vacia,20270921,10000,10000,2000,7,-1,NA,true,3500,1.750,20000000
listas,ListaDobleSinCola,size,no_vacia,20270921,10000,10000,2000,8,-1,NA,true,3400,1.700,20000000
listas,ListaDobleSinCola,size,no_vacia,20270921,10000,10000,2000,9,-1,NA,true,3400,1.700,20000000
listas,ListaDobleSinCola,size,no_vacia,20270921,10000,10000,2000,10,-1,NA,true,3400,1.700,20000000
listas,ListaDobleSinCola,isEmpty,no_vacia,20270921,10000,10000,2000,1,-1,NA,true,3000,1.500,0
listas,ListaDobleSinCola,isEmpty,no_vacia,20270921,10000,10000,2000,2,-1,NA,true,3800,1.900,0
listas,ListaDobleSinCola,isEmpty,no_vacia,20270921,10000,10000,2000,3,-1,NA,true,2900,1.450,0
listas,ListaDobleSinCola,isEmpty,no_vacia,20270921,10000,10000,2000,4,-1,NA,true,2900,1.450,0
listas,ListaDobleSinCola,isEmpty,no_vacia,20270921,10000,10000,2000,5,-1,NA,true,3000,1.500,0
listas,ListaDobleSinCola,isEmpty,no_vacia,20270921,10000,10000,2000,6,-1,NA,true,2900,1.450,0
listas,ListaDobleSinCola,isEmpty,no_vacia,20270921,10000,10000,2000,7,-1,NA,true,3000,1.500,0
listas,ListaDobleSinCola,isEmpty,no_vacia,20270921,10000,10000,2000,8,-1,NA,true,2900,1.450,0
listas,ListaDobleSinCola,isEmpty,no_vacia,20270921,10000,10000,2000,9,-1,NA,true,2900,1.450,0
listas,ListaDobleSinCola,isEmpty,no_vacia,20270921,10000,10000,2000,10,-1,NA,true,2900,1.450,0
listas,ListaDobleSinCola,pushBack,general,20270921,10000,10001,20,1,-1,NA,true,204500,10225.000,-42949672960
listas,ListaDobleSinCola,pushBack,general,20270921,10000,10001,20,2,-1,NA,true,201600,10080.000,-42949672960
listas,ListaDobleSinCola,pushBack,general,20270921,10000,10001,20,3,-1,NA,true,207000,10350.000,-42949672960
listas,ListaDobleSinCola,pushBack,general,20270921,10000,10001,20,4,-1,NA,true,205200,10260.000,-42949672960
listas,ListaDobleSinCola,pushBack,general,20270921,10000,10001,20,5,-1,NA,true,202600,10130.000,-42949672960
listas,ListaDobleSinCola,pushBack,general,20270921,10000,10001,20,6,-1,NA,true,202700,10135.000,-42949672960
listas,ListaDobleSinCola,pushBack,general,20270921,10000,10001,20,7,-1,NA,true,204700,10235.000,-42949672960
listas,ListaDobleSinCola,pushBack,general,20270921,10000,10001,20,8,-1,NA,true,202700,10135.000,-42949672960
listas,ListaDobleSinCola,pushBack,general,20270921,10000,10001,20,9,-1,NA,true,206400,10320.000,-42949672960
listas,ListaDobleSinCola,pushBack,general,20270921,10000,10001,20,10,-1,NA,true,223100,11155.000,-42949672960
listas,ListaDobleSinCola,popBack,general,20270921,10000,9999,20,1,-1,NA,true,205700,10285.000,41140
listas,ListaDobleSinCola,popBack,general,20270921,10000,9999,20,2,-1,NA,true,205600,10280.000,41140
listas,ListaDobleSinCola,popBack,general,20270921,10000,9999,20,3,-1,NA,true,201800,10090.000,41140
listas,ListaDobleSinCola,popBack,general,20270921,10000,9999,20,4,-1,NA,true,214500,10725.000,41140
listas,ListaDobleSinCola,popBack,general,20270921,10000,9999,20,5,-1,NA,true,203400,10170.000,41140
listas,ListaDobleSinCola,popBack,general,20270921,10000,9999,20,6,-1,NA,true,204500,10225.000,41140
listas,ListaDobleSinCola,popBack,general,20270921,10000,9999,20,7,-1,NA,true,208800,10440.000,41140
listas,ListaDobleSinCola,popBack,general,20270921,10000,9999,20,8,-1,NA,true,203400,10170.000,41140
listas,ListaDobleSinCola,popBack,general,20270921,10000,9999,20,9,-1,NA,true,201600,10080.000,41140
listas,ListaDobleSinCola,popBack,general,20270921,10000,9999,20,10,-1,NA,true,206200,10310.000,41140
listas,ListaDobleSinCola,topBack,general,20270921,10000,10000,20,1,-1,NA,true,203300,10165.000,41140
listas,ListaDobleSinCola,topBack,general,20270921,10000,10000,20,2,-1,NA,true,202300,10115.000,41140
listas,ListaDobleSinCola,topBack,general,20270921,10000,10000,20,3,-1,NA,true,200300,10015.000,41140
listas,ListaDobleSinCola,topBack,general,20270921,10000,10000,20,4,-1,NA,true,206100,10305.000,41140
listas,ListaDobleSinCola,topBack,general,20270921,10000,10000,20,5,-1,NA,true,269200,13460.000,41140
listas,ListaDobleSinCola,topBack,general,20270921,10000,10000,20,6,-1,NA,true,202600,10130.000,41140
listas,ListaDobleSinCola,topBack,general,20270921,10000,10000,20,7,-1,NA,true,203200,10160.000,41140
listas,ListaDobleSinCola,topBack,general,20270921,10000,10000,20,8,-1,NA,true,241700,12085.000,41140
listas,ListaDobleSinCola,topBack,general,20270921,10000,10000,20,9,-1,NA,true,234800,11740.000,41140
listas,ListaDobleSinCola,topBack,general,20270921,10000,10000,20,10,-1,NA,true,200900,10045.000,41140
listas,ListaDobleSinCola,find,inicio,20270921,10000,10000,20,1,-1,NA,true,300,15.000,7977744100
listas,ListaDobleSinCola,find,inicio,20270921,10000,10000,20,2,-1,NA,true,400,20.000,42297785460
listas,ListaDobleSinCola,find,inicio,20270921,10000,10000,20,3,-1,NA,true,500,25.000,20515989640
listas,ListaDobleSinCola,find,inicio,20270921,10000,10000,20,4,-1,NA,true,300,15.000,30082187900
listas,ListaDobleSinCola,find,inicio,20270921,10000,10000,20,5,-1,NA,true,500,25.000,40950532540
listas,ListaDobleSinCola,find,inicio,20270921,10000,10000,20,6,-1,NA,true,400,20.000,38166328100
listas,ListaDobleSinCola,find,inicio,20270921,10000,10000,20,7,-1,NA,true,400,20.000,37473066820
listas,ListaDobleSinCola,find,inicio,20270921,10000,10000,20,8,-1,NA,true,400,20.000,502520320
listas,ListaDobleSinCola,find,inicio,20270921,10000,10000,20,9,-1,NA,true,600,30.000,15244367720
listas,ListaDobleSinCola,find,inicio,20270921,10000,10000,20,10,-1,NA,true,200,10.000,13446410120
listas,ListaDobleSinCola,find,medio,20270921,10000,10000,20,1,-1,NA,true,100900,5045.000,22840409280
listas,ListaDobleSinCola,find,medio,20270921,10000,10000,20,2,-1,NA,true,104300,5215.000,33641843960
listas,ListaDobleSinCola,find,medio,20270921,10000,10000,20,3,-1,NA,true,101000,5050.000,32537556960
listas,ListaDobleSinCola,find,medio,20270921,10000,10000,20,4,-1,NA,true,102200,5110.000,18110892280
listas,ListaDobleSinCola,find,medio,20270921,10000,10000,20,5,-1,NA,true,102500,5125.000,42751785920
listas,ListaDobleSinCola,find,medio,20270921,10000,10000,20,6,-1,NA,true,101900,5095.000,4990315420
listas,ListaDobleSinCola,find,medio,20270921,10000,10000,20,7,-1,NA,true,101100,5055.000,15930676940
listas,ListaDobleSinCola,find,medio,20270921,10000,10000,20,8,-1,NA,true,101100,5055.000,28992423300
listas,ListaDobleSinCola,find,medio,20270921,10000,10000,20,9,-1,NA,true,101200,5060.000,32559200460
listas,ListaDobleSinCola,find,medio,20270921,10000,10000,20,10,-1,NA,true,102300,5115.000,7157271580
listas,ListaDobleSinCola,find,final,20270921,10000,10000,20,1,-1,NA,true,218500,10925.000,68940420
listas,ListaDobleSinCola,find,final,20270921,10000,10000,20,2,-1,NA,true,209900,10495.000,8808680060
listas,ListaDobleSinCola,find,final,20270921,10000,10000,20,3,-1,NA,true,212400,10620.000,20652333000
listas,ListaDobleSinCola,find,final,20270921,10000,10000,20,4,-1,NA,true,207000,10350.000,1986949540
listas,ListaDobleSinCola,find,final,20270921,10000,10000,20,5,-1,NA,true,230700,11535.000,11320687140
listas,ListaDobleSinCola,find,final,20270921,10000,10000,20,6,-1,NA,true,207200,10360.000,18811065360
listas,ListaDobleSinCola,find,final,20270921,10000,10000,20,7,-1,NA,true,205300,10265.000,34408713380
listas,ListaDobleSinCola,find,final,20270921,10000,10000,20,8,-1,NA,true,206900,10345.000,20418479780
listas,ListaDobleSinCola,find,final,20270921,10000,10000,20,9,-1,NA,true,209100,10455.000,41058310000
listas,ListaDobleSinCola,find,final,20270921,10000,10000,20,10,-1,NA,true,204500,10225.000,21378684300
listas,ListaDobleSinCola,find,ausente,20270921,10000,10000,20,1,-1,NA,true,204900,10245.000,20
listas,ListaDobleSinCola,find,ausente,20270921,10000,10000,20,2,-1,NA,true,214500,10725.000,20
listas,ListaDobleSinCola,find,ausente,20270921,10000,10000,20,3,-1,NA,true,218000,10900.000,20
listas,ListaDobleSinCola,find,ausente,20270921,10000,10000,20,4,-1,NA,true,208900,10445.000,20
listas,ListaDobleSinCola,find,ausente,20270921,10000,10000,20,5,-1,NA,true,213300,10665.000,20
listas,ListaDobleSinCola,find,ausente,20270921,10000,10000,20,6,-1,NA,true,208700,10435.000,20
listas,ListaDobleSinCola,find,ausente,20270921,10000,10000,20,7,-1,NA,true,210600,10530.000,20
listas,ListaDobleSinCola,find,ausente,20270921,10000,10000,20,8,-1,NA,true,208300,10415.000,20
listas,ListaDobleSinCola,find,ausente,20270921,10000,10000,20,9,-1,NA,true,206000,10300.000,20
listas,ListaDobleSinCola,find,ausente,20270921,10000,10000,20,10,-1,NA,true,205000,10250.000,20
listas,ListaDobleSinCola,erase,inicio_nodo_prelocalizado,20270921,10000,9999,20,1,-1,NA,true,500,25.000,133180
listas,ListaDobleSinCola,erase,inicio_nodo_prelocalizado,20270921,10000,9999,20,2,-1,NA,true,500,25.000,133180
listas,ListaDobleSinCola,erase,inicio_nodo_prelocalizado,20270921,10000,9999,20,3,-1,NA,true,500,25.000,133180
listas,ListaDobleSinCola,erase,inicio_nodo_prelocalizado,20270921,10000,9999,20,4,-1,NA,true,300,15.000,133180
listas,ListaDobleSinCola,erase,inicio_nodo_prelocalizado,20270921,10000,9999,20,5,-1,NA,true,500,25.000,133180
listas,ListaDobleSinCola,erase,inicio_nodo_prelocalizado,20270921,10000,9999,20,6,-1,NA,true,500,25.000,133180
listas,ListaDobleSinCola,erase,inicio_nodo_prelocalizado,20270921,10000,9999,20,7,-1,NA,true,500,25.000,133180
listas,ListaDobleSinCola,erase,inicio_nodo_prelocalizado,20270921,10000,9999,20,8,-1,NA,true,600,30.000,133180
listas,ListaDobleSinCola,erase,inicio_nodo_prelocalizado,20270921,10000,9999,20,9,-1,NA,true,400,20.000,133180
listas,ListaDobleSinCola,erase,inicio_nodo_prelocalizado,20270921,10000,9999,20,10,-1,NA,true,600,30.000,133180
listas,ListaDobleSinCola,erase,medio_nodo_prelocalizado,20270921,10000,9999,20,1,-1,NA,true,600,30.000,58860
listas,ListaDobleSinCola,erase,medio_nodo_prelocalizado,20270921,10000,9999,20,2,-1,NA,true,400,20.000,58860
listas,ListaDobleSinCola,erase,medio_nodo_prelocalizado,20270921,10000,9999,20,3,-1,NA,true,700,35.000,58860
listas,ListaDobleSinCola,erase,medio_nodo_prelocalizado,20270921,10000,9999,20,4,-1,NA,true,500,25.000,58860
listas,ListaDobleSinCola,erase,medio_nodo_prelocalizado,20270921,10000,9999,20,5,-1,NA,true,700,35.000,58860
listas,ListaDobleSinCola,erase,medio_nodo_prelocalizado,20270921,10000,9999,20,6,-1,NA,true,500,25.000,58860
listas,ListaDobleSinCola,erase,medio_nodo_prelocalizado,20270921,10000,9999,20,7,-1,NA,true,500,25.000,58860
listas,ListaDobleSinCola,erase,medio_nodo_prelocalizado,20270921,10000,9999,20,8,-1,NA,true,600,30.000,58860
listas,ListaDobleSinCola,erase,medio_nodo_prelocalizado,20270921,10000,9999,20,9,-1,NA,true,400,20.000,58860
listas,ListaDobleSinCola,erase,medio_nodo_prelocalizado,20270921,10000,9999,20,10,-1,NA,true,600,30.000,58860
listas,ListaDobleSinCola,erase,final_nodo_prelocalizado,20270921,10000,9999,20,1,-1,NA,true,600,30.000,41140
listas,ListaDobleSinCola,erase,final_nodo_prelocalizado,20270921,10000,9999,20,2,-1,NA,true,600,30.000,41140
listas,ListaDobleSinCola,erase,final_nodo_prelocalizado,20270921,10000,9999,20,3,-1,NA,true,700,35.000,41140
listas,ListaDobleSinCola,erase,final_nodo_prelocalizado,20270921,10000,9999,20,4,-1,NA,true,400,20.000,41140
listas,ListaDobleSinCola,erase,final_nodo_prelocalizado,20270921,10000,9999,20,5,-1,NA,true,700,35.000,41140
listas,ListaDobleSinCola,erase,final_nodo_prelocalizado,20270921,10000,9999,20,6,-1,NA,true,800,40.000,41140
listas,ListaDobleSinCola,erase,final_nodo_prelocalizado,20270921,10000,9999,20,7,-1,NA,true,600,30.000,41140
listas,ListaDobleSinCola,erase,final_nodo_prelocalizado,20270921,10000,9999,20,8,-1,NA,true,600,30.000,41140
listas,ListaDobleSinCola,erase,final_nodo_prelocalizado,20270921,10000,9999,20,9,-1,NA,true,300,15.000,41140
listas,ListaDobleSinCola,erase,final_nodo_prelocalizado,20270921,10000,9999,20,10,-1,NA,true,500,25.000,41140
listas,ListaDobleSinCola,addBefore,inicio_nodo_prelocalizado,20270921,10000,10001,20,1,-1,NA,true,700,35.000,200020
listas,ListaDobleSinCola,addBefore,inicio_nodo_prelocalizado,20270921,10000,10001,20,2,-1,NA,true,400,20.000,200020
listas,ListaDobleSinCola,addBefore,inicio_nodo_prelocalizado,20270921,10000,10001,20,3,-1,NA,true,0,0.000,200020
listas,ListaDobleSinCola,addBefore,inicio_nodo_prelocalizado,20270921,10000,10001,20,4,-1,NA,true,0,0.000,200020
listas,ListaDobleSinCola,addBefore,inicio_nodo_prelocalizado,20270921,10000,10001,20,5,-1,NA,true,400,20.000,200020
listas,ListaDobleSinCola,addBefore,inicio_nodo_prelocalizado,20270921,10000,10001,20,6,-1,NA,true,600,30.000,200020
listas,ListaDobleSinCola,addBefore,inicio_nodo_prelocalizado,20270921,10000,10001,20,7,-1,NA,true,600,30.000,200020
listas,ListaDobleSinCola,addBefore,inicio_nodo_prelocalizado,20270921,10000,10001,20,8,-1,NA,true,0,0.000,200020
listas,ListaDobleSinCola,addBefore,inicio_nodo_prelocalizado,20270921,10000,10001,20,9,-1,NA,true,300,15.000,200020
listas,ListaDobleSinCola,addBefore,inicio_nodo_prelocalizado,20270921,10000,10001,20,10,-1,NA,true,0,0.000,200020
listas,ListaDobleSinCola,addBefore,medio_nodo_prelocalizado,20270921,10000,10001,20,1,-1,NA,true,300,15.000,200020
listas,ListaDobleSinCola,addBefore,medio_nodo_prelocalizado,20270921,10000,10001,20,2,-1,NA,true,400,20.000,200020
listas,ListaDobleSinCola,addBefore,medio_nodo_prelocalizado,20270921,10000,10001,20,3,-1,NA,true,600,30.000,200020
listas,ListaDobleSinCola,addBefore,medio_nodo_prelocalizado,20270921,10000,10001,20,4,-1,NA,true,500,25.000,200020
listas,ListaDobleSinCola,addBefore,medio_nodo_prelocalizado,20270921,10000,10001,20,5,-1,NA,true,400,20.000,200020
listas,ListaDobleSinCola,addBefore,medio_nodo_prelocalizado,20270921,10000,10001,20,6,-1,NA,true,500,25.000,200020
listas,ListaDobleSinCola,addBefore,medio_nodo_prelocalizado,20270921,10000,10001,20,7,-1,NA,true,400,20.000,200020
listas,ListaDobleSinCola,addBefore,medio_nodo_prelocalizado,20270921,10000,10001,20,8,-1,NA,true,400,20.000,200020
listas,ListaDobleSinCola,addBefore,medio_nodo_prelocalizado,20270921,10000,10001,20,9,-1,NA,true,400,20.000,200020
listas,ListaDobleSinCola,addBefore,medio_nodo_prelocalizado,20270921,10000,10001,20,10,-1,NA,true,500,25.000,200020
listas,ListaDobleSinCola,addBefore,final_nodo_prelocalizado,20270921,10000,10001,20,1,-1,NA,true,500,25.000,200020
listas,ListaDobleSinCola,addBefore,final_nodo_prelocalizado,20270921,10000,10001,20,2,-1,NA,true,500,25.000,200020
listas,ListaDobleSinCola,addBefore,final_nodo_prelocalizado,20270921,10000,10001,20,3,-1,NA,true,100,5.000,200020
listas,ListaDobleSinCola,addBefore,final_nodo_prelocalizado,20270921,10000,10001,20,4,-1,NA,true,400,20.000,200020
listas,ListaDobleSinCola,addBefore,final_nodo_prelocalizado,20270921,10000,10001,20,5,-1,NA,true,700,35.000,200020
listas,ListaDobleSinCola,addBefore,final_nodo_prelocalizado,20270921,10000,10001,20,6,-1,NA,true,700,35.000,200020
listas,ListaDobleSinCola,addBefore,final_nodo_prelocalizado,20270921,10000,10001,20,7,-1,NA,true,600,30.000,200020
listas,ListaDobleSinCola,addBefore,final_nodo_prelocalizado,20270921,10000,10001,20,8,-1,NA,true,400,20.000,200020
listas,ListaDobleSinCola,addBefore,final_nodo_prelocalizado,20270921,10000,10001,20,9,-1,NA,true,500,25.000,200020
listas,ListaDobleSinCola,addBefore,final_nodo_prelocalizado,20270921,10000,10001,20,10,-1,NA,true,300,15.000,200020
listas,ListaDobleSinCola,addAfter,inicio_nodo_prelocalizado,20270921,10000,10001,20,1,-1,NA,true,0,0.000,200020
listas,ListaDobleSinCola,addAfter,inicio_nodo_prelocalizado,20270921,10000,10001,20,2,-1,NA,true,0,0.000,200020
listas,ListaDobleSinCola,addAfter,inicio_nodo_prelocalizado,20270921,10000,10001,20,3,-1,NA,true,0,0.000,200020
listas,ListaDobleSinCola,addAfter,inicio_nodo_prelocalizado,20270921,10000,10001,20,4,-1,NA,true,0,0.000,200020
listas,ListaDobleSinCola,addAfter,inicio_nodo_prelocalizado,20270921,10000,10001,20,5,-1,NA,true,700,35.000,200020
listas,ListaDobleSinCola,addAfter,inicio_nodo_prelocalizado,20270921,10000,10001,20,6,-1,NA,true,600,30.000,200020
listas,ListaDobleSinCola,addAfter,inicio_nodo_prelocalizado,20270921,10000,10001,20,7,-1,NA,true,0,0.000,200020
listas,ListaDobleSinCola,addAfter,inicio_nodo_prelocalizado,20270921,10000,10001,20,8,-1,NA,true,500,25.000,200020
listas,ListaDobleSinCola,addAfter,inicio_nodo_prelocalizado,20270921,10000,10001,20,9,-1,NA,true,1000,50.000,200020
listas,ListaDobleSinCola,addAfter,inicio_nodo_prelocalizado,20270921,10000,10001,20,10,-1,NA,true,0,0.000,200020
listas,ListaDobleSinCola,addAfter,medio_nodo_prelocalizado,20270921,10000,10001,20,1,-1,NA,true,700,35.000,200020
listas,ListaDobleSinCola,addAfter,medio_nodo_prelocalizado,20270921,10000,10001,20,2,-1,NA,true,500,25.000,200020
listas,ListaDobleSinCola,addAfter,medio_nodo_prelocalizado,20270921,10000,10001,20,3,-1,NA,true,300,15.000,200020
listas,ListaDobleSinCola,addAfter,medio_nodo_prelocalizado,20270921,10000,10001,20,4,-1,NA,true,600,30.000,200020
listas,ListaDobleSinCola,addAfter,medio_nodo_prelocalizado,20270921,10000,10001,20,5,-1,NA,true,500,25.000,200020
listas,ListaDobleSinCola,addAfter,medio_nodo_prelocalizado,20270921,10000,10001,20,6,-1,NA,true,800,40.000,200020
listas,ListaDobleSinCola,addAfter,medio_nodo_prelocalizado,20270921,10000,10001,20,7,-1,NA,true,400,20.000,200020
listas,ListaDobleSinCola,addAfter,medio_nodo_prelocalizado,20270921,10000,10001,20,8,-1,NA,true,300,15.000,200020
listas,ListaDobleSinCola,addAfter,medio_nodo_prelocalizado,20270921,10000,10001,20,9,-1,NA,true,600,30.000,200020
listas,ListaDobleSinCola,addAfter,medio_nodo_prelocalizado,20270921,10000,10001,20,10,-1,NA,true,600,30.000,200020
listas,ListaDobleSinCola,addAfter,final_nodo_prelocalizado,20270921,10000,10001,20,1,-1,NA,true,400,20.000,200020
listas,ListaDobleSinCola,addAfter,final_nodo_prelocalizado,20270921,10000,10001,20,2,-1,NA,true,700,35.000,200020
listas,ListaDobleSinCola,addAfter,final_nodo_prelocalizado,20270921,10000,10001,20,3,-1,NA,true,600,30.000,200020
listas,ListaDobleSinCola,addAfter,final_nodo_prelocalizado,20270921,10000,10001,20,4,-1,NA,true,500,25.000,200020
listas,ListaDobleSinCola,addAfter,final_nodo_prelocalizado,20270921,10000,10001,20,5,-1,NA,true,700,35.000,200020
listas,ListaDobleSinCola,addAfter,final_nodo_prelocalizado,20270921,10000,10001,20,6,-1,NA,true,200,10.000,200020
listas,ListaDobleSinCola,addAfter,final_nodo_prelocalizado,20270921,10000,10001,20,7,-1,NA,true,600,30.000,200020
listas,ListaDobleSinCola,addAfter,final_nodo_prelocalizado,20270921,10000,10001,20,8,-1,NA,true,500,25.000,200020
listas,ListaDobleSinCola,addAfter,final_nodo_prelocalizado,20270921,10000,10001,20,9,-1,NA,true,500,25.000,200020
listas,ListaDobleSinCola,addAfter,final_nodo_prelocalizado,20270921,10000,10001,20,10,-1,NA,true,400,20.000,200020
listas,ListaSimpleSinCola,pushFront,general,20360921,100000,100001,2000,1,-1,NA,true,65700,32.850,-4294967296000
listas,ListaSimpleSinCola,pushFront,general,20360921,100000,100001,2000,2,-1,NA,true,180100,90.050,-4294967296000
listas,ListaSimpleSinCola,pushFront,general,20360921,100000,100001,2000,3,-1,NA,true,61800,30.900,-4294967296000
listas,ListaSimpleSinCola,pushFront,general,20360921,100000,100001,2000,4,-1,NA,true,54500,27.250,-4294967296000
listas,ListaSimpleSinCola,pushFront,general,20360921,100000,100001,2000,5,-1,NA,true,51300,25.650,-4294967296000
listas,ListaSimpleSinCola,pushFront,general,20360921,100000,100001,2000,6,-1,NA,true,60100,30.050,-4294967296000
listas,ListaSimpleSinCola,pushFront,general,20360921,100000,100001,2000,7,-1,NA,true,56100,28.050,-4294967296000
listas,ListaSimpleSinCola,pushFront,general,20360921,100000,100001,2000,8,-1,NA,true,53300,26.650,-4294967296000
listas,ListaSimpleSinCola,pushFront,general,20360921,100000,100001,2000,9,-1,NA,true,52000,26.000,-4294967296000
listas,ListaSimpleSinCola,pushFront,general,20360921,100000,100001,2000,10,-1,NA,true,59900,29.950,-4294967296000
listas,ListaSimpleSinCola,popFront,general,20360921,100000,99999,2000,1,-1,NA,true,45100,22.550,144448000
listas,ListaSimpleSinCola,popFront,general,20360921,100000,99999,2000,2,-1,NA,true,45000,22.500,144448000
listas,ListaSimpleSinCola,popFront,general,20360921,100000,99999,2000,3,-1,NA,true,47000,23.500,144448000
listas,ListaSimpleSinCola,popFront,general,20360921,100000,99999,2000,4,-1,NA,true,45000,22.500,144448000
listas,ListaSimpleSinCola,popFront,general,20360921,100000,99999,2000,5,-1,NA,true,46500,23.250,144448000
listas,ListaSimpleSinCola,popFront,general,20360921,100000,99999,2000,6,-1,NA,true,46200,23.100,144448000
listas,ListaSimpleSinCola,popFront,general,20360921,100000,99999,2000,7,-1,NA,true,45700,22.850,144448000
listas,ListaSimpleSinCola,popFront,general,20360921,100000,99999,2000,8,-1,NA,true,54500,27.250,144448000
listas,ListaSimpleSinCola,popFront,general,20360921,100000,99999,2000,9,-1,NA,true,50900,25.450,144448000
listas,ListaSimpleSinCola,popFront,general,20360921,100000,99999,2000,10,-1,NA,true,47300,23.650,144448000
listas,ListaSimpleSinCola,topFront,general,20360921,100000,100000,2000,1,-1,NA,true,4100,2.050,144448000
listas,ListaSimpleSinCola,topFront,general,20360921,100000,100000,2000,2,-1,NA,true,4000,2.000,144448000
listas,ListaSimpleSinCola,topFront,general,20360921,100000,100000,2000,3,-1,NA,true,4000,2.000,144448000
listas,ListaSimpleSinCola,topFront,general,20360921,100000,100000,2000,4,-1,NA,true,4000,2.000,144448000
listas,ListaSimpleSinCola,topFront,general,20360921,100000,100000,2000,5,-1,NA,true,4000,2.000,144448000
listas,ListaSimpleSinCola,topFront,general,20360921,100000,100000,2000,6,-1,NA,true,4000,2.000,144448000
listas,ListaSimpleSinCola,topFront,general,20360921,100000,100000,2000,7,-1,NA,true,4000,2.000,144448000
listas,ListaSimpleSinCola,topFront,general,20360921,100000,100000,2000,8,-1,NA,true,4400,2.200,144448000
listas,ListaSimpleSinCola,topFront,general,20360921,100000,100000,2000,9,-1,NA,true,4000,2.000,144448000
listas,ListaSimpleSinCola,topFront,general,20360921,100000,100000,2000,10,-1,NA,true,4000,2.000,144448000
listas,ListaSimpleSinCola,size,no_vacia,20360921,100000,100000,2000,1,-1,NA,true,3400,1.700,200000000
listas,ListaSimpleSinCola,size,no_vacia,20360921,100000,100000,2000,2,-1,NA,true,3500,1.750,200000000
listas,ListaSimpleSinCola,size,no_vacia,20360921,100000,100000,2000,3,-1,NA,true,3400,1.700,200000000
listas,ListaSimpleSinCola,size,no_vacia,20360921,100000,100000,2000,4,-1,NA,true,3500,1.750,200000000
listas,ListaSimpleSinCola,size,no_vacia,20360921,100000,100000,2000,5,-1,NA,true,4700,2.350,200000000
listas,ListaSimpleSinCola,size,no_vacia,20360921,100000,100000,2000,6,-1,NA,true,3600,1.800,200000000
listas,ListaSimpleSinCola,size,no_vacia,20360921,100000,100000,2000,7,-1,NA,true,3500,1.750,200000000
listas,ListaSimpleSinCola,size,no_vacia,20360921,100000,100000,2000,8,-1,NA,true,3500,1.750,200000000
listas,ListaSimpleSinCola,size,no_vacia,20360921,100000,100000,2000,9,-1,NA,true,5000,2.500,200000000
listas,ListaSimpleSinCola,size,no_vacia,20360921,100000,100000,2000,10,-1,NA,true,3600,1.800,200000000
listas,ListaSimpleSinCola,isEmpty,no_vacia,20360921,100000,100000,2000,1,-1,NA,true,3000,1.500,0
listas,ListaSimpleSinCola,isEmpty,no_vacia,20360921,100000,100000,2000,2,-1,NA,true,3000,1.500,0
listas,ListaSimpleSinCola,isEmpty,no_vacia,20360921,100000,100000,2000,3,-1,NA,true,3000,1.500,0
listas,ListaSimpleSinCola,isEmpty,no_vacia,20360921,100000,100000,2000,4,-1,NA,true,3000,1.500,0
listas,ListaSimpleSinCola,isEmpty,no_vacia,20360921,100000,100000,2000,5,-1,NA,true,3000,1.500,0
listas,ListaSimpleSinCola,isEmpty,no_vacia,20360921,100000,100000,2000,6,-1,NA,true,3000,1.500,0
listas,ListaSimpleSinCola,isEmpty,no_vacia,20360921,100000,100000,2000,7,-1,NA,true,3100,1.550,0
listas,ListaSimpleSinCola,isEmpty,no_vacia,20360921,100000,100000,2000,8,-1,NA,true,3000,1.500,0
listas,ListaSimpleSinCola,isEmpty,no_vacia,20360921,100000,100000,2000,9,-1,NA,true,3000,1.500,0
listas,ListaSimpleSinCola,isEmpty,no_vacia,20360921,100000,100000,2000,10,-1,NA,true,3100,1.550,0
listas,ListaSimpleSinCola,pushBack,general,20360921,100000,100001,20,1,-1,NA,true,2223500,111175.000,-42949672960
listas,ListaSimpleSinCola,pushBack,general,20360921,100000,100001,20,2,-1,NA,true,2088100,104405.000,-42949672960
listas,ListaSimpleSinCola,pushBack,general,20360921,100000,100001,20,3,-1,NA,true,2079400,103970.000,-42949672960
listas,ListaSimpleSinCola,pushBack,general,20360921,100000,100001,20,4,-1,NA,true,2102200,105110.000,-42949672960
listas,ListaSimpleSinCola,pushBack,general,20360921,100000,100001,20,5,-1,NA,true,2091600,104580.000,-42949672960
listas,ListaSimpleSinCola,pushBack,general,20360921,100000,100001,20,6,-1,NA,true,2139600,106980.000,-42949672960
listas,ListaSimpleSinCola,pushBack,general,20360921,100000,100001,20,7,-1,NA,true,2082600,104130.000,-42949672960
listas,ListaSimpleSinCola,pushBack,general,20360921,100000,100001,20,8,-1,NA,true,2080800,104040.000,-42949672960
listas,ListaSimpleSinCola,pushBack,general,20360921,100000,100001,20,9,-1,NA,true,2102200,105110.000,-42949672960
listas,ListaSimpleSinCola,pushBack,general,20360921,100000,100001,20,10,-1,NA,true,2111900,105595.000,-42949672960
listas,ListaSimpleSinCola,popBack,general,20360921,100000,99999,20,1,-1,NA,true,2042700,102135.000,1980020
listas,ListaSimpleSinCola,popBack,general,20360921,100000,99999,20,2,-1,NA,true,2043400,102170.000,1980020
listas,ListaSimpleSinCola,popBack,general,20360921,100000,99999,20,3,-1,NA,true,2069200,103460.000,1980020
listas,ListaSimpleSinCola,popBack,general,20360921,100000,99999,20,4,-1,NA,true,2051400,102570.000,1980020
listas,ListaSimpleSinCola,popBack,general,20360921,100000,99999,20,5,-1,NA,true,2089100,104455.000,1980020
listas,ListaSimpleSinCola,popBack,general,20360921,100000,99999,20,6,-1,NA,true,2066200,103310.000,1980020
listas,ListaSimpleSinCola,popBack,general,20360921,100000,99999,20,7,-1,NA,true,2047900,102395.000,1980020
listas,ListaSimpleSinCola,popBack,general,20360921,100000,99999,20,8,-1,NA,true,2100400,105020.000,1980020
listas,ListaSimpleSinCola,popBack,general,20360921,100000,99999,20,9,-1,NA,true,2166700,108335.000,1980020
listas,ListaSimpleSinCola,popBack,general,20360921,100000,99999,20,10,-1,NA,true,2081700,104085.000,1980020
listas,ListaSimpleSinCola,topBack,general,20360921,100000,100000,20,1,-1,NA,true,2182700,109135.000,1980020
listas,ListaSimpleSinCola,topBack,general,20360921,100000,100000,20,2,-1,NA,true,2095200,104760.000,1980020
listas,ListaSimpleSinCola,topBack,general,20360921,100000,100000,20,3,-1,NA,true,2143100,107155.000,1980020
listas,ListaSimpleSinCola,topBack,general,20360921,100000,100000,20,4,-1,NA,true,2131700,106585.000,1980020
listas,ListaSimpleSinCola,topBack,general,20360921,100000,100000,20,5,-1,NA,true,2097900,104895.000,1980020
listas,ListaSimpleSinCola,topBack,general,20360921,100000,100000,20,6,-1,NA,true,2145500,107275.000,1980020
listas,ListaSimpleSinCola,topBack,general,20360921,100000,100000,20,7,-1,NA,true,2077100,103855.000,1980020
listas,ListaSimpleSinCola,topBack,general,20360921,100000,100000,20,8,-1,NA,true,2105600,105280.000,1980020
listas,ListaSimpleSinCola,topBack,general,20360921,100000,100000,20,9,-1,NA,true,2137900,106895.000,1980020
listas,ListaSimpleSinCola,topBack,general,20360921,100000,100000,20,10,-1,NA,true,2283700,114185.000,1980020
listas,ListaSimpleSinCola,find,inicio,20360921,100000,100000,20,1,-1,NA,true,400,20.000,18801200080
listas,ListaSimpleSinCola,find,inicio,20360921,100000,100000,20,2,-1,NA,true,300,15.000,4693970260
listas,ListaSimpleSinCola,find,inicio,20360921,100000,100000,20,3,-1,NA,true,500,25.000,22423457500
listas,ListaSimpleSinCola,find,inicio,20360921,100000,100000,20,4,-1,NA,true,400,20.000,12994694560
listas,ListaSimpleSinCola,find,inicio,20360921,100000,100000,20,5,-1,NA,true,300,15.000,31919067960
listas,ListaSimpleSinCola,find,inicio,20360921,100000,100000,20,6,-1,NA,true,300,15.000,19967025840
listas,ListaSimpleSinCola,find,inicio,20360921,100000,100000,20,7,-1,NA,true,300,15.000,33682128040
listas,ListaSimpleSinCola,find,inicio,20360921,100000,100000,20,8,-1,NA,true,400,20.000,6709422320
listas,ListaSimpleSinCola,find,inicio,20360921,100000,100000,20,9,-1,NA,true,400,20.000,26178556900
listas,ListaSimpleSinCola,find,inicio,20360921,100000,100000,20,10,-1,NA,true,400,20.000,40347091680
listas,ListaSimpleSinCola,find,medio,20360921,100000,100000,20,1,-1,NA,true,1037200,51860.000,12219680260
listas,ListaSimpleSinCola,find,medio,20360921,100000,100000,20,2,-1,NA,true,1079800,53990.000,32888874240
listas,ListaSimpleSinCola,find,medio,20360921,100000,100000,20,3,-1,NA,true,1106900,55345.000,27878626200
listas,ListaSimpleSinCola,find,medio,20360921,100000,100000,20,4,-1,NA,true,1035200,51760.000,15762353840
listas,ListaSimpleSinCola,find,medio,20360921,100000,100000,20,5,-1,NA,true,1263800,63190.000,31334469880
listas,ListaSimpleSinCola,find,medio,20360921,100000,100000,20,6,-1,NA,true,1052700,52635.000,10202278120
listas,ListaSimpleSinCola,find,medio,20360921,100000,100000,20,7,-1,NA,true,1048500,52425.000,32440132240
listas,ListaSimpleSinCola,find,medio,20360921,100000,100000,20,8,-1,NA,true,1058000,52900.000,1324665060
listas,ListaSimpleSinCola,find,medio,20360921,100000,100000,20,9,-1,NA,true,1049700,52485.000,25735664640
listas,ListaSimpleSinCola,find,medio,20360921,100000,100000,20,10,-1,NA,true,1120000,56000.000,37483094000
listas,ListaSimpleSinCola,find,final,20360921,100000,100000,20,1,-1,NA,true,2160000,108000.000,17918952240
listas,ListaSimpleSinCola,find,final,20360921,100000,100000,20,2,-1,NA,true,2106700,105335.000,16929841700
listas,ListaSimpleSinCola,find,final,20360921,100000,100000,20,3,-1,NA,true,2283800,114190.000,21925669400
listas,ListaSimpleSinCola,find,final,20360921,100000,100000,20,4,-1,NA,true,2197000,109850.000,3040112580
listas,ListaSimpleSinCola,find,final,20360921,100000,100000,20,5,-1,NA,true,2218000,110900.000,1509153020
listas,ListaSimpleSinCola,find,final,20360921,100000,100000,20,6,-1,NA,true,2111800,105590.000,7244782400
listas,ListaSimpleSinCola,find,final,20360921,100000,100000,20,7,-1,NA,true,2138600,106930.000,35929778740
listas,ListaSimpleSinCola,find,final,20360921,100000,100000,20,8,-1,NA,true,2076600,103830.000,8460620580
listas,ListaSimpleSinCola,find,final,20360921,100000,100000,20,9,-1,NA,true,2158100,107905.000,34253390640
listas,ListaSimpleSinCola,find,final,20360921,100000,100000,20,10,-1,NA,true,2083000,104150.000,24507478280
listas,ListaSimpleSinCola,find,ausente,20360921,100000,100000,20,1,-1,NA,true,2114100,105705.000,20
listas,ListaSimpleSinCola,find,ausente,20360921,100000,100000,20,2,-1,NA,true,2125300,106265.000,20
listas,ListaSimpleSinCola,find,ausente,20360921,100000,100000,20,3,-1,NA,true,2134800,106740.000,20
listas,ListaSimpleSinCola,find,ausente,20360921,100000,100000,20,4,-1,NA,true,2120600,106030.000,20
listas,ListaSimpleSinCola,find,ausente,20360921,100000,100000,20,5,-1,NA,true,2153200,107660.000,20
listas,ListaSimpleSinCola,find,ausente,20360921,100000,100000,20,6,-1,NA,true,2152500,107625.000,20
listas,ListaSimpleSinCola,find,ausente,20360921,100000,100000,20,7,-1,NA,true,2125400,106270.000,20
listas,ListaSimpleSinCola,find,ausente,20360921,100000,100000,20,8,-1,NA,true,2142800,107140.000,20
listas,ListaSimpleSinCola,find,ausente,20360921,100000,100000,20,9,-1,NA,true,2125300,106265.000,20
listas,ListaSimpleSinCola,find,ausente,20360921,100000,100000,20,10,-1,NA,true,2161500,108075.000,20
listas,ListaSimpleSinCola,erase,inicio_nodo_prelocalizado,20360921,100000,99999,20,1,-1,NA,true,500,25.000,1444480
listas,ListaSimpleSinCola,erase,inicio_nodo_prelocalizado,20360921,100000,99999,20,2,-1,NA,true,500,25.000,1444480
listas,ListaSimpleSinCola,erase,inicio_nodo_prelocalizado,20360921,100000,99999,20,3,-1,NA,true,400,20.000,1444480
listas,ListaSimpleSinCola,erase,inicio_nodo_prelocalizado,20360921,100000,99999,20,4,-1,NA,true,400,20.000,1444480
listas,ListaSimpleSinCola,erase,inicio_nodo_prelocalizado,20360921,100000,99999,20,5,-1,NA,true,400,20.000,1444480
listas,ListaSimpleSinCola,erase,inicio_nodo_prelocalizado,20360921,100000,99999,20,6,-1,NA,true,100,5.000,1444480
listas,ListaSimpleSinCola,erase,inicio_nodo_prelocalizado,20360921,100000,99999,20,7,-1,NA,true,500,25.000,1444480
listas,ListaSimpleSinCola,erase,inicio_nodo_prelocalizado,20360921,100000,99999,20,8,-1,NA,true,400,20.000,1444480
listas,ListaSimpleSinCola,erase,inicio_nodo_prelocalizado,20360921,100000,99999,20,9,-1,NA,true,500,25.000,1444480
listas,ListaSimpleSinCola,erase,inicio_nodo_prelocalizado,20360921,100000,99999,20,10,-1,NA,true,500,25.000,1444480
listas,ListaSimpleSinCola,erase,medio_nodo_prelocalizado,20360921,100000,99999,20,1,-1,NA,true,1047800,52390.000,1593420
listas,ListaSimpleSinCola,erase,medio_nodo_prelocalizado,20360921,100000,99999,20,2,-1,NA,true,1032400,51620.000,1593420
listas,ListaSimpleSinCola,erase,medio_nodo_prelocalizado,20360921,100000,99999,20,3,-1,NA,true,1083200,54160.000,1593420
listas,ListaSimpleSinCola,erase,medio_nodo_prelocalizado,20360921,100000,99999,20,4,-1,NA,true,1045000,52250.000,1593420
listas,ListaSimpleSinCola,erase,medio_nodo_prelocalizado,20360921,100000,99999,20,5,-1,NA,true,1031900,51595.000,1593420
listas,ListaSimpleSinCola,erase,medio_nodo_prelocalizado,20360921,100000,99999,20,6,-1,NA,true,1038800,51940.000,1593420
listas,ListaSimpleSinCola,erase,medio_nodo_prelocalizado,20360921,100000,99999,20,7,-1,NA,true,1041500,52075.000,1593420
listas,ListaSimpleSinCola,erase,medio_nodo_prelocalizado,20360921,100000,99999,20,8,-1,NA,true,1028900,51445.000,1593420
listas,ListaSimpleSinCola,erase,medio_nodo_prelocalizado,20360921,100000,99999,20,9,-1,NA,true,1065600,53280.000,1593420
listas,ListaSimpleSinCola,erase,medio_nodo_prelocalizado,20360921,100000,99999,20,10,-1,NA,true,1034500,51725.000,1593420
listas,ListaSimpleSinCola,erase,final_nodo_prelocalizado,20360921,100000,99999,20,1,-1,NA,true,2093100,104655.000,1980020
listas,ListaSimpleSinCola,erase,final_nodo_prelocalizado,20360921,100000,99999,20,2,-1,NA,true,2199800,109990.000,1980020
listas,ListaSimpleSinCola,erase,final_nodo_prelocalizado,20360921,100000,99999,20,3,-1,NA,true,2122200,106110.000,1980020
listas,ListaSimpleSinCola,erase,final_nodo_prelocalizado,20360921,100000,99999,20,4,-1,NA,true,2080600,104030.000,1980020
listas,ListaSimpleSinCola,erase,final_nodo_prelocalizado,20360921,100000,99999,20,5,-1,NA,true,2112600,105630.000,1980020
listas,ListaSimpleSinCola,erase,final_nodo_prelocalizado,20360921,100000,99999,20,6,-1,NA,true,2072300,103615.000,1980020
listas,ListaSimpleSinCola,erase,final_nodo_prelocalizado,20360921,100000,99999,20,7,-1,NA,true,2176400,108820.000,1980020
listas,ListaSimpleSinCola,erase,final_nodo_prelocalizado,20360921,100000,99999,20,8,-1,NA,true,2117300,105865.000,1980020
listas,ListaSimpleSinCola,erase,final_nodo_prelocalizado,20360921,100000,99999,20,9,-1,NA,true,2060700,103035.000,1980020
listas,ListaSimpleSinCola,erase,final_nodo_prelocalizado,20360921,100000,99999,20,10,-1,NA,true,2053600,102680.000,1980020
listas,ListaSimpleSinCola,addBefore,inicio_nodo_prelocalizado,20360921,100000,100001,20,1,-1,NA,true,600,30.000,2000020
listas,ListaSimpleSinCola,addBefore,inicio_nodo_prelocalizado,20360921,100000,100001,20,2,-1,NA,true,300,15.000,2000020
listas,ListaSimpleSinCola,addBefore,inicio_nodo_prelocalizado,20360921,100000,100001,20,3,-1,NA,true,900,45.000,2000020
listas,ListaSimpleSinCola,addBefore,inicio_nodo_prelocalizado,20360921,100000,100001,20,4,-1,NA,true,500,25.000,2000020
listas,ListaSimpleSinCola,addBefore,inicio_nodo_prelocalizado,20360921,100000,100001,20,5,-1,NA,true,900,45.000,2000020
listas,ListaSimpleSinCola,addBefore,inicio_nodo_prelocalizado,20360921,100000,100001,20,6,-1,NA,true,800,40.000,2000020
listas,ListaSimpleSinCola,addBefore,inicio_nodo_prelocalizado,20360921,100000,100001,20,7,-1,NA,true,300,15.000,2000020
listas,ListaSimpleSinCola,addBefore,inicio_nodo_prelocalizado,20360921,100000,100001,20,8,-1,NA,true,400,20.000,2000020
listas,ListaSimpleSinCola,addBefore,inicio_nodo_prelocalizado,20360921,100000,100001,20,9,-1,NA,true,400,20.000,2000020
listas,ListaSimpleSinCola,addBefore,inicio_nodo_prelocalizado,20360921,100000,100001,20,10,-1,NA,true,900,45.000,2000020
listas,ListaSimpleSinCola,addBefore,medio_nodo_prelocalizado,20360921,100000,100001,20,1,-1,NA,true,1024900,51245.000,2000020
listas,ListaSimpleSinCola,addBefore,medio_nodo_prelocalizado,20360921,100000,100001,20,2,-1,NA,true,1017900,50895.000,2000020
listas,ListaSimpleSinCola,addBefore,medio_nodo_prelocalizado,20360921,100000,100001,20,3,-1,NA,true,1053900,52695.000,2000020
listas,ListaSimpleSinCola,addBefore,medio_nodo_prelocalizado,20360921,100000,100001,20,4,-1,NA,true,1023400,51170.000,2000020
listas,ListaSimpleSinCola,addBefore,medio_nodo_prelocalizado,20360921,100000,100001,20,5,-1,NA,true,1035400,51770.000,2000020
listas,ListaSimpleSinCola,addBefore,medio_nodo_prelocalizado,20360921,100000,100001,20,6,-1,NA,true,1061700,53085.000,2000020
listas,ListaSimpleSinCola,addBefore,medio_nodo_prelocalizado,20360921,100000,100001,20,7,-1,NA,true,1056800,52840.000,2000020
listas,ListaSimpleSinCola,addBefore,medio_nodo_prelocalizado,20360921,100000,100001,20,8,-1,NA,true,1050100,52505.000,2000020
listas,ListaSimpleSinCola,addBefore,medio_nodo_prelocalizado,20360921,100000,100001,20,9,-1,NA,true,1025600,51280.000,2000020
listas,ListaSimpleSinCola,addBefore,medio_nodo_prelocalizado,20360921,100000,100001,20,10,-1,NA,true,1025500,51275.000,2000020
listas,ListaSimpleSinCola,addBefore,final_nodo_prelocalizado,20360921,100000,100001,20,1,-1,NA,true,2083500,104175.000,2000020
listas,ListaSimpleSinCola,addBefore,final_nodo_prelocalizado,20360921,100000,100001,20,2,-1,NA,true,2094300,104715.000,2000020
listas,ListaSimpleSinCola,addBefore,final_nodo_prelocalizado,20360921,100000,100001,20,3,-1,NA,true,2129000,106450.000,2000020
listas,ListaSimpleSinCola,addBefore,final_nodo_prelocalizado,20360921,100000,100001,20,4,-1,NA,true,2093700,104685.000,2000020
listas,ListaSimpleSinCola,addBefore,final_nodo_prelocalizado,20360921,100000,100001,20,5,-1,NA,true,2072100,103605.000,2000020
listas,ListaSimpleSinCola,addBefore,final_nodo_prelocalizado,20360921,100000,100001,20,6,-1,NA,true,2060300,103015.000,2000020
listas,ListaSimpleSinCola,addBefore,final_nodo_prelocalizado,20360921,100000,100001,20,7,-1,NA,true,2029500,101475.000,2000020
listas,ListaSimpleSinCola,addBefore,final_nodo_prelocalizado,20360921,100000,100001,20,8,-1,NA,true,2087200,104360.000,2000020
listas,ListaSimpleSinCola,addBefore,final_nodo_prelocalizado,20360921,100000,100001,20,9,-1,NA,true,2074700,103735.000,2000020
listas,ListaSimpleSinCola,addBefore,final_nodo_prelocalizado,20360921,100000,100001,20,10,-1,NA,true,2075100,103755.000,2000020
listas,ListaSimpleSinCola,addAfter,inicio_nodo_prelocalizado,20360921,100000,100001,20,1,-1,NA,true,900,45.000,2000020
listas,ListaSimpleSinCola,addAfter,inicio_nodo_prelocalizado,20360921,100000,100001,20,2,-1,NA,true,300,15.000,2000020
listas,ListaSimpleSinCola,addAfter,inicio_nodo_prelocalizado,20360921,100000,100001,20,3,-1,NA,true,1000,50.000,2000020
listas,ListaSimpleSinCola,addAfter,inicio_nodo_prelocalizado,20360921,100000,100001,20,4,-1,NA,true,200,10.000,2000020
listas,ListaSimpleSinCola,addAfter,inicio_nodo_prelocalizado,20360921,100000,100001,20,5,-1,NA,true,1000,50.000,2000020
listas,ListaSimpleSinCola,addAfter,inicio_nodo_prelocalizado,20360921,100000,100001,20,6,-1,NA,true,700,35.000,2000020
listas,ListaSimpleSinCola,addAfter,inicio_nodo_prelocalizado,20360921,100000,100001,20,7,-1,NA,true,500,25.000,2000020
listas,ListaSimpleSinCola,addAfter,inicio_nodo_prelocalizado,20360921,100000,100001,20,8,-1,NA,true,400,20.000,2000020
listas,ListaSimpleSinCola,addAfter,inicio_nodo_prelocalizado,20360921,100000,100001,20,9,-1,NA,true,0,0.000,2000020
listas,ListaSimpleSinCola,addAfter,inicio_nodo_prelocalizado,20360921,100000,100001,20,10,-1,NA,true,300,15.000,2000020
listas,ListaSimpleSinCola,addAfter,medio_nodo_prelocalizado,20360921,100000,100001,20,1,-1,NA,true,900,45.000,2000020
listas,ListaSimpleSinCola,addAfter,medio_nodo_prelocalizado,20360921,100000,100001,20,2,-1,NA,true,700,35.000,2000020
listas,ListaSimpleSinCola,addAfter,medio_nodo_prelocalizado,20360921,100000,100001,20,3,-1,NA,true,500,25.000,2000020
listas,ListaSimpleSinCola,addAfter,medio_nodo_prelocalizado,20360921,100000,100001,20,4,-1,NA,true,800,40.000,2000020
listas,ListaSimpleSinCola,addAfter,medio_nodo_prelocalizado,20360921,100000,100001,20,5,-1,NA,true,800,40.000,2000020
listas,ListaSimpleSinCola,addAfter,medio_nodo_prelocalizado,20360921,100000,100001,20,6,-1,NA,true,500,25.000,2000020
listas,ListaSimpleSinCola,addAfter,medio_nodo_prelocalizado,20360921,100000,100001,20,7,-1,NA,true,500,25.000,2000020
listas,ListaSimpleSinCola,addAfter,medio_nodo_prelocalizado,20360921,100000,100001,20,8,-1,NA,true,500,25.000,2000020
listas,ListaSimpleSinCola,addAfter,medio_nodo_prelocalizado,20360921,100000,100001,20,9,-1,NA,true,300,15.000,2000020
listas,ListaSimpleSinCola,addAfter,medio_nodo_prelocalizado,20360921,100000,100001,20,10,-1,NA,true,800,40.000,2000020
listas,ListaSimpleSinCola,addAfter,final_nodo_prelocalizado,20360921,100000,100001,20,1,-1,NA,true,900,45.000,2000020
listas,ListaSimpleSinCola,addAfter,final_nodo_prelocalizado,20360921,100000,100001,20,2,-1,NA,true,600,30.000,2000020
listas,ListaSimpleSinCola,addAfter,final_nodo_prelocalizado,20360921,100000,100001,20,3,-1,NA,true,1100,55.000,2000020
listas,ListaSimpleSinCola,addAfter,final_nodo_prelocalizado,20360921,100000,100001,20,4,-1,NA,true,400,20.000,2000020
listas,ListaSimpleSinCola,addAfter,final_nodo_prelocalizado,20360921,100000,100001,20,5,-1,NA,true,700,35.000,2000020
listas,ListaSimpleSinCola,addAfter,final_nodo_prelocalizado,20360921,100000,100001,20,6,-1,NA,true,700,35.000,2000020
listas,ListaSimpleSinCola,addAfter,final_nodo_prelocalizado,20360921,100000,100001,20,7,-1,NA,true,500,25.000,2000020
listas,ListaSimpleSinCola,addAfter,final_nodo_prelocalizado,20360921,100000,100001,20,8,-1,NA,true,500,25.000,2000020
listas,ListaSimpleSinCola,addAfter,final_nodo_prelocalizado,20360921,100000,100001,20,9,-1,NA,true,1600,80.000,2000020
listas,ListaSimpleSinCola,addAfter,final_nodo_prelocalizado,20360921,100000,100001,20,10,-1,NA,true,1200,60.000,2000020
listas,ListaSimpleConCola,pushFront,general,20360921,100000,100001,2000,1,-1,NA,true,45800,22.900,-4294967296000
listas,ListaSimpleConCola,pushFront,general,20360921,100000,100001,2000,2,-1,NA,true,46000,23.000,-4294967296000
listas,ListaSimpleConCola,pushFront,general,20360921,100000,100001,2000,3,-1,NA,true,46600,23.300,-4294967296000
listas,ListaSimpleConCola,pushFront,general,20360921,100000,100001,2000,4,-1,NA,true,45800,22.900,-4294967296000
listas,ListaSimpleConCola,pushFront,general,20360921,100000,100001,2000,5,-1,NA,true,46600,23.300,-4294967296000
listas,ListaSimpleConCola,pushFront,general,20360921,100000,100001,2000,6,-1,NA,true,47200,23.600,-4294967296000
listas,ListaSimpleConCola,pushFront,general,20360921,100000,100001,2000,7,-1,NA,true,46000,23.000,-4294967296000
listas,ListaSimpleConCola,pushFront,general,20360921,100000,100001,2000,8,-1,NA,true,45800,22.900,-4294967296000
listas,ListaSimpleConCola,pushFront,general,20360921,100000,100001,2000,9,-1,NA,true,46100,23.050,-4294967296000
listas,ListaSimpleConCola,pushFront,general,20360921,100000,100001,2000,10,-1,NA,true,46800,23.400,-4294967296000
listas,ListaSimpleConCola,popFront,general,20360921,100000,99999,2000,1,-1,NA,true,46900,23.450,144448000
listas,ListaSimpleConCola,popFront,general,20360921,100000,99999,2000,2,-1,NA,true,46900,23.450,144448000
listas,ListaSimpleConCola,popFront,general,20360921,100000,99999,2000,3,-1,NA,true,47400,23.700,144448000
listas,ListaSimpleConCola,popFront,general,20360921,100000,99999,2000,4,-1,NA,true,46400,23.200,144448000
listas,ListaSimpleConCola,popFront,general,20360921,100000,99999,2000,5,-1,NA,true,44900,22.450,144448000
listas,ListaSimpleConCola,popFront,general,20360921,100000,99999,2000,6,-1,NA,true,44700,22.350,144448000
listas,ListaSimpleConCola,popFront,general,20360921,100000,99999,2000,7,-1,NA,true,45700,22.850,144448000
listas,ListaSimpleConCola,popFront,general,20360921,100000,99999,2000,8,-1,NA,true,45300,22.650,144448000
listas,ListaSimpleConCola,popFront,general,20360921,100000,99999,2000,9,-1,NA,true,46200,23.100,144448000
listas,ListaSimpleConCola,popFront,general,20360921,100000,99999,2000,10,-1,NA,true,45200,22.600,144448000
listas,ListaSimpleConCola,topFront,general,20360921,100000,100000,2000,1,-1,NA,true,4100,2.050,144448000
listas,ListaSimpleConCola,topFront,general,20360921,100000,100000,2000,2,-1,NA,true,4000,2.000,144448000
listas,ListaSimpleConCola,topFront,general,20360921,100000,100000,2000,3,-1,NA,true,4000,2.000,144448000
listas,ListaSimpleConCola,topFront,general,20360921,100000,100000,2000,4,-1,NA,true,4000,2.000,144448000
listas,ListaSimpleConCola,topFront,general,20360921,100000,100000,2000,5,-1,NA,true,4000,2.000,144448000
listas,ListaSimpleConCola,topFront,general,20360921,100000,100000,2000,6,-1,NA,true,4000,2.000,144448000
listas,ListaSimpleConCola,topFront,general,20360921,100000,100000,2000,7,-1,NA,true,4000,2.000,144448000
listas,ListaSimpleConCola,topFront,general,20360921,100000,100000,2000,8,-1,NA,true,4000,2.000,144448000
listas,ListaSimpleConCola,topFront,general,20360921,100000,100000,2000,9,-1,NA,true,4100,2.050,144448000
listas,ListaSimpleConCola,topFront,general,20360921,100000,100000,2000,10,-1,NA,true,4100,2.050,144448000
listas,ListaSimpleConCola,size,no_vacia,20360921,100000,100000,2000,1,-1,NA,true,3600,1.800,200000000
listas,ListaSimpleConCola,size,no_vacia,20360921,100000,100000,2000,2,-1,NA,true,3500,1.750,200000000
listas,ListaSimpleConCola,size,no_vacia,20360921,100000,100000,2000,3,-1,NA,true,3500,1.750,200000000
listas,ListaSimpleConCola,size,no_vacia,20360921,100000,100000,2000,4,-1,NA,true,3500,1.750,200000000
listas,ListaSimpleConCola,size,no_vacia,20360921,100000,100000,2000,5,-1,NA,true,3700,1.850,200000000
listas,ListaSimpleConCola,size,no_vacia,20360921,100000,100000,2000,6,-1,NA,true,3600,1.800,200000000
listas,ListaSimpleConCola,size,no_vacia,20360921,100000,100000,2000,7,-1,NA,true,3600,1.800,200000000
listas,ListaSimpleConCola,size,no_vacia,20360921,100000,100000,2000,8,-1,NA,true,3600,1.800,200000000
listas,ListaSimpleConCola,size,no_vacia,20360921,100000,100000,2000,9,-1,NA,true,3600,1.800,200000000
listas,ListaSimpleConCola,size,no_vacia,20360921,100000,100000,2000,10,-1,NA,true,3500,1.750,200000000
listas,ListaSimpleConCola,isEmpty,no_vacia,20360921,100000,100000,2000,1,-1,NA,true,3000,1.500,0
listas,ListaSimpleConCola,isEmpty,no_vacia,20360921,100000,100000,2000,2,-1,NA,true,3100,1.550,0
listas,ListaSimpleConCola,isEmpty,no_vacia,20360921,100000,100000,2000,3,-1,NA,true,3000,1.500,0
listas,ListaSimpleConCola,isEmpty,no_vacia,20360921,100000,100000,2000,4,-1,NA,true,3000,1.500,0
listas,ListaSimpleConCola,isEmpty,no_vacia,20360921,100000,100000,2000,5,-1,NA,true,3000,1.500,0
listas,ListaSimpleConCola,isEmpty,no_vacia,20360921,100000,100000,2000,6,-1,NA,true,3000,1.500,0
listas,ListaSimpleConCola,isEmpty,no_vacia,20360921,100000,100000,2000,7,-1,NA,true,4700,2.350,0
listas,ListaSimpleConCola,isEmpty,no_vacia,20360921,100000,100000,2000,8,-1,NA,true,3000,1.500,0
listas,ListaSimpleConCola,isEmpty,no_vacia,20360921,100000,100000,2000,9,-1,NA,true,3000,1.500,0
listas,ListaSimpleConCola,isEmpty,no_vacia,20360921,100000,100000,2000,10,-1,NA,true,3000,1.500,0
listas,ListaSimpleConCola,pushBack,general,20360921,100000,100001,20,1,-1,NA,true,800,40.000,-42949672960
listas,ListaSimpleConCola,pushBack,general,20360921,100000,100001,20,2,-1,NA,true,500,25.000,-42949672960
listas,ListaSimpleConCola,pushBack,general,20360921,100000,100001,20,3,-1,NA,true,900,45.000,-42949672960
listas,ListaSimpleConCola,pushBack,general,20360921,100000,100001,20,4,-1,NA,true,1000,50.000,-42949672960
listas,ListaSimpleConCola,pushBack,general,20360921,100000,100001,20,5,-1,NA,true,1800,90.000,-42949672960
listas,ListaSimpleConCola,pushBack,general,20360921,100000,100001,20,6,-1,NA,true,900,45.000,-42949672960
listas,ListaSimpleConCola,pushBack,general,20360921,100000,100001,20,7,-1,NA,true,600,30.000,-42949672960
listas,ListaSimpleConCola,pushBack,general,20360921,100000,100001,20,8,-1,NA,true,600,30.000,-42949672960
listas,ListaSimpleConCola,pushBack,general,20360921,100000,100001,20,9,-1,NA,true,400,20.000,-42949672960
listas,ListaSimpleConCola,pushBack,general,20360921,100000,100001,20,10,-1,NA,true,600,30.000,-42949672960
listas,ListaSimpleConCola,popBack,general,20360921,100000,99999,20,1,-1,NA,true,2127800,106390.000,1980020
listas,ListaSimpleConCola,popBack,general,20360921,100000,99999,20,2,-1,NA,true,2107600,105380.000,1980020
listas,ListaSimpleConCola,popBack,general,20360921,100000,99999,20,3,-1,NA,true,2088200,104410.000,1980020
listas,ListaSimpleConCola,popBack,general,20360921,100000,99999,20,4,-1,NA,true,2084000,104200.000,1980020
listas,ListaSimpleConCola,popBack,general,20360921,100000,99999,20,5,-1,NA,true,2130200,106510.000,1980020
listas,ListaSimpleConCola,popBack,general,20360921,100000,99999,20,6,-1,NA,true,2170300,108515.000,1980020
listas,ListaSimpleConCola,popBack,general,20360921,100000,99999,20,7,-1,NA,true,2126400,106320.000,1980020
listas,ListaSimpleConCola,popBack,general,20360921,100000,99999,20,8,-1,NA,true,2097200,104860.000,1980020
listas,ListaSimpleConCola,popBack,general,20360921,100000,99999,20,9,-1,NA,true,2078800,103940.000,1980020
listas,ListaSimpleConCola,popBack,general,20360921,100000,99999,20,10,-1,NA,true,2086600,104330.000,1980020
listas,ListaSimpleConCola,topBack,general,20360921,100000,100000,20,1,-1,NA,true,200,10.000,1980020
listas,ListaSimpleConCola,topBack,general,20360921,100000,100000,20,2,-1,NA,true,0,0.000,1980020
listas,ListaSimpleConCola,topBack,general,20360921,100000,100000,20,3,-1,NA,true,100,5.000,1980020
listas,ListaSimpleConCola,topBack,general,20360921,100000,100000,20,4,-1,NA,true,100,5.000,1980020
listas,ListaSimpleConCola,topBack,general,20360921,100000,100000,20,5,-1,NA,true,100,5.000,1980020
listas,ListaSimpleConCola,topBack,general,20360921,100000,100000,20,6,-1,NA,true,100,5.000,1980020
listas,ListaSimpleConCola,topBack,general,20360921,100000,100000,20,7,-1,NA,true,100,5.000,1980020
listas,ListaSimpleConCola,topBack,general,20360921,100000,100000,20,8,-1,NA,true,100,5.000,1980020
listas,ListaSimpleConCola,topBack,general,20360921,100000,100000,20,9,-1,NA,true,100,5.000,1980020
listas,ListaSimpleConCola,topBack,general,20360921,100000,100000,20,10,-1,NA,true,100,5.000,1980020
listas,ListaSimpleConCola,find,inicio,20360921,100000,100000,20,1,-1,NA,true,400,20.000,17689148160
listas,ListaSimpleConCola,find,inicio,20360921,100000,100000,20,2,-1,NA,true,500,25.000,18263812780
listas,ListaSimpleConCola,find,inicio,20360921,100000,100000,20,3,-1,NA,true,700,35.000,36901331620
listas,ListaSimpleConCola,find,inicio,20360921,100000,100000,20,4,-1,NA,true,500,25.000,20378756480
listas,ListaSimpleConCola,find,inicio,20360921,100000,100000,20,5,-1,NA,true,500,25.000,18113085600
listas,ListaSimpleConCola,find,inicio,20360921,100000,100000,20,6,-1,NA,true,500,25.000,38301168920
listas,ListaSimpleConCola,find,inicio,20360921,100000,100000,20,7,-1,NA,true,500,25.000,28396215280
listas,ListaSimpleConCola,find,inicio,20360921,100000,100000,20,8,-1,NA,true,400,20.000,18443020660
listas,ListaSimpleConCola,find,inicio,20360921,100000,100000,20,9,-1,NA,true,400,20.000,30327387500
listas,ListaSimpleConCola,find,inicio,20360921,100000,100000,20,10,-1,NA,true,400,20.000,1118180240
listas,ListaSimpleConCola,find,medio,20360921,100000,100000,20,1,-1,NA,true,1106100,55305.000,3343709840
listas,ListaSimpleConCola,find,medio,20360921,100000,100000,20,2,-1,NA,true,1062800,53140.000,11843580920
listas,ListaSimpleConCola,find,medio,20360921,100000,100000,20,3,-1,NA,true,1080700,54035.000,38746965120
listas,ListaSimpleConCola,find,medio,20360921,100000,100000,20,4,-1,NA,true,1053100,52655.000,32836176920
listas,ListaSimpleConCola,find,medio,20360921,100000,100000,20,5,-1,NA,true,1047900,52395.000,27168880900
listas,ListaSimpleConCola,find,medio,20360921,100000,100000,20,6,-1,NA,true,1053700,52685.000,15000881500
listas,ListaSimpleConCola,find,medio,20360921,100000,100000,20,7,-1,NA,true,1048100,52405.000,6636892380
listas,ListaSimpleConCola,find,medio,20360921,100000,100000,20,8,-1,NA,true,1072500,53625.000,6213139480
listas,ListaSimpleConCola,find,medio,20360921,100000,100000,20,9,-1,NA,true,1045600,52280.000,1296608260
listas,ListaSimpleConCola,find,medio,20360921,100000,100000,20,10,-1,NA,true,1053700,52685.000,3185180280
listas,ListaSimpleConCola,find,final,20360921,100000,100000,20,1,-1,NA,true,2162400,108120.000,41823131920
listas,ListaSimpleConCola,find,final,20360921,100000,100000,20,2,-1,NA,true,2064100,103205.000,17276628320
listas,ListaSimpleConCola,find,final,20360921,100000,100000,20,3,-1,NA,true,2115100,105755.000,30167902520
listas,ListaSimpleConCola,find,final,20360921,100000,100000,20,4,-1,NA,true,2090000,104500.000,32763442280
listas,ListaSimpleConCola,find,final,20360921,100000,100000,20,5,-1,NA,true,2116900,105845.000,19455317560
listas,ListaSimpleConCola,find,final,20360921,100000,100000,20,6,-1,NA,true,2087000,104350.000,33038900240
listas,ListaSimpleConCola,find,final,20360921,100000,100000,20,7,-1,NA,true,2091300,104565.000,40693770000
listas,ListaSimpleConCola,find,final,20360921,100000,100000,20,8,-1,NA,true,2123200,106160.000,20145034780
listas,ListaSimpleConCola,find,final,20360921,100000,100000,20,9,-1,NA,true,2100600,105030.000,31131907320
listas,ListaSimpleConCola,find,final,20360921,100000,100000,20,10,-1,NA,true,2088400,104420.000,3889889360
listas,ListaSimpleConCola,find,ausente,20360921,100000,100000,20,1,-1,NA,true,2097700,104885.000,20
listas,ListaSimpleConCola,find,ausente,20360921,100000,100000,20,2,-1,NA,true,2086000,104300.000,20
listas,ListaSimpleConCola,find,ausente,20360921,100000,100000,20,3,-1,NA,true,2090300,104515.000,20
listas,ListaSimpleConCola,find,ausente,20360921,100000,100000,20,4,-1,NA,true,2115300,105765.000,20
listas,ListaSimpleConCola,find,ausente,20360921,100000,100000,20,5,-1,NA,true,2089500,104475.000,20
listas,ListaSimpleConCola,find,ausente,20360921,100000,100000,20,6,-1,NA,true,2099500,104975.000,20
listas,ListaSimpleConCola,find,ausente,20360921,100000,100000,20,7,-1,NA,true,2116000,105800.000,20
listas,ListaSimpleConCola,find,ausente,20360921,100000,100000,20,8,-1,NA,true,2186000,109300.000,20
listas,ListaSimpleConCola,find,ausente,20360921,100000,100000,20,9,-1,NA,true,2170200,108510.000,20
listas,ListaSimpleConCola,find,ausente,20360921,100000,100000,20,10,-1,NA,true,2137100,106855.000,20
listas,ListaSimpleConCola,erase,inicio_nodo_prelocalizado,20360921,100000,99999,20,1,-1,NA,true,500,25.000,1444480
listas,ListaSimpleConCola,erase,inicio_nodo_prelocalizado,20360921,100000,99999,20,2,-1,NA,true,100,5.000,1444480
listas,ListaSimpleConCola,erase,inicio_nodo_prelocalizado,20360921,100000,99999,20,3,-1,NA,true,300,15.000,1444480
listas,ListaSimpleConCola,erase,inicio_nodo_prelocalizado,20360921,100000,99999,20,4,-1,NA,true,400,20.000,1444480
listas,ListaSimpleConCola,erase,inicio_nodo_prelocalizado,20360921,100000,99999,20,5,-1,NA,true,700,35.000,1444480
listas,ListaSimpleConCola,erase,inicio_nodo_prelocalizado,20360921,100000,99999,20,6,-1,NA,true,600,30.000,1444480
listas,ListaSimpleConCola,erase,inicio_nodo_prelocalizado,20360921,100000,99999,20,7,-1,NA,true,700,35.000,1444480
listas,ListaSimpleConCola,erase,inicio_nodo_prelocalizado,20360921,100000,99999,20,8,-1,NA,true,800,40.000,1444480
listas,ListaSimpleConCola,erase,inicio_nodo_prelocalizado,20360921,100000,99999,20,9,-1,NA,true,300,15.000,1444480
listas,ListaSimpleConCola,erase,inicio_nodo_prelocalizado,20360921,100000,99999,20,10,-1,NA,true,700,35.000,1444480
listas,ListaSimpleConCola,erase,medio_nodo_prelocalizado,20360921,100000,99999,20,1,-1,NA,true,1117300,55865.000,1593420
listas,ListaSimpleConCola,erase,medio_nodo_prelocalizado,20360921,100000,99999,20,2,-1,NA,true,1050300,52515.000,1593420
listas,ListaSimpleConCola,erase,medio_nodo_prelocalizado,20360921,100000,99999,20,3,-1,NA,true,1029400,51470.000,1593420
listas,ListaSimpleConCola,erase,medio_nodo_prelocalizado,20360921,100000,99999,20,4,-1,NA,true,1038700,51935.000,1593420
listas,ListaSimpleConCola,erase,medio_nodo_prelocalizado,20360921,100000,99999,20,5,-1,NA,true,1051900,52595.000,1593420
listas,ListaSimpleConCola,erase,medio_nodo_prelocalizado,20360921,100000,99999,20,6,-1,NA,true,1052300,52615.000,1593420
listas,ListaSimpleConCola,erase,medio_nodo_prelocalizado,20360921,100000,99999,20,7,-1,NA,true,1060700,53035.000,1593420
listas,ListaSimpleConCola,erase,medio_nodo_prelocalizado,20360921,100000,99999,20,8,-1,NA,true,1029800,51490.000,1593420
listas,ListaSimpleConCola,erase,medio_nodo_prelocalizado,20360921,100000,99999,20,9,-1,NA,true,1064200,53210.000,1593420
listas,ListaSimpleConCola,erase,medio_nodo_prelocalizado,20360921,100000,99999,20,10,-1,NA,true,1040400,52020.000,1593420
listas,ListaSimpleConCola,erase,final_nodo_prelocalizado,20360921,100000,99999,20,1,-1,NA,true,2137700,106885.000,1980020
listas,ListaSimpleConCola,erase,final_nodo_prelocalizado,20360921,100000,99999,20,2,-1,NA,true,2058600,102930.000,1980020
listas,ListaSimpleConCola,erase,final_nodo_prelocalizado,20360921,100000,99999,20,3,-1,NA,true,2134000,106700.000,1980020
listas,ListaSimpleConCola,erase,final_nodo_prelocalizado,20360921,100000,99999,20,4,-1,NA,true,2150300,107515.000,1980020
listas,ListaSimpleConCola,erase,final_nodo_prelocalizado,20360921,100000,99999,20,5,-1,NA,true,2104100,105205.000,1980020
listas,ListaSimpleConCola,erase,final_nodo_prelocalizado,20360921,100000,99999,20,6,-1,NA,true,2077300,103865.000,1980020
listas,ListaSimpleConCola,erase,final_nodo_prelocalizado,20360921,100000,99999,20,7,-1,NA,true,2075200,103760.000,1980020
listas,ListaSimpleConCola,erase,final_nodo_prelocalizado,20360921,100000,99999,20,8,-1,NA,true,2118800,105940.000,1980020
listas,ListaSimpleConCola,erase,final_nodo_prelocalizado,20360921,100000,99999,20,9,-1,NA,true,2128600,106430.000,1980020
listas,ListaSimpleConCola,erase,final_nodo_prelocalizado,20360921,100000,99999,20,10,-1,NA,true,2239700,111985.000,1980020
listas,ListaSimpleConCola,addBefore,inicio_nodo_prelocalizado,20360921,100000,100001,20,1,-1,NA,true,1100,55.000,2000020
listas,ListaSimpleConCola,addBefore,inicio_nodo_prelocalizado,20360921,100000,100001,20,2,-1,NA,true,1000,50.000,2000020
listas,ListaSimpleConCola,addBefore,inicio_nodo_prelocalizado,20360921,100000,100001,20,3,-1,NA,true,100,5.000,2000020
listas,ListaSimpleConCola,addBefore,inicio_nodo_prelocalizado,20360921,100000,100001,20,4,-1,NA,true,0,0.000,2000020
listas,ListaSimpleConCola,addBefore,inicio_nodo_prelocalizado,20360921,100000,100001,20,5,-1,NA,true,1200,60.000,2000020
listas,ListaSimpleConCola,addBefore,inicio_nodo_prelocalizado,20360921,100000,100001,20,6,-1,NA,true,900,45.000,2000020
listas,ListaSimpleConCola,addBefore,inicio_nodo_prelocalizado,20360921,100000,100001,20,7,-1,NA,true,900,45.000,2000020
listas,ListaSimpleConCola,addBefore,inicio_nodo_prelocalizado,20360921,100000,100001,20,8,-1,NA,true,1200,60.000,2000020
listas,ListaSimpleConCola,addBefore,inicio_nodo_prelocalizado,20360921,100000,100001,20,9,-1,NA,true,900,45.000,2000020
listas,ListaSimpleConCola,addBefore,inicio_nodo_prelocalizado,20360921,100000,100001,20,10,-1,NA,true,0,0.000,2000020
listas,ListaSimpleConCola,addBefore,medio_nodo_prelocalizado,20360921,100000,100001,20,1,-1,NA,true,1044400,52220.000,2000020
listas,ListaSimpleConCola,addBefore,medio_nodo_prelocalizado,20360921,100000,100001,20,2,-1,NA,true,1036800,51840.000,2000020
listas,ListaSimpleConCola,addBefore,medio_nodo_prelocalizado,20360921,100000,100001,20,3,-1,NA,true,1037700,51885.000,2000020
listas,ListaSimpleConCola,addBefore,medio_nodo_prelocalizado,20360921,100000,100001,20,4,-1,NA,true,1055000,52750.000,2000020
listas,ListaSimpleConCola,addBefore,medio_nodo_prelocalizado,20360921,100000,100001,20,5,-1,NA,true,1048300,52415.000,2000020
listas,ListaSimpleConCola,addBefore,medio_nodo_prelocalizado,20360921,100000,100001,20,6,-1,NA,true,1046400,52320.000,2000020
listas,ListaSimpleConCola,addBefore,medio_nodo_prelocalizado,20360921,100000,100001,20,7,-1,NA,true,1036300,51815.000,2000020
listas,ListaSimpleConCola,addBefore,medio_nodo_prelocalizado,20360921,100000,100001,20,8,-1,NA,true,1044000,52200.000,2000020
listas,ListaSimpleConCola,addBefore,medio_nodo_prelocalizado,20360921,100000,100001,20,9,-1,NA,true,1032300,51615.000,2000020
listas,ListaSimpleConCola,addBefore,medio_nodo_prelocalizado,20360921,100000,100001,20,10,-1,NA,true,1050600,52530.000,2000020
listas,ListaSimpleConCola,addBefore,final_nodo_prelocalizado,20360921,100000,100001,20,1,-1,NA,true,2101800,105090.000,2000020
listas,ListaSimpleConCola,addBefore,final_nodo_prelocalizado,20360921,100000,100001,20,2,-1,NA,true,2100100,105005.000,2000020
listas,ListaSimpleConCola,addBefore,final_nodo_prelocalizado,20360921,100000,100001,20,3,-1,NA,true,2082700,104135.000,2000020
listas,ListaSimpleConCola,addBefore,final_nodo_prelocalizado,20360921,100000,100001,20,4,-1,NA,true,2070300,103515.000,2000020
listas,ListaSimpleConCola,addBefore,final_nodo_prelocalizado,20360921,100000,100001,20,5,-1,NA,true,2069600,103480.000,2000020
listas,ListaSimpleConCola,addBefore,final_nodo_prelocalizado,20360921,100000,100001,20,6,-1,NA,true,2127400,106370.000,2000020
listas,ListaSimpleConCola,addBefore,final_nodo_prelocalizado,20360921,100000,100001,20,7,-1,NA,true,2089000,104450.000,2000020
listas,ListaSimpleConCola,addBefore,final_nodo_prelocalizado,20360921,100000,100001,20,8,-1,NA,true,2082200,104110.000,2000020
listas,ListaSimpleConCola,addBefore,final_nodo_prelocalizado,20360921,100000,100001,20,9,-1,NA,true,2088700,104435.000,2000020
listas,ListaSimpleConCola,addBefore,final_nodo_prelocalizado,20360921,100000,100001,20,10,-1,NA,true,2814300,140715.000,2000020
listas,ListaSimpleConCola,addAfter,inicio_nodo_prelocalizado,20360921,100000,100001,20,1,-1,NA,true,700,35.000,2000020
listas,ListaSimpleConCola,addAfter,inicio_nodo_prelocalizado,20360921,100000,100001,20,2,-1,NA,true,300,15.000,2000020
listas,ListaSimpleConCola,addAfter,inicio_nodo_prelocalizado,20360921,100000,100001,20,3,-1,NA,true,400,20.000,2000020
listas,ListaSimpleConCola,addAfter,inicio_nodo_prelocalizado,20360921,100000,100001,20,4,-1,NA,true,200,10.000,2000020
listas,ListaSimpleConCola,addAfter,inicio_nodo_prelocalizado,20360921,100000,100001,20,5,-1,NA,true,500,25.000,2000020
listas,ListaSimpleConCola,addAfter,inicio_nodo_prelocalizado,20360921,100000,100001,20,6,-1,NA,true,600,30.000,2000020
listas,ListaSimpleConCola,addAfter,inicio_nodo_prelocalizado,20360921,100000,100001,20,7,-1,NA,true,300,15.000,2000020
listas,ListaSimpleConCola,addAfter,inicio_nodo_prelocalizado,20360921,100000,100001,20,8,-1,NA,true,700,35.000,2000020
listas,ListaSimpleConCola,addAfter,inicio_nodo_prelocalizado,20360921,100000,100001,20,9,-1,NA,true,500,25.000,2000020
listas,ListaSimpleConCola,addAfter,inicio_nodo_prelocalizado,20360921,100000,100001,20,10,-1,NA,true,800,40.000,2000020
listas,ListaSimpleConCola,addAfter,medio_nodo_prelocalizado,20360921,100000,100001,20,1,-1,NA,true,1600,80.000,2000020
listas,ListaSimpleConCola,addAfter,medio_nodo_prelocalizado,20360921,100000,100001,20,2,-1,NA,true,800,40.000,2000020
listas,ListaSimpleConCola,addAfter,medio_nodo_prelocalizado,20360921,100000,100001,20,3,-1,NA,true,1600,80.000,2000020
listas,ListaSimpleConCola,addAfter,medio_nodo_prelocalizado,20360921,100000,100001,20,4,-1,NA,true,1400,70.000,2000020
listas,ListaSimpleConCola,addAfter,medio_nodo_prelocalizado,20360921,100000,100001,20,5,-1,NA,true,800,40.000,2000020
listas,ListaSimpleConCola,addAfter,medio_nodo_prelocalizado,20360921,100000,100001,20,6,-1,NA,true,1000,50.000,2000020
listas,ListaSimpleConCola,addAfter,medio_nodo_prelocalizado,20360921,100000,100001,20,7,-1,NA,true,1200,60.000,2000020
listas,ListaSimpleConCola,addAfter,medio_nodo_prelocalizado,20360921,100000,100001,20,8,-1,NA,true,1000,50.000,2000020
listas,ListaSimpleConCola,addAfter,medio_nodo_prelocalizado,20360921,100000,100001,20,9,-1,NA,true,900,45.000,2000020
listas,ListaSimpleConCola,addAfter,medio_nodo_prelocalizado,20360921,100000,100001,20,10,-1,NA,true,600,30.000,2000020
listas,ListaSimpleConCola,addAfter,final_nodo_prelocalizado,20360921,100000,100001,20,1,-1,NA,true,700,35.000,2000020
listas,ListaSimpleConCola,addAfter,final_nodo_prelocalizado,20360921,100000,100001,20,2,-1,NA,true,800,40.000,2000020
listas,ListaSimpleConCola,addAfter,final_nodo_prelocalizado,20360921,100000,100001,20,3,-1,NA,true,1200,60.000,2000020
listas,ListaSimpleConCola,addAfter,final_nodo_prelocalizado,20360921,100000,100001,20,4,-1,NA,true,900,45.000,2000020
listas,ListaSimpleConCola,addAfter,final_nodo_prelocalizado,20360921,100000,100001,20,5,-1,NA,true,500,25.000,2000020
listas,ListaSimpleConCola,addAfter,final_nodo_prelocalizado,20360921,100000,100001,20,6,-1,NA,true,600,30.000,2000020
listas,ListaSimpleConCola,addAfter,final_nodo_prelocalizado,20360921,100000,100001,20,7,-1,NA,true,700,35.000,2000020
listas,ListaSimpleConCola,addAfter,final_nodo_prelocalizado,20360921,100000,100001,20,8,-1,NA,true,500,25.000,2000020
listas,ListaSimpleConCola,addAfter,final_nodo_prelocalizado,20360921,100000,100001,20,9,-1,NA,true,400,20.000,2000020
listas,ListaSimpleConCola,addAfter,final_nodo_prelocalizado,20360921,100000,100001,20,10,-1,NA,true,600,30.000,2000020
listas,ListaDobleSinCola,pushFront,general,20360921,100000,100001,2000,1,-1,NA,true,67300,33.650,-4294967296000
listas,ListaDobleSinCola,pushFront,general,20360921,100000,100001,2000,2,-1,NA,true,51000,25.500,-4294967296000
listas,ListaDobleSinCola,pushFront,general,20360921,100000,100001,2000,3,-1,NA,true,52400,26.200,-4294967296000
listas,ListaDobleSinCola,pushFront,general,20360921,100000,100001,2000,4,-1,NA,true,53200,26.600,-4294967296000
listas,ListaDobleSinCola,pushFront,general,20360921,100000,100001,2000,5,-1,NA,true,64400,32.200,-4294967296000
listas,ListaDobleSinCola,pushFront,general,20360921,100000,100001,2000,6,-1,NA,true,55900,27.950,-4294967296000
listas,ListaDobleSinCola,pushFront,general,20360921,100000,100001,2000,7,-1,NA,true,51500,25.750,-4294967296000
listas,ListaDobleSinCola,pushFront,general,20360921,100000,100001,2000,8,-1,NA,true,57500,28.750,-4294967296000
listas,ListaDobleSinCola,pushFront,general,20360921,100000,100001,2000,9,-1,NA,true,57000,28.500,-4294967296000
listas,ListaDobleSinCola,pushFront,general,20360921,100000,100001,2000,10,-1,NA,true,62000,31.000,-4294967296000
listas,ListaDobleSinCola,popFront,general,20360921,100000,99999,2000,1,-1,NA,true,47000,23.500,144448000
listas,ListaDobleSinCola,popFront,general,20360921,100000,99999,2000,2,-1,NA,true,47800,23.900,144448000
listas,ListaDobleSinCola,popFront,general,20360921,100000,99999,2000,3,-1,NA,true,45200,22.600,144448000
listas,ListaDobleSinCola,popFront,general,20360921,100000,99999,2000,4,-1,NA,true,46400,23.200,144448000
listas,ListaDobleSinCola,popFront,general,20360921,100000,99999,2000,5,-1,NA,true,45500,22.750,144448000
listas,ListaDobleSinCola,popFront,general,20360921,100000,99999,2000,6,-1,NA,true,48600,24.300,144448000
listas,ListaDobleSinCola,popFront,general,20360921,100000,99999,2000,7,-1,NA,true,46700,23.350,144448000
listas,ListaDobleSinCola,popFront,general,20360921,100000,99999,2000,8,-1,NA,true,46700,23.350,144448000
listas,ListaDobleSinCola,popFront,general,20360921,100000,99999,2000,9,-1,NA,true,45800,22.900,144448000
listas,ListaDobleSinCola,popFront,general,20360921,100000,99999,2000,10,-1,NA,true,47600,23.800,144448000
listas,ListaDobleSinCola,topFront,general,20360921,100000,100000,2000,1,-1,NA,true,3900,1.950,144448000
listas,ListaDobleSinCola,topFront,general,20360921,100000,100000,2000,2,-1,NA,true,4000,2.000,144448000
listas,ListaDobleSinCola,topFront,general,20360921,100000,100000,2000,3,-1,NA,true,3900,1.950,144448000
listas,ListaDobleSinCola,topFront,general,20360921,100000,100000,2000,4,-1,NA,true,4000,2.000,144448000
listas,ListaDobleSinCola,topFront,general,20360921,100000,100000,2000,5,-1,NA,true,5200,2.600,144448000
listas,ListaDobleSinCola,topFront,general,20360921,100000,100000,2000,6,-1,NA,true,4000,2.000,144448000
listas,ListaDobleSinCola,topFront,general,20360921,100000,100000,2000,7,-1,NA,true,4000,2.000,144448000
listas,ListaDobleSinCola,topFront,general,20360921,100000,100000,2000,8,-1,NA,true,4000,2.000,144448000
listas,ListaDobleSinCola,topFront,general,20360921,100000,100000,2000,9,-1,NA,true,4000,2.000,144448000
listas,ListaDobleSinCola,topFront,general,20360921,100000,100000,2000,10,-1,NA,true,4000,2.000,144448000
listas,ListaDobleSinCola,size,no_vacia,20360921,100000,100000,2000,1,-1,NA,true,3400,1.700,200000000
listas,ListaDobleSinCola,size,no_vacia,20360921,100000,100000,2000,2,-1,NA,true,3500,1.750,200000000
listas,ListaDobleSinCola,size,no_vacia,20360921,100000,100000,2000,3,-1,NA,true,3500,1.750,200000000
listas,ListaDobleSinCola,size,no_vacia,20360921,100000,100000,2000,4,-1,NA,true,3400,1.700,200000000
listas,ListaDobleSinCola,size,no_vacia,20360921,100000,100000,2000,5,-1,NA,true,3600,1.800,200000000
listas,ListaDobleSinCola,size,no_vacia,20360921,100000,100000,2000,6,-1,NA,true,3600,1.800,200000000
listas,ListaDobleSinCola,size,no_vacia,20360921,100000,100000,2000,7,-1,NA,true,3600,1.800,200000000
listas,ListaDobleSinCola,size,no_vacia,20360921,100000,100000,2000,8,-1,NA,true,3500,1.750,200000000
listas,ListaDobleSinCola,size,no_vacia,20360921,100000,100000,2000,9,-1,NA,true,3400,1.700,200000000
listas,ListaDobleSinCola,size,no_vacia,20360921,100000,100000,2000,10,-1,NA,true,3400,1.700,200000000
listas,ListaDobleSinCola,isEmpty,no_vacia,20360921,100000,100000,2000,1,-1,NA,true,2900,1.450,0
listas,ListaDobleSinCola,isEmpty,no_vacia,20360921,100000,100000,2000,2,-1,NA,true,3000,1.500,0
listas,ListaDobleSinCola,isEmpty,no_vacia,20360921,100000,100000,2000,3,-1,NA,true,2900,1.450,0
listas,ListaDobleSinCola,isEmpty,no_vacia,20360921,100000,100000,2000,4,-1,NA,true,2900,1.450,0
listas,ListaDobleSinCola,isEmpty,no_vacia,20360921,100000,100000,2000,5,-1,NA,true,3000,1.500,0
listas,ListaDobleSinCola,isEmpty,no_vacia,20360921,100000,100000,2000,6,-1,NA,true,3000,1.500,0
listas,ListaDobleSinCola,isEmpty,no_vacia,20360921,100000,100000,2000,7,-1,NA,true,2900,1.450,0
listas,ListaDobleSinCola,isEmpty,no_vacia,20360921,100000,100000,2000,8,-1,NA,true,3000,1.500,0
listas,ListaDobleSinCola,isEmpty,no_vacia,20360921,100000,100000,2000,9,-1,NA,true,3000,1.500,0
listas,ListaDobleSinCola,isEmpty,no_vacia,20360921,100000,100000,2000,10,-1,NA,true,3000,1.500,0
listas,ListaDobleSinCola,pushBack,general,20360921,100000,100001,20,1,-1,NA,true,2049900,102495.000,-42949672960
listas,ListaDobleSinCola,pushBack,general,20360921,100000,100001,20,2,-1,NA,true,2065800,103290.000,-42949672960
listas,ListaDobleSinCola,pushBack,general,20360921,100000,100001,20,3,-1,NA,true,2189000,109450.000,-42949672960
listas,ListaDobleSinCola,pushBack,general,20360921,100000,100001,20,4,-1,NA,true,2182700,109135.000,-42949672960
listas,ListaDobleSinCola,pushBack,general,20360921,100000,100001,20,5,-1,NA,true,2093700,104685.000,-42949672960
listas,ListaDobleSinCola,pushBack,general,20360921,100000,100001,20,6,-1,NA,true,2317600,115880.000,-42949672960
listas,ListaDobleSinCola,pushBack,general,20360921,100000,100001,20,7,-1,NA,true,2094400,104720.000,-42949672960
listas,ListaDobleSinCola,pushBack,general,20360921,100000,100001,20,8,-1,NA,true,2066500,103325.000,-42949672960
listas,ListaDobleSinCola,pushBack,general,20360921,100000,100001,20,9,-1,NA,true,2157500,107875.000,-42949672960
listas,ListaDobleSinCola,pushBack,general,20360921,100000,100001,20,10,-1,NA,true,2085800,104290.000,-42949672960
listas,ListaDobleSinCola,popBack,general,20360921,100000,99999,20,1,-1,NA,true,2081700,104085.000,1980020
listas,ListaDobleSinCola,popBack,general,20360921,100000,99999,20,2,-1,NA,true,2132700,106635.000,1980020
listas,ListaDobleSinCola,popBack,general,20360921,100000,99999,20,3,-1,NA,true,2080100,104005.000,1980020
listas,ListaDobleSinCola,popBack,general,20360921,100000,99999,20,4,-1,NA,true,2117000,105850.000,1980020
listas,ListaDobleSinCola,popBack,general,20360921,100000,99999,20,5,-1,NA,true,2129400,106470.000,1980020
listas,ListaDobleSinCola,popBack,general,20360921,100000,99999,20,6,-1,NA,true,2062400,103120.000,1980020
listas,ListaDobleSinCola,popBack,general,20360921,100000,99999,20,7,-1,NA,true,2078600,103930.000,1980020
listas,ListaDobleSinCola,popBack,general,20360921,100000,99999,20,8,-1,NA,true,2095500,104775.000,1980020
listas,ListaDobleSinCola,popBack,general,20360921,100000,99999,20,9,-1,NA,true,2125700,106285.000,1980020
listas,ListaDobleSinCola,popBack,general,20360921,100000,99999,20,10,-1,NA,true,2091100,104555.000,1980020
listas,ListaDobleSinCola,topBack,general,20360921,100000,100000,20,1,-1,NA,true,2135100,106755.000,1980020
listas,ListaDobleSinCola,topBack,general,20360921,100000,100000,20,2,-1,NA,true,2096800,104840.000,1980020
listas,ListaDobleSinCola,topBack,general,20360921,100000,100000,20,3,-1,NA,true,2072700,103635.000,1980020
listas,ListaDobleSinCola,topBack,general,20360921,100000,100000,20,4,-1,NA,true,2132300,106615.000,1980020
listas,ListaDobleSinCola,topBack,general,20360921,100000,100000,20,5,-1,NA,true,2097900,104895.000,1980020
listas,ListaDobleSinCola,topBack,general,20360921,100000,100000,20,6,-1,NA,true,2107500,105375.000,1980020
listas,ListaDobleSinCola,topBack,general,20360921,100000,100000,20,7,-1,NA,true,2165900,108295.000,1980020
listas,ListaDobleSinCola,topBack,general,20360921,100000,100000,20,8,-1,NA,true,2082900,104145.000,1980020
listas,ListaDobleSinCola,topBack,general,20360921,100000,100000,20,9,-1,NA,true,2188800,109440.000,1980020
listas,ListaDobleSinCola,topBack,general,20360921,100000,100000,20,10,-1,NA,true,2095400,104770.000,1980020
listas,ListaDobleSinCola,find,inicio,20360921,100000,100000,20,1,-1,NA,true,500,25.000,11834472440
listas,ListaDobleSinCola,find,inicio,20360921,100000,100000,20,2,-1,NA,true,300,15.000,23334539560
listas,ListaDobleSinCola,find,inicio,20360921,100000,100000,20,3,-1,NA,true,400,20.000,1907918320
listas,ListaDobleSinCola,find,inicio,20360921,100000,100000,20,4,-1,NA,true,500,25.000,37121126900
listas,ListaDobleSinCola,find,inicio,20360921,100000,100000,20,5,-1,NA,true,500,25.000,35570700300
listas,ListaDobleSinCola,find,inicio,20360921,100000,100000,20,6,-1,NA,true,500,25.000,40645020840
listas,ListaDobleSinCola,find,inicio,20360921,100000,100000,20,7,-1,NA,true,500,25.000,488663240
listas,ListaDobleSinCola,find,inicio,20360921,100000,100000,20,8,-1,NA,true,600,30.000,34501958900
listas,ListaDobleSinCola,find,inicio,20360921,100000,100000,20,9,-1,NA,true,400,20.000,10396426680
listas,ListaDobleSinCola,find,inicio,20360921,100000,100000,20,10,-1,NA,true,500,25.000,35625122780
listas,ListaDobleSinCola,find,medio,20360921,100000,100000,20,1,-1,NA,true,1065200,53260.000,29275154900
listas,ListaDobleSinCola,find,medio,20360921,100000,100000,20,2,-1,NA,true,1071000,53550.000,30505247540
listas,ListaDobleSinCola,find,medio,20360921,100000,100000,20,3,-1,NA,true,1048400,52420.000,36755214780
listas,ListaDobleSinCola,find,medio,20360921,100000,100000,20,4,-1,NA,true,1096300,54815.000,28368565260
listas,ListaDobleSinCola,find,medio,20360921,100000,100000,20,5,-1,NA,true,1061900,53095.000,41198084560
listas,ListaDobleSinCola,find,medio,20360921,100000,100000,20,6,-1,NA,true,1050300,52515.000,36732863780
listas,ListaDobleSinCola,find,medio,20360921,100000,100000,20,7,-1,NA,true,1052100,52605.000,27106320020
listas,ListaDobleSinCola,find,medio,20360921,100000,100000,20,8,-1,NA,true,1107500,55375.000,31949240800
listas,ListaDobleSinCola,find,medio,20360921,100000,100000,20,9,-1,NA,true,1068600,53430.000,8074330200
listas,ListaDobleSinCola,find,medio,20360921,100000,100000,20,10,-1,NA,true,1053800,52690.000,17062393320
listas,ListaDobleSinCola,find,final,20360921,100000,100000,20,1,-1,NA,true,2237300,111865.000,29176988380
listas,ListaDobleSinCola,find,final,20360921,100000,100000,20,2,-1,NA,true,2119800,105990.000,36496712100
listas,ListaDobleSinCola,find,final,20360921,100000,100000,20,3,-1,NA,true,2106000,105300.000,19633228460
listas,ListaDobleSinCola,find,final,20360921,100000,100000,20,4,-1,NA,true,2100400,105020.000,5389360740
listas,ListaDobleSinCola,find,final,20360921,100000,100000,20,5,-1,NA,true,2170100,108505.000,33631913300
listas,ListaDobleSinCola,find,final,20360921,100000,100000,20,6,-1,NA,true,2178200,108910.000,15757342140
listas,ListaDobleSinCola,find,final,20360921,100000,100000,20,7,-1,NA,true,2124200,106210.000,1149887280
listas,ListaDobleSinCola,find,final,20360921,100000,100000,20,8,-1,NA,true,2150700,107535.000,36575157060
listas,ListaDobleSinCola,find,final,20360921,100000,100000,20,9,-1,NA,true,2119100,105955.000,27493552500
listas,ListaDobleSinCola,find,final,20360921,100000,100000,20,10,-1,NA,true,2485300,124265.000,26912723720
listas,ListaDobleSinCola,find,ausente,20360921,100000,100000,20,1,-1,NA,true,2106400,105320.000,20
listas,ListaDobleSinCola,find,ausente,20360921,100000,100000,20,2,-1,NA,true,2187200,109360.000,20
listas,ListaDobleSinCola,find,ausente,20360921,100000,100000,20,3,-1,NA,true,2219800,110990.000,20
listas,ListaDobleSinCola,find,ausente,20360921,100000,100000,20,4,-1,NA,true,2178200,108910.000,20
listas,ListaDobleSinCola,find,ausente,20360921,100000,100000,20,5,-1,NA,true,2090600,104530.000,20
listas,ListaDobleSinCola,find,ausente,20360921,100000,100000,20,6,-1,NA,true,2114000,105700.000,20
listas,ListaDobleSinCola,find,ausente,20360921,100000,100000,20,7,-1,NA,true,2177900,108895.000,20
listas,ListaDobleSinCola,find,ausente,20360921,100000,100000,20,8,-1,NA,true,2108700,105435.000,20
listas,ListaDobleSinCola,find,ausente,20360921,100000,100000,20,9,-1,NA,true,2178100,108905.000,20
listas,ListaDobleSinCola,find,ausente,20360921,100000,100000,20,10,-1,NA,true,2107700,105385.000,20
listas,ListaDobleSinCola,erase,inicio_nodo_prelocalizado,20360921,100000,99999,20,1,-1,NA,true,600,30.000,1444480
listas,ListaDobleSinCola,erase,inicio_nodo_prelocalizado,20360921,100000,99999,20,2,-1,NA,true,100,5.000,1444480
listas,ListaDobleSinCola,erase,inicio_nodo_prelocalizado,20360921,100000,99999,20,3,-1,NA,true,600,30.000,1444480
listas,ListaDobleSinCola,erase,inicio_nodo_prelocalizado,20360921,100000,99999,20,4,-1,NA,true,600,30.000,1444480
listas,ListaDobleSinCola,erase,inicio_nodo_prelocalizado,20360921,100000,99999,20,5,-1,NA,true,900,45.000,1444480
listas,ListaDobleSinCola,erase,inicio_nodo_prelocalizado,20360921,100000,99999,20,6,-1,NA,true,200,10.000,1444480
listas,ListaDobleSinCola,erase,inicio_nodo_prelocalizado,20360921,100000,99999,20,7,-1,NA,true,400,20.000,1444480
listas,ListaDobleSinCola,erase,inicio_nodo_prelocalizado,20360921,100000,99999,20,8,-1,NA,true,500,25.000,1444480
listas,ListaDobleSinCola,erase,inicio_nodo_prelocalizado,20360921,100000,99999,20,9,-1,NA,true,500,25.000,1444480
listas,ListaDobleSinCola,erase,inicio_nodo_prelocalizado,20360921,100000,99999,20,10,-1,NA,true,800,40.000,1444480
listas,ListaDobleSinCola,erase,medio_nodo_prelocalizado,20360921,100000,99999,20,1,-1,NA,true,1000,50.000,1593420
listas,ListaDobleSinCola,erase,medio_nodo_prelocalizado,20360921,100000,99999,20,2,-1,NA,true,700,35.000,1593420
listas,ListaDobleSinCola,erase,medio_nodo_prelocalizado,20360921,100000,99999,20,3,-1,NA,true,500,25.000,1593420
listas,ListaDobleSinCola,erase,medio_nodo_prelocalizado,20360921,100000,99999,20,4,-1,NA,true,600,30.000,1593420
listas,ListaDobleSinCola,erase,medio_nodo_prelocalizado,20360921,100000,99999,20,5,-1,NA,true,700,35.000,1593420
listas,ListaDobleSinCola,erase,medio_nodo_prelocalizado,20360921,100000,99999,20,6,-1,NA,true,800,40.000,1593420
listas,ListaDobleSinCola,erase,medio_nodo_prelocalizado,20360921,100000,99999,20,7,-1,NA,true,900,45.000,1593420
listas,ListaDobleSinCola,erase,medio_nodo_prelocalizado,20360921,100000,99999,20,8,-1,NA,true,600,30.000,1593420
listas,ListaDobleSinCola,erase,medio_nodo_prelocalizado,20360921,100000,99999,20,9,-1,NA,true,900,45.000,1593420
listas,ListaDobleSinCola,erase,medio_nodo_prelocalizado,20360921,100000,99999,20,10,-1,NA,true,1300,65.000,1593420
listas,ListaDobleSinCola,erase,final_nodo_prelocalizado,20360921,100000,99999,20,1,-1,NA,true,1000,50.000,1980020
listas,ListaDobleSinCola,erase,final_nodo_prelocalizado,20360921,100000,99999,20,2,-1,NA,true,500,25.000,1980020
listas,ListaDobleSinCola,erase,final_nodo_prelocalizado,20360921,100000,99999,20,3,-1,NA,true,900,45.000,1980020
listas,ListaDobleSinCola,erase,final_nodo_prelocalizado,20360921,100000,99999,20,4,-1,NA,true,600,30.000,1980020
listas,ListaDobleSinCola,erase,final_nodo_prelocalizado,20360921,100000,99999,20,5,-1,NA,true,700,35.000,1980020
listas,ListaDobleSinCola,erase,final_nodo_prelocalizado,20360921,100000,99999,20,6,-1,NA,true,200,10.000,1980020
listas,ListaDobleSinCola,erase,final_nodo_prelocalizado,20360921,100000,99999,20,7,-1,NA,true,1000,50.000,1980020
listas,ListaDobleSinCola,erase,final_nodo_prelocalizado,20360921,100000,99999,20,8,-1,NA,true,200,10.000,1980020
listas,ListaDobleSinCola,erase,final_nodo_prelocalizado,20360921,100000,99999,20,9,-1,NA,true,600,30.000,1980020
listas,ListaDobleSinCola,erase,final_nodo_prelocalizado,20360921,100000,99999,20,10,-1,NA,true,500,25.000,1980020
listas,ListaDobleSinCola,addBefore,inicio_nodo_prelocalizado,20360921,100000,100001,20,1,-1,NA,true,1000,50.000,2000020
listas,ListaDobleSinCola,addBefore,inicio_nodo_prelocalizado,20360921,100000,100001,20,2,-1,NA,true,700,35.000,2000020
listas,ListaDobleSinCola,addBefore,inicio_nodo_prelocalizado,20360921,100000,100001,20,3,-1,NA,true,1000,50.000,2000020
listas,ListaDobleSinCola,addBefore,inicio_nodo_prelocalizado,20360921,100000,100001,20,4,-1,NA,true,1000,50.000,2000020
listas,ListaDobleSinCola,addBefore,inicio_nodo_prelocalizado,20360921,100000,100001,20,5,-1,NA,true,700,35.000,2000020
listas,ListaDobleSinCola,addBefore,inicio_nodo_prelocalizado,20360921,100000,100001,20,6,-1,NA,true,1000,50.000,2000020
listas,ListaDobleSinCola,addBefore,inicio_nodo_prelocalizado,20360921,100000,100001,20,7,-1,NA,true,0,0.000,2000020
listas,ListaDobleSinCola,addBefore,inicio_nodo_prelocalizado,20360921,100000,100001,20,8,-1,NA,true,1000,50.000,2000020
listas,ListaDobleSinCola,addBefore,inicio_nodo_prelocalizado,20360921,100000,100001,20,9,-1,NA,true,0,0.000,2000020
listas,ListaDobleSinCola,addBefore,inicio_nodo_prelocalizado,20360921,100000,100001,20,10,-1,NA,true,500,25.000,2000020
listas,ListaDobleSinCola,addBefore,medio_nodo_prelocalizado,20360921,100000,100001,20,1,-1,NA,true,600,30.000,2000020
listas,ListaDobleSinCola,addBefore,medio_nodo_prelocalizado,20360921,100000,100001,20,2,-1,NA,true,900,45.000,2000020
listas,ListaDobleSinCola,addBefore,medio_nodo_prelocalizado,20360921,100000,100001,20,3,-1,NA,true,600,30.000,2000020
listas,ListaDobleSinCola,addBefore,medio_nodo_prelocalizado,20360921,100000,100001,20,4,-1,NA,true,400,20.000,2000020
listas,ListaDobleSinCola,addBefore,medio_nodo_prelocalizado,20360921,100000,100001,20,5,-1,NA,true,1100,55.000,2000020
listas,ListaDobleSinCola,addBefore,medio_nodo_prelocalizado,20360921,100000,100001,20,6,-1,NA,true,400,20.000,2000020
listas,ListaDobleSinCola,addBefore,medio_nodo_prelocalizado,20360921,100000,100001,20,7,-1,NA,true,700,35.000,2000020
listas,ListaDobleSinCola,addBefore,medio_nodo_prelocalizado,20360921,100000,100001,20,8,-1,NA,true,600,30.000,2000020
listas,ListaDobleSinCola,addBefore,medio_nodo_prelocalizado,20360921,100000,100001,20,9,-1,NA,true,600,30.000,2000020
listas,ListaDobleSinCola,addBefore,medio_nodo_prelocalizado,20360921,100000,100001,20,10,-1,NA,true,400,20.000,2000020
listas,ListaDobleSinCola,addBefore,final_nodo_prelocalizado,20360921,100000,100001,20,1,-1,NA,true,300,15.000,2000020
listas,ListaDobleSinCola,addBefore,final_nodo_prelocalizado,20360921,100000,100001,20,2,-1,NA,true,300,15.000,2000020
listas,ListaDobleSinCola,addBefore,final_nodo_prelocalizado,20360921,100000,100001,20,3,-1,NA,true,700,35.000,2000020
listas,ListaDobleSinCola,addBefore,final_nodo_prelocalizado,20360921,100000,100001,20,4,-1,NA,true,900,45.000,2000020
listas,ListaDobleSinCola,addBefore,final_nodo_prelocalizado,20360921,100000,100001,20,5,-1,NA,true,600,30.000,2000020
listas,ListaDobleSinCola,addBefore,final_nodo_prelocalizado,20360921,100000,100001,20,6,-1,NA,true,900,45.000,2000020
listas,ListaDobleSinCola,addBefore,final_nodo_prelocalizado,20360921,100000,100001,20,7,-1,NA,true,600,30.000,2000020
listas,ListaDobleSinCola,addBefore,final_nodo_prelocalizado,20360921,100000,100001,20,8,-1,NA,true,400,20.000,2000020
listas,ListaDobleSinCola,addBefore,final_nodo_prelocalizado,20360921,100000,100001,20,9,-1,NA,true,900,45.000,2000020
listas,ListaDobleSinCola,addBefore,final_nodo_prelocalizado,20360921,100000,100001,20,10,-1,NA,true,700,35.000,2000020
listas,ListaDobleSinCola,addAfter,inicio_nodo_prelocalizado,20360921,100000,100001,20,1,-1,NA,true,900,45.000,2000020
listas,ListaDobleSinCola,addAfter,inicio_nodo_prelocalizado,20360921,100000,100001,20,2,-1,NA,true,400,20.000,2000020
listas,ListaDobleSinCola,addAfter,inicio_nodo_prelocalizado,20360921,100000,100001,20,3,-1,NA,true,0,0.000,2000020
listas,ListaDobleSinCola,addAfter,inicio_nodo_prelocalizado,20360921,100000,100001,20,4,-1,NA,true,0,0.000,2000020
listas,ListaDobleSinCola,addAfter,inicio_nodo_prelocalizado,20360921,100000,100001,20,5,-1,NA,true,0,0.000,2000020
listas,ListaDobleSinCola,addAfter,inicio_nodo_prelocalizado,20360921,100000,100001,20,6,-1,NA,true,0,0.000,2000020
listas,ListaDobleSinCola,addAfter,inicio_nodo_prelocalizado,20360921,100000,100001,20,7,-1,NA,true,200,10.000,2000020
listas,ListaDobleSinCola,addAfter,inicio_nodo_prelocalizado,20360921,100000,100001,20,8,-1,NA,true,1600,80.000,2000020
listas,ListaDobleSinCola,addAfter,inicio_nodo_prelocalizado,20360921,100000,100001,20,9,-1,NA,true,0,0.000,2000020
listas,ListaDobleSinCola,addAfter,inicio_nodo_prelocalizado,20360921,100000,100001,20,10,-1,NA,true,0,0.000,2000020
listas,ListaDobleSinCola,addAfter,medio_nodo_prelocalizado,20360921,100000,100001,20,1,-1,NA,true,800,40.000,2000020
listas,ListaDobleSinCola,addAfter,medio_nodo_prelocalizado,20360921,100000,100001,20,2,-1,NA,true,800,40.000,2000020
listas,ListaDobleSinCola,addAfter,medio_nodo_prelocalizado,20360921,100000,100001,20,3,-1,NA,true,300,15.000,2000020
listas,ListaDobleSinCola,addAfter,medio_nodo_prelocalizado,20360921,100000,100001,20,4,-1,NA,true,800,40.000,2000020
listas,ListaDobleSinCola,addAfter,medio_nodo_prelocalizado,20360921,100000,100001,20,5,-1,NA,true,600,30.000,2000020
listas,ListaDobleSinCola,addAfter,medio_nodo_prelocalizado,20360921,100000,100001,20,6,-1,NA,true,300,15.000,2000020
listas,ListaDobleSinCola,addAfter,medio_nodo_prelocalizado,20360921,100000,100001,20,7,-1,NA,true,400,20.000,2000020
listas,ListaDobleSinCola,addAfter,medio_nodo_prelocalizado,20360921,100000,100001,20,8,-1,NA,true,200,10.000,2000020
listas,ListaDobleSinCola,addAfter,medio_nodo_prelocalizado,20360921,100000,100001,20,9,-1,NA,true,700,35.000,2000020
listas,ListaDobleSinCola,addAfter,medio_nodo_prelocalizado,20360921,100000,100001,20,10,-1,NA,true,700,35.000,2000020
listas,ListaDobleSinCola,addAfter,final_nodo_prelocalizado,20360921,100000,100001,20,1,-1,NA,true,900,45.000,2000020
listas,ListaDobleSinCola,addAfter,final_nodo_prelocalizado,20360921,100000,100001,20,2,-1,NA,true,600,30.000,2000020
listas,ListaDobleSinCola,addAfter,final_nodo_prelocalizado,20360921,100000,100001,20,3,-1,NA,true,400,20.000,2000020
listas,ListaDobleSinCola,addAfter,final_nodo_prelocalizado,20360921,100000,100001,20,4,-1,NA,true,800,40.000,2000020
listas,ListaDobleSinCola,addAfter,final_nodo_prelocalizado,20360921,100000,100001,20,5,-1,NA,true,300,15.000,2000020
listas,ListaDobleSinCola,addAfter,final_nodo_prelocalizado,20360921,100000,100001,20,6,-1,NA,true,400,20.000,2000020
listas,ListaDobleSinCola,addAfter,final_nodo_prelocalizado,20360921,100000,100001,20,7,-1,NA,true,600,30.000,2000020
listas,ListaDobleSinCola,addAfter,final_nodo_prelocalizado,20360921,100000,100001,20,8,-1,NA,true,1000,50.000,2000020
listas,ListaDobleSinCola,addAfter,final_nodo_prelocalizado,20360921,100000,100001,20,9,-1,NA,true,400,20.000,2000020
listas,ListaDobleSinCola,addAfter,final_nodo_prelocalizado,20360921,100000,100001,20,10,-1,NA,true,800,40.000,2000020
listas,ListaDobleConCola,pushFront,general,20360921,100000,100001,2000,1,-1,NA,true,46600,23.300,-4294967296000
listas,ListaDobleConCola,pushFront,general,20360921,100000,100001,2000,2,-1,NA,true,46500,23.250,-4294967296000
listas,ListaDobleConCola,pushFront,general,20360921,100000,100001,2000,3,-1,NA,true,46600,23.300,-4294967296000
listas,ListaDobleConCola,pushFront,general,20360921,100000,100001,2000,4,-1,NA,true,48400,24.200,-4294967296000
listas,ListaDobleConCola,pushFront,general,20360921,100000,100001,2000,5,-1,NA,true,49700,24.850,-4294967296000
listas,ListaDobleConCola,pushFront,general,20360921,100000,100001,2000,6,-1,NA,true,46200,23.100,-4294967296000
listas,ListaDobleConCola,pushFront,general,20360921,100000,100001,2000,7,-1,NA,true,46600,23.300,-4294967296000
listas,ListaDobleConCola,pushFront,general,20360921,100000,100001,2000,8,-1,NA,true,50400,25.200,-4294967296000
listas,ListaDobleConCola,pushFront,general,20360921,100000,100001,2000,9,-1,NA,true,46700,23.350,-4294967296000
listas,ListaDobleConCola,pushFront,general,20360921,100000,100001,2000,10,-1,NA,true,46100,23.050,-4294967296000
listas,ListaDobleConCola,popFront,general,20360921,100000,99999,2000,1,-1,NA,true,45800,22.900,144448000
listas,ListaDobleConCola,popFront,general,20360921,100000,99999,2000,2,-1,NA,true,45300,22.650,144448000
listas,ListaDobleConCola,popFront,general,20360921,100000,99999,2000,3,-1,NA,true,51100,25.550,144448000
listas,ListaDobleConCola,popFront,general,20360921,100000,99999,2000,4,-1,NA,true,51000,25.500,144448000
listas,ListaDobleConCola,popFront,general,20360921,100000,99999,2000,5,-1,NA,true,48000,24.000,144448000
listas,ListaDobleConCola,popFront,general,20360921,100000,99999,2000,6,-1,NA,true,50000,25.000,144448000
listas,ListaDobleConCola,popFront,general,20360921,100000,99999,2000,7,-1,NA,true,48700,24.350,144448000
listas,ListaDobleConCola,popFront,general,20360921,100000,99999,2000,8,-1,NA,true,46600,23.300,144448000
listas,ListaDobleConCola,popFront,general,20360921,100000,99999,2000,9,-1,NA,true,45700,22.850,144448000
listas,ListaDobleConCola,popFront,general,20360921,100000,99999,2000,10,-1,NA,true,45700,22.850,144448000
listas,ListaDobleConCola,topFront,general,20360921,100000,100000,2000,1,-1,NA,true,4000,2.000,144448000
listas,ListaDobleConCola,topFront,general,20360921,100000,100000,2000,2,-1,NA,true,4000,2.000,144448000
listas,ListaDobleConCola,topFront,general,20360921,100000,100000,2000,3,-1,NA,true,4000,2.000,144448000
listas,ListaDobleConCola,topFront,general,20360921,100000,100000,2000,4,-1,NA,true,3900,1.950,144448000
listas,ListaDobleConCola,topFront,general,20360921,100000,100000,2000,5,-1,NA,true,4100,2.050,144448000
listas,ListaDobleConCola,topFront,general,20360921,100000,100000,2000,6,-1,NA,true,5200,2.600,144448000
listas,ListaDobleConCola,topFront,general,20360921,100000,100000,2000,7,-1,NA,true,4000,2.000,144448000
listas,ListaDobleConCola,topFront,general,20360921,100000,100000,2000,8,-1,NA,true,4000,2.000,144448000
listas,ListaDobleConCola,topFront,general,20360921,100000,100000,2000,9,-1,NA,true,4000,2.000,144448000
listas,ListaDobleConCola,topFront,general,20360921,100000,100000,2000,10,-1,NA,true,4800,2.400,144448000
listas,ListaDobleConCola,size,no_vacia,20360921,100000,100000,2000,1,-1,NA,true,3500,1.750,200000000
listas,ListaDobleConCola,size,no_vacia,20360921,100000,100000,2000,2,-1,NA,true,3500,1.750,200000000
listas,ListaDobleConCola,size,no_vacia,20360921,100000,100000,2000,3,-1,NA,true,5100,2.550,200000000
listas,ListaDobleConCola,size,no_vacia,20360921,100000,100000,2000,4,-1,NA,true,3500,1.750,200000000
listas,ListaDobleConCola,size,no_vacia,20360921,100000,100000,2000,5,-1,NA,true,3600,1.800,200000000
listas,ListaDobleConCola,size,no_vacia,20360921,100000,100000,2000,6,-1,NA,true,3500,1.750,200000000
listas,ListaDobleConCola,size,no_vacia,20360921,100000,100000,2000,7,-1,NA,true,3500,1.750,200000000
listas,ListaDobleConCola,size,no_vacia,20360921,100000,100000,2000,8,-1,NA,true,3500,1.750,200000000
listas,ListaDobleConCola,size,no_vacia,20360921,100000,100000,2000,9,-1,NA,true,3500,1.750,200000000
listas,ListaDobleConCola,size,no_vacia,20360921,100000,100000,2000,10,-1,NA,true,3500,1.750,200000000
listas,ListaDobleConCola,isEmpty,no_vacia,20360921,100000,100000,2000,1,-1,NA,true,3000,1.500,0
listas,ListaDobleConCola,isEmpty,no_vacia,20360921,100000,100000,2000,2,-1,NA,true,2900,1.450,0
listas,ListaDobleConCola,isEmpty,no_vacia,20360921,100000,100000,2000,3,-1,NA,true,3000,1.500,0
listas,ListaDobleConCola,isEmpty,no_vacia,20360921,100000,100000,2000,4,-1,NA,true,3000,1.500,0
listas,ListaDobleConCola,isEmpty,no_vacia,20360921,100000,100000,2000,5,-1,NA,true,3000,1.500,0
listas,ListaDobleConCola,isEmpty,no_vacia,20360921,100000,100000,2000,6,-1,NA,true,2900,1.450,0
listas,ListaDobleConCola,isEmpty,no_vacia,20360921,100000,100000,2000,7,-1,NA,true,3000,1.500,0
listas,ListaDobleConCola,isEmpty,no_vacia,20360921,100000,100000,2000,8,-1,NA,true,3000,1.500,0
listas,ListaDobleConCola,isEmpty,no_vacia,20360921,100000,100000,2000,9,-1,NA,true,3000,1.500,0
listas,ListaDobleConCola,isEmpty,no_vacia,20360921,100000,100000,2000,10,-1,NA,true,2900,1.450,0
listas,ListaDobleConCola,pushBack,general,20360921,100000,100001,20,1,-1,NA,true,400,20.000,-42949672960
listas,ListaDobleConCola,pushBack,general,20360921,100000,100001,20,2,-1,NA,true,700,35.000,-42949672960
listas,ListaDobleConCola,pushBack,general,20360921,100000,100001,20,3,-1,NA,true,800,40.000,-42949672960
listas,ListaDobleConCola,pushBack,general,20360921,100000,100001,20,4,-1,NA,true,400,20.000,-42949672960
listas,ListaDobleConCola,pushBack,general,20360921,100000,100001,20,5,-1,NA,true,700,35.000,-42949672960
listas,ListaDobleConCola,pushBack,general,20360921,100000,100001,20,6,-1,NA,true,300,15.000,-42949672960
listas,ListaDobleConCola,pushBack,general,20360921,100000,100001,20,7,-1,NA,true,400,20.000,-42949672960
listas,ListaDobleConCola,pushBack,general,20360921,100000,100001,20,8,-1,NA,true,600,30.000,-42949672960
listas,ListaDobleConCola,pushBack,general,20360921,100000,100001,20,9,-1,NA,true,400,20.000,-42949672960
listas,ListaDobleConCola,pushBack,general,20360921,100000,100001,20,10,-1,NA,true,100,5.000,-42949672960
listas,ListaDobleConCola,popBack,general,20360921,100000,99999,20,1,-1,NA,true,400,20.000,1980020
listas,ListaDobleConCola,popBack,general,20360921,100000,99999,20,2,-1,NA,true,600,30.000,1980020
listas,ListaDobleConCola,popBack,general,20360921,100000,99999,20,3,-1,NA,true,500,25.000,1980020
listas,ListaDobleConCola,popBack,general,20360921,100000,99999,20,4,-1,NA,true,500,25.000,1980020
listas,ListaDobleConCola,popBack,general,20360921,100000,99999,20,5,-1,NA,true,600,30.000,1980020
listas,ListaDobleConCola,popBack,general,20360921,100000,99999,20,6,-1,NA,true,1400,70.000,1980020
listas,ListaDobleConCola,popBack,general,20360921,100000,99999,20,7,-1,NA,true,600,30.000,1980020
listas,ListaDobleConCola,popBack,general,20360921,100000,99999,20,8,-1,NA,true,500,25.000,1980020
listas,ListaDobleConCola,popBack,general,20360921,100000,99999,20,9,-1,NA,true,500,25.000,1980020
listas,ListaDobleConCola,popBack,general,20360921,100000,99999,20,10,-1,NA,true,600,30.000,1980020
listas,ListaDobleConCola,topBack,general,20360921,100000,100000,20,1,-1,NA,true,200,10.000,1980020
listas,ListaDobleConCola,topBack,general,20360921,100000,100000,20,2,-1,NA,true,200,10.000,1980020
listas,ListaDobleConCola,topBack,general,20360921,100000,100000,20,3,-1,NA,true,100,5.000,1980020
listas,ListaDobleConCola,topBack,general,20360921,100000,100000,20,4,-1,NA,true,100,5.000,1980020
listas,ListaDobleConCola,topBack,general,20360921,100000,100000,20,5,-1,NA,true,100,5.000,1980020
listas,ListaDobleConCola,topBack,general,20360921,100000,100000,20,6,-1,NA,true,100,5.000,1980020
listas,ListaDobleConCola,topBack,general,20360921,100000,100000,20,7,-1,NA,true,100,5.000,1980020
listas,ListaDobleConCola,topBack,general,20360921,100000,100000,20,8,-1,NA,true,100,5.000,1980020
listas,ListaDobleConCola,topBack,general,20360921,100000,100000,20,9,-1,NA,true,200,10.000,1980020
listas,ListaDobleConCola,topBack,general,20360921,100000,100000,20,10,-1,NA,true,100,5.000,1980020
listas,ListaDobleConCola,find,inicio,20360921,100000,100000,20,1,-1,NA,true,500,25.000,38707310440
listas,ListaDobleConCola,find,inicio,20360921,100000,100000,20,2,-1,NA,true,400,20.000,29660445760
listas,ListaDobleConCola,find,inicio,20360921,100000,100000,20,3,-1,NA,true,300,15.000,23195707780
listas,ListaDobleConCola,find,inicio,20360921,100000,100000,20,4,-1,NA,true,500,25.000,28219737460
listas,ListaDobleConCola,find,inicio,20360921,100000,100000,20,5,-1,NA,true,400,20.000,42204916100
listas,ListaDobleConCola,find,inicio,20360921,100000,100000,20,6,-1,NA,true,400,20.000,4420732680
listas,ListaDobleConCola,find,inicio,20360921,100000,100000,20,7,-1,NA,true,300,15.000,26701003860
listas,ListaDobleConCola,find,inicio,20360921,100000,100000,20,8,-1,NA,true,400,20.000,28367418260
listas,ListaDobleConCola,find,inicio,20360921,100000,100000,20,9,-1,NA,true,400,20.000,7827194840
listas,ListaDobleConCola,find,inicio,20360921,100000,100000,20,10,-1,NA,true,500,25.000,41637070680
listas,ListaDobleConCola,find,medio,20360921,100000,100000,20,1,-1,NA,true,1098100,54905.000,34683228200
listas,ListaDobleConCola,find,medio,20360921,100000,100000,20,2,-1,NA,true,1057300,52865.000,27292297000
listas,ListaDobleConCola,find,medio,20360921,100000,100000,20,3,-1,NA,true,1313300,65665.000,24221527380
listas,ListaDobleConCola,find,medio,20360921,100000,100000,20,4,-1,NA,true,1195000,59750.000,7239867140
listas,ListaDobleConCola,find,medio,20360921,100000,100000,20,5,-1,NA,true,1121100,56055.000,9185930740
listas,ListaDobleConCola,find,medio,20360921,100000,100000,20,6,-1,NA,true,1123000,56150.000,40312028020
listas,ListaDobleConCola,find,medio,20360921,100000,100000,20,7,-1,NA,true,1016500,50825.000,25754244700
listas,ListaDobleConCola,find,medio,20360921,100000,100000,20,8,-1,NA,true,1075500,53775.000,23317949480
listas,ListaDobleConCola,find,medio,20360921,100000,100000,20,9,-1,NA,true,1055100,52755.000,31037400060
listas,ListaDobleConCola,find,medio,20360921,100000,100000,20,10,-1,NA,true,1039800,51990.000,19355305900
listas,ListaDobleConCola,find,final,20360921,100000,100000,20,1,-1,NA,true,2136200,106810.000,4281497360
listas,ListaDobleConCola,find,final,20360921,100000,100000,20,2,-1,NA,true,2115200,105760.000,28840907220
listas,ListaDobleConCola,find,final,20360921,100000,100000,20,3,-1,NA,true,2126800,106340.000,2932221000
listas,ListaDobleConCola,find,final,20360921,100000,100000,20,4,-1,NA,true,2090000,104500.000,8302775760
listas,ListaDobleConCola,find,final,20360921,100000,100000,20,5,-1,NA,true,2082900,104145.000,266527400
listas,ListaDobleConCola,find,final,20360921,100000,100000,20,6,-1,NA,true,2164300,108215.000,25373019500
listas,ListaDobleConCola,find,final,20360921,100000,100000,20,7,-1,NA,true,2130800,106540.000,14627919620
listas,ListaDobleConCola,find,final,20360921,100000,100000,20,8,-1,NA,true,2118200,105910.000,23935307380
listas,ListaDobleConCola,find,final,20360921,100000,100000,20,9,-1,NA,true,2282200,114110.000,9737964660
listas,ListaDobleConCola,find,final,20360921,100000,100000,20,10,-1,NA,true,2108800,105440.000,13000471940
listas,ListaDobleConCola,find,ausente,20360921,100000,100000,20,1,-1,NA,true,2139300,106965.000,20
listas,ListaDobleConCola,find,ausente,20360921,100000,100000,20,2,-1,NA,true,2226200,111310.000,20
listas,ListaDobleConCola,find,ausente,20360921,100000,100000,20,3,-1,NA,true,2106200,105310.000,20
listas,ListaDobleConCola,find,ausente,20360921,100000,100000,20,4,-1,NA,true,2094400,104720.000,20
listas,ListaDobleConCola,find,ausente,20360921,100000,100000,20,5,-1,NA,true,2170900,108545.000,20
listas,ListaDobleConCola,find,ausente,20360921,100000,100000,20,6,-1,NA,true,2118700,105935.000,20
listas,ListaDobleConCola,find,ausente,20360921,100000,100000,20,7,-1,NA,true,2125300,106265.000,20
listas,ListaDobleConCola,find,ausente,20360921,100000,100000,20,8,-1,NA,true,2101400,105070.000,20
listas,ListaDobleConCola,find,ausente,20360921,100000,100000,20,9,-1,NA,true,2128000,106400.000,20
listas,ListaDobleConCola,find,ausente,20360921,100000,100000,20,10,-1,NA,true,2151200,107560.000,20
listas,ListaDobleConCola,erase,inicio_nodo_prelocalizado,20360921,100000,99999,20,1,-1,NA,true,400,20.000,1444480
listas,ListaDobleConCola,erase,inicio_nodo_prelocalizado,20360921,100000,99999,20,2,-1,NA,true,400,20.000,1444480
listas,ListaDobleConCola,erase,inicio_nodo_prelocalizado,20360921,100000,99999,20,3,-1,NA,true,1000,50.000,1444480
listas,ListaDobleConCola,erase,inicio_nodo_prelocalizado,20360921,100000,99999,20,4,-1,NA,true,700,35.000,1444480
listas,ListaDobleConCola,erase,inicio_nodo_prelocalizado,20360921,100000,99999,20,5,-1,NA,true,500,25.000,1444480
listas,ListaDobleConCola,erase,inicio_nodo_prelocalizado,20360921,100000,99999,20,6,-1,NA,true,0,0.000,1444480
listas,ListaDobleConCola,erase,inicio_nodo_prelocalizado,20360921,100000,99999,20,7,-1,NA,true,1000,50.000,1444480
listas,ListaDobleConCola,erase,inicio_nodo_prelocalizado,20360921,100000,99999,20,8,-1,NA,true,900,45.000,1444480
listas,ListaDobleConCola,erase,inicio_nodo_prelocalizado,20360921,100000,99999,20,9,-1,NA,true,1000,50.000,1444480
listas,ListaDobleConCola,erase,inicio_nodo_prelocalizado,20360921,100000,99999,20,10,-1,NA,true,400,20.000,1444480
listas,ListaDobleConCola,erase,medio_nodo_prelocalizado,20360921,100000,99999,20,1,-1,NA,true,700,35.000,1593420
listas,ListaDobleConCola,erase,medio_nodo_prelocalizado,20360921,100000,99999,20,2,-1,NA,true,500,25.000,1593420
listas,ListaDobleConCola,erase,medio_nodo_prelocalizado,20360921,100000,99999,20,3,-1,NA,true,300,15.000,1593420
listas,ListaDobleConCola,erase,medio_nodo_prelocalizado,20360921,100000,99999,20,4,-1,NA,true,300,15.000,1593420
listas,ListaDobleConCola,erase,medio_nodo_prelocalizado,20360921,100000,99999,20,5,-1,NA,true,1100,55.000,1593420
listas,ListaDobleConCola,erase,medio_nodo_prelocalizado,20360921,100000,99999,20,6,-1,NA,true,600,30.000,1593420
listas,ListaDobleConCola,erase,medio_nodo_prelocalizado,20360921,100000,99999,20,7,-1,NA,true,1400,70.000,1593420
listas,ListaDobleConCola,erase,medio_nodo_prelocalizado,20360921,100000,99999,20,8,-1,NA,true,1100,55.000,1593420
listas,ListaDobleConCola,erase,medio_nodo_prelocalizado,20360921,100000,99999,20,9,-1,NA,true,300,15.000,1593420
listas,ListaDobleConCola,erase,medio_nodo_prelocalizado,20360921,100000,99999,20,10,-1,NA,true,900,45.000,1593420
listas,ListaDobleConCola,erase,final_nodo_prelocalizado,20360921,100000,99999,20,1,-1,NA,true,700,35.000,1980020
listas,ListaDobleConCola,erase,final_nodo_prelocalizado,20360921,100000,99999,20,2,-1,NA,true,700,35.000,1980020
listas,ListaDobleConCola,erase,final_nodo_prelocalizado,20360921,100000,99999,20,3,-1,NA,true,300,15.000,1980020
listas,ListaDobleConCola,erase,final_nodo_prelocalizado,20360921,100000,99999,20,4,-1,NA,true,1400,70.000,1980020
listas,ListaDobleConCola,erase,final_nodo_prelocalizado,20360921,100000,99999,20,5,-1,NA,true,400,20.000,1980020
listas,ListaDobleConCola,erase,final_nodo_prelocalizado,20360921,100000,99999,20,6,-1,NA,true,400,20.000,1980020
listas,ListaDobleConCola,erase,final_nodo_prelocalizado,20360921,100000,99999,20,7,-1,NA,true,500,25.000,1980020
listas,ListaDobleConCola,erase,final_nodo_prelocalizado,20360921,100000,99999,20,8,-1,NA,true,600,30.000,1980020
listas,ListaDobleConCola,erase,final_nodo_prelocalizado,20360921,100000,99999,20,9,-1,NA,true,500,25.000,1980020
listas,ListaDobleConCola,erase,final_nodo_prelocalizado,20360921,100000,99999,20,10,-1,NA,true,400,20.000,1980020
listas,ListaDobleConCola,addBefore,inicio_nodo_prelocalizado,20360921,100000,100001,20,1,-1,NA,true,1000,50.000,2000020
listas,ListaDobleConCola,addBefore,inicio_nodo_prelocalizado,20360921,100000,100001,20,2,-1,NA,true,0,0.000,2000020
listas,ListaDobleConCola,addBefore,inicio_nodo_prelocalizado,20360921,100000,100001,20,3,-1,NA,true,400,20.000,2000020
listas,ListaDobleConCola,addBefore,inicio_nodo_prelocalizado,20360921,100000,100001,20,4,-1,NA,true,1000,50.000,2000020
listas,ListaDobleConCola,addBefore,inicio_nodo_prelocalizado,20360921,100000,100001,20,5,-1,NA,true,0,0.000,2000020
listas,ListaDobleConCola,addBefore,inicio_nodo_prelocalizado,20360921,100000,100001,20,6,-1,NA,true,100,5.000,2000020
listas,ListaDobleConCola,addBefore,inicio_nodo_prelocalizado,20360921,100000,100001,20,7,-1,NA,true,0,0.000,2000020
listas,ListaDobleConCola,addBefore,inicio_nodo_prelocalizado,20360921,100000,100001,20,8,-1,NA,true,0,0.000,2000020
listas,ListaDobleConCola,addBefore,inicio_nodo_prelocalizado,20360921,100000,100001,20,9,-1,NA,true,0,0.000,2000020
listas,ListaDobleConCola,addBefore,inicio_nodo_prelocalizado,20360921,100000,100001,20,10,-1,NA,true,0,0.000,2000020
listas,ListaDobleConCola,addBefore,medio_nodo_prelocalizado,20360921,100000,100001,20,1,-1,NA,true,500,25.000,2000020
listas,ListaDobleConCola,addBefore,medio_nodo_prelocalizado,20360921,100000,100001,20,2,-1,NA,true,600,30.000,2000020
listas,ListaDobleConCola,addBefore,medio_nodo_prelocalizado,20360921,100000,100001,20,3,-1,NA,true,700,35.000,2000020
listas,ListaDobleConCola,addBefore,medio_nodo_prelocalizado,20360921,100000,100001,20,4,-1,NA,true,400,20.000,2000020
listas,ListaDobleConCola,addBefore,medio_nodo_prelocalizado,20360921,100000,100001,20,5,-1,NA,true,400,20.000,2000020
listas,ListaDobleConCola,addBefore,medio_nodo_prelocalizado,20360921,100000,100001,20,6,-1,NA,true,600,30.000,2000020
listas,ListaDobleConCola,addBefore,medio_nodo_prelocalizado,20360921,100000,100001,20,7,-1,NA,true,400,20.000,2000020
listas,ListaDobleConCola,addBefore,medio_nodo_prelocalizado,20360921,100000,100001,20,8,-1,NA,true,500,25.000,2000020
listas,ListaDobleConCola,addBefore,medio_nodo_prelocalizado,20360921,100000,100001,20,9,-1,NA,true,400,20.000,2000020
listas,ListaDobleConCola,addBefore,medio_nodo_prelocalizado,20360921,100000,100001,20,10,-1,NA,true,500,25.000,2000020
listas,ListaDobleConCola,addBefore,final_nodo_prelocalizado,20360921,100000,100001,20,1,-1,NA,true,700,35.000,2000020
listas,ListaDobleConCola,addBefore,final_nodo_prelocalizado,20360921,100000,100001,20,2,-1,NA,true,1200,60.000,2000020
listas,ListaDobleConCola,addBefore,final_nodo_prelocalizado,20360921,100000,100001,20,3,-1,NA,true,600,30.000,2000020
listas,ListaDobleConCola,addBefore,final_nodo_prelocalizado,20360921,100000,100001,20,4,-1,NA,true,700,35.000,2000020
listas,ListaDobleConCola,addBefore,final_nodo_prelocalizado,20360921,100000,100001,20,5,-1,NA,true,700,35.000,2000020
listas,ListaDobleConCola,addBefore,final_nodo_prelocalizado,20360921,100000,100001,20,6,-1,NA,true,700,35.000,2000020
listas,ListaDobleConCola,addBefore,final_nodo_prelocalizado,20360921,100000,100001,20,7,-1,NA,true,1000,50.000,2000020
listas,ListaDobleConCola,addBefore,final_nodo_prelocalizado,20360921,100000,100001,20,8,-1,NA,true,1300,65.000,2000020
listas,ListaDobleConCola,addBefore,final_nodo_prelocalizado,20360921,100000,100001,20,9,-1,NA,true,800,40.000,2000020
listas,ListaDobleConCola,addBefore,final_nodo_prelocalizado,20360921,100000,100001,20,10,-1,NA,true,700,35.000,2000020
listas,ListaDobleConCola,addAfter,inicio_nodo_prelocalizado,20360921,100000,100001,20,1,-1,NA,true,1000,50.000,2000020
listas,ListaDobleConCola,addAfter,inicio_nodo_prelocalizado,20360921,100000,100001,20,2,-1,NA,true,1000,50.000,2000020
listas,ListaDobleConCola,addAfter,inicio_nodo_prelocalizado,20360921,100000,100001,20,3,-1,NA,true,1000,50.000,2000020
listas,ListaDobleConCola,addAfter,inicio_nodo_prelocalizado,20360921,100000,100001,20,4,-1,NA,true,0,0.000,2000020
listas,ListaDobleConCola,addAfter,inicio_nodo_prelocalizado,20360921,100000,100001,20,5,-1,NA,true,0,0.000,2000020
listas,ListaDobleConCola,addAfter,inicio_nodo_prelocalizado,20360921,100000,100001,20,6,-1,NA,true,1000,50.000,2000020
listas,ListaDobleConCola,addAfter,inicio_nodo_prelocalizado,20360921,100000,100001,20,7,-1,NA,true,1000,50.000,2000020
listas,ListaDobleConCola,addAfter,inicio_nodo_prelocalizado,20360921,100000,100001,20,8,-1,NA,true,0,0.000,2000020
listas,ListaDobleConCola,addAfter,inicio_nodo_prelocalizado,20360921,100000,100001,20,9,-1,NA,true,0,0.000,2000020
listas,ListaDobleConCola,addAfter,inicio_nodo_prelocalizado,20360921,100000,100001,20,10,-1,NA,true,1000,50.000,2000020
listas,ListaDobleConCola,addAfter,medio_nodo_prelocalizado,20360921,100000,100001,20,1,-1,NA,true,1300,65.000,2000020
listas,ListaDobleConCola,addAfter,medio_nodo_prelocalizado,20360921,100000,100001,20,2,-1,NA,true,500,25.000,2000020
listas,ListaDobleConCola,addAfter,medio_nodo_prelocalizado,20360921,100000,100001,20,3,-1,NA,true,400,20.000,2000020
listas,ListaDobleConCola,addAfter,medio_nodo_prelocalizado,20360921,100000,100001,20,4,-1,NA,true,600,30.000,2000020
listas,ListaDobleConCola,addAfter,medio_nodo_prelocalizado,20360921,100000,100001,20,5,-1,NA,true,1100,55.000,2000020
listas,ListaDobleConCola,addAfter,medio_nodo_prelocalizado,20360921,100000,100001,20,6,-1,NA,true,300,15.000,2000020
listas,ListaDobleConCola,addAfter,medio_nodo_prelocalizado,20360921,100000,100001,20,7,-1,NA,true,100,5.000,2000020
listas,ListaDobleConCola,addAfter,medio_nodo_prelocalizado,20360921,100000,100001,20,8,-1,NA,true,600,30.000,2000020
listas,ListaDobleConCola,addAfter,medio_nodo_prelocalizado,20360921,100000,100001,20,9,-1,NA,true,900,45.000,2000020
listas,ListaDobleConCola,addAfter,medio_nodo_prelocalizado,20360921,100000,100001,20,10,-1,NA,true,300,15.000,2000020
listas,ListaDobleConCola,addAfter,final_nodo_prelocalizado,20360921,100000,100001,20,1,-1,NA,true,500,25.000,2000020
listas,ListaDobleConCola,addAfter,final_nodo_prelocalizado,20360921,100000,100001,20,2,-1,NA,true,400,20.000,2000020
listas,ListaDobleConCola,addAfter,final_nodo_prelocalizado,20360921,100000,100001,20,3,-1,NA,true,1500,75.000,2000020
listas,ListaDobleConCola,addAfter,final_nodo_prelocalizado,20360921,100000,100001,20,4,-1,NA,true,300,15.000,2000020
listas,ListaDobleConCola,addAfter,final_nodo_prelocalizado,20360921,100000,100001,20,5,-1,NA,true,300,15.000,2000020
listas,ListaDobleConCola,addAfter,final_nodo_prelocalizado,20360921,100000,100001,20,6,-1,NA,true,500,25.000,2000020
listas,ListaDobleConCola,addAfter,final_nodo_prelocalizado,20360921,100000,100001,20,7,-1,NA,true,600,30.000,2000020
listas,ListaDobleConCola,addAfter,final_nodo_prelocalizado,20360921,100000,100001,20,8,-1,NA,true,900,45.000,2000020
listas,ListaDobleConCola,addAfter,final_nodo_prelocalizado,20360921,100000,100001,20,9,-1,NA,true,400,20.000,2000020
listas,ListaDobleConCola,addAfter,final_nodo_prelocalizado,20360921,100000,100001,20,10,-1,NA,true,800,40.000,2000020
