bloque,implementacion,metodo,escenario,semilla,n_inicial,n_final,k,repeticion,capacidad_antes,capacidad_despues,crecimiento,total_ns,ns_por_operacion,checksum
pilas,PilaEnlazada,push,sin_redimensionamiento,20260932,10,11,2000,1,-1,-1,NA,90000,45.000,-4294967296000
pilas,PilaEnlazada,push,sin_redimensionamiento,20260932,10,11,2000,2,-1,-1,NA,114300,57.150,-4294967296000
pilas,PilaEnlazada,push,sin_redimensionamiento,20260932,10,11,2000,3,-1,-1,NA,100200,50.100,-4294967296000
pilas,PilaEnlazada,push,sin_redimensionamiento,20260932,10,11,2000,4,-1,-1,NA,98500,49.250,-4294967296000
pilas,PilaEnlazada,push,sin_redimensionamiento,20260932,10,11,2000,5,-1,-1,NA,93000,46.500,-4294967296000
pilas,PilaEnlazada,push,sin_redimensionamiento,20260932,10,11,2000,6,-1,-1,NA,113900,56.950,-4294967296000
pilas,PilaEnlazada,push,sin_redimensionamiento,20260932,10,11,2000,7,-1,-1,NA,100300,50.150,-4294967296000
pilas,PilaEnlazada,push,sin_redimensionamiento,20260932,10,11,2000,8,-1,-1,NA,101000,50.500,-4294967296000
pilas,PilaEnlazada,push,sin_redimensionamiento,20260932,10,11,2000,9,-1,-1,NA,75200,37.600,-4294967296000
pilas,PilaEnlazada,push,sin_redimensionamiento,20260932,10,11,2000,10,-1,-1,NA,73000,36.500,-4294967296000
pilas,PilaEnlazada,push,secuencia_amortizada,20260932,0,10,10,1,-1,-1,NA,500,50.000,12
pilas,PilaEnlazada,push,secuencia_amortizada,20260932,0,10,10,2,-1,-1,NA,600,60.000,12
pilas,PilaEnlazada,push,secuencia_amortizada,20260932,0,10,10,3,-1,-1,NA,700,70.000,12
pilas,PilaEnlazada,push,secuencia_amortizada,20260932,0,10,10,4,-1,-1,NA,600,60.000,12
pilas,PilaEnlazada,push,secuencia_amortizada,20260932,0,10,10,5,-1,-1,NA,600,60.000,12
pilas,PilaEnlazada,push,secuencia_amortizada,20260932,0,10,10,6,-1,-1,NA,600,60.000,12
pilas,PilaEnlazada,push,secuencia_amortizada,20260932,0,10,10,7,-1,-1,NA,900,90.000,12
pilas,PilaEnlazada,push,secuencia_amortizada,20260932,0,10,10,8,-1,-1,NA,700,70.000,12
pilas,PilaEnlazada,push,secuencia_amortizada,20260932,0,10,10,9,-1,-1,NA,600,60.000,12
pilas,PilaEnlazada,push,secuencia_amortizada,20260932,0,10,10,10,-1,-1,NA,700,70.000,12
pilas,PilaEnlazada,pop,general,20260932,10,9,2000,1,-1,-1,false,779500,389.750,4000
pilas,PilaEnlazada,pop,general,20260932,10,9,2000,2,-1,-1,false,776400,388.200,4000
pilas,PilaEnlazada,pop,general,20260932,10,9,2000,3,-1,-1,false,770100,385.050,4000
pilas,PilaEnlazada,pop,general,20260932,10,9,2000,4,-1,-1,false,837400,418.700,4000
pilas,PilaEnlazada,pop,general,20260932,10,9,2000,5,-1,-1,false,538300,269.150,4000
pilas,PilaEnlazada,pop,general,20260932,10,9,2000,6,-1,-1,false,72300,36.150,4000
pilas,PilaEnlazada,pop,general,20260932,10,9,2000,7,-1,-1,false,77200,38.600,4000
pilas,PilaEnlazada,pop,general,20260932,10,9,2000,8,-1,-1,false,78100,39.050,4000
pilas,PilaEnlazada,pop,general,20260932,10,9,2000,9,-1,-1,false,77600,38.800,4000
pilas,PilaEnlazada,pop,general,20260932,10,9,2000,10,-1,-1,false,78000,39.000,4000
pilas,PilaEnlazada,peek,general,20260932,10,10,50000,1,-1,-1,false,282100,5.642,100000
pilas,PilaEnlazada,peek,general,20260932,10,10,50000,2,-1,-1,false,331800,6.636,100000
pilas,PilaEnlazada,peek,general,20260932,10,10,50000,3,-1,-1,false,342900,6.858,100000
pilas,PilaEnlazada,peek,general,20260932,10,10,50000,4,-1,-1,false,364700,7.294,100000
pilas,PilaEnlazada,peek,general,20260932,10,10,50000,5,-1,-1,false,344900,6.898,100000
pilas,PilaEnlazada,peek,general,20260932,10,10,50000,6,-1,-1,false,338800,6.776,100000
pilas,PilaEnlazada,peek,general,20260932,10,10,50000,7,-1,-1,false,336400,6.728,100000
pilas,PilaEnlazada,peek,general,20260932,10,10,50000,8,-1,-1,false,343300,6.866,100000
pilas,PilaEnlazada,peek,general,20260932,10,10,50000,9,-1,-1,false,337700,6.754,100000
pilas,PilaEnlazada,peek,general,20260932,10,10,50000,10,-1,-1,false,338000,6.760,100000
pilas,PilaEnlazada,size,no_vacia,20260932,10,10,50000,1,-1,-1,false,219900,4.398,500000
pilas,PilaEnlazada,size,no_vacia,20260932,10,10,50000,2,-1,-1,false,211800,4.236,500000
pilas,PilaEnlazada,size,no_vacia,20260932,10,10,50000,3,-1,-1,false,204600,4.092,500000
pilas,PilaEnlazada,size,no_vacia,20260932,10,10,50000,4,-1,-1,false,211200,4.224,500000
pilas,PilaEnlazada,size,no_vacia,20260932,10,10,50000,5,-1,-1,false,198400,3.968,500000
pilas,PilaEnlazada,size,no_vacia,20260932,10,10,50000,6,-1,-1,false,183500,3.670,500000
pilas,PilaEnlazada,size,no_vacia,20260932,10,10,50000,7,-1,-1,false,192700,3.854,500000
pilas,PilaEnlazada,size,no_vacia,20260932,10,10,50000,8,-1,-1,false,222200,4.444,500000
pilas,PilaEnlazada,size,no_vacia,20260932,10,10,50000,9,-1,-1,false,221400,4.428,500000
pilas,PilaEnlazada,size,no_vacia,20260932,10,10,50000,10,-1,-1,false,220100,4.402,500000
pilas,PilaEnlazada,isEmpty,no_vacia,20260932,10,10,50000,1,-1,-1,false,138700,2.774,0
pilas,PilaEnlazada,isEmpty,no_vacia,20260932,10,10,50000,2,-1,-1,false,146200,2.924,0
pilas,PilaEnlazada,isEmpty,no_vacia,20260932,10,10,50000,3,-1,-1,false,138300,2.766,0
pilas,PilaEnlazada,isEmpty,no_vacia,20260932,10,10,50000,4,-1,-1,false,138300,2.766,0
pilas,PilaEnlazada,isEmpty,no_vacia,20260932,10,10,50000,5,-1,-1,false,138200,2.764,0
pilas,PilaEnlazada,isEmpty,no_vacia,20260932,10,10,50000,6,-1,-1,false,138200,2.764,0
pilas,PilaEnlazada,isEmpty,no_vacia,20260932,10,10,50000,7,-1,-1,false,138300,2.766,0
pilas,PilaEnlazada,isEmpty,no_vacia,20260932,10,10,50000,8,-1,-1,false,141800,2.836,0
pilas,PilaEnlazada,isEmpty,no_vacia,20260932,10,10,50000,9,-1,-1,false,138300,2.766,0
pilas,PilaEnlazada,isEmpty,no_vacia,20260932,10,10,50000,10,-1,-1,false,179600,3.592,0
pilas,PilaEnlazada,delete,cima,20260932,10,9,2000,1,-1,-1,false,150300,75.150,2000
pilas,PilaEnlazada,delete,cima,20260932,10,9,2000,2,-1,-1,false,155200,77.600,2000
pilas,PilaEnlazada,delete,cima,20260932,10,9,2000,3,-1,-1,false,160200,80.100,2000
pilas,PilaEnlazada,delete,cima,20260932,10,9,2000,4,-1,-1,false,155400,77.700,2000
pilas,PilaEnlazada,delete,cima,20260932,10,9,2000,5,-1,-1,false,156600,78.300,2000
pilas,PilaEnlazada,delete,cima,20260932,10,9,2000,6,-1,-1,false,157300,78.650,2000
pilas,PilaEnlazada,delete,cima,20260932,10,9,2000,7,-1,-1,false,147900,73.950,2000
pilas,PilaEnlazada,delete,cima,20260932,10,9,2000,8,-1,-1,false,98200,49.100,2000
pilas,PilaEnlazada,delete,cima,20260932,10,9,2000,9,-1,-1,false,98400,49.200,2000
pilas,PilaEnlazada,delete,cima,20260932,10,9,2000,10,-1,-1,false,121900,60.950,2000
pilas,PilaEnlazada,delete,medio,20260932,10,9,2000,1,-1,-1,false,138900,69.450,2000
pilas,PilaEnlazada,delete,medio,20260932,10,9,2000,2,-1,-1,false,145400,72.700,2000
pilas,PilaEnlazada,delete,medio,20260932,10,9,2000,3,-1,-1,false,275300,137.650,2000
pilas,PilaEnlazada,delete,medio,20260932,10,9,2000,4,-1,-1,false,244900,122.450,2000
pilas,PilaEnlazada,delete,medio,20260932,10,9,2000,5,-1,-1,false,142700,71.350,2000
pilas,PilaEnlazada,delete,medio,20260932,10,9,2000,6,-1,-1,false,139400,69.700,2000
pilas,PilaEnlazada,delete,medio,20260932,10,9,2000,7,-1,-1,false,137600,68.800,2000
pilas,PilaEnlazada,delete,medio,20260932,10,9,2000,8,-1,-1,false,134400,67.200,2000
pilas,PilaEnlazada,delete,medio,20260932,10,9,2000,9,-1,-1,false,127500,63.750,2000
pilas,PilaEnlazada,delete,medio,20260932,10,9,2000,10,-1,-1,false,97900,48.950,2000
pilas,PilaEnlazada,delete,base,20260932,10,9,2000,1,-1,-1,false,36000,18.000,2000
pilas,PilaEnlazada,delete,base,20260932,10,9,2000,2,-1,-1,false,35100,17.550,2000
pilas,PilaEnlazada,delete,base,20260932,10,9,2000,3,-1,-1,false,35200,17.600,2000
pilas,PilaEnlazada,delete,base,20260932,10,9,2000,4,-1,-1,false,35200,17.600,2000
pilas,PilaEnlazada,delete,base,20260932,10,9,2000,5,-1,-1,false,36500,18.250,2000
pilas,PilaEnlazada,delete,base,20260932,10,9,2000,6,-1,-1,false,35400,17.700,2000
pilas,PilaEnlazada,delete,base,20260932,10,9,2000,7,-1,-1,false,35200,17.600,2000
pilas,PilaEnlazada,delete,base,20260932,10,9,2000,8,-1,-1,false,35600,17.800,2000
pilas,PilaEnlazada,delete,base,20260932,10,9,2000,9,-1,-1,false,35300,17.650,2000
pilas,PilaEnlazada,delete,base,20260932,10,9,2000,10,-1,-1,false,35100,17.550,2000
pilas,PilaEnlazada,delete,ausente,20260932,10,10,2000,1,-1,-1,false,24100,12.050,0
pilas,PilaEnlazada,delete,ausente,20260932,10,10,2000,2,-1,-1,false,33200,16.600,0
pilas,PilaEnlazada,delete,ausente,20260932,10,10,2000,3,-1,-1,false,24200,12.100,0
pilas,PilaEnlazada,delete,ausente,20260932,10,10,2000,4,-1,-1,false,24700,12.350,0
pilas,PilaEnlazada,delete,ausente,20260932,10,10,2000,5,-1,-1,false,26400,13.200,0
pilas,PilaEnlazada,delete,ausente,20260932,10,10,2000,6,-1,-1,false,29000,14.500,0
pilas,PilaEnlazada,delete,ausente,20260932,10,10,2000,7,-1,-1,false,24100,12.050,0
pilas,PilaEnlazada,delete,ausente,20260932,10,10,2000,8,-1,-1,false,25700,12.850,0
pilas,PilaEnlazada,delete,ausente,20260932,10,10,2000,9,-1,-1,false,32500,16.250,0
pilas,PilaEnlazada,delete,ausente,20260932,10,10,2000,10,-1,-1,false,25500,12.750,0
pilas,PilaArreglo,push,sin_redimensionamiento,20260932,10,11,2000,1,11,11,false,15000,7.500,-4294967296000
pilas,PilaArreglo,push,sin_redimensionamiento,20260932,10,11,2000,2,11,11,false,15300,7.650,-4294967296000
pilas,PilaArreglo,push,sin_redimensionamiento,20260932,10,11,2000,3,11,11,false,16400,8.200,-4294967296000
pilas,PilaArreglo,push,sin_redimensionamiento,20260932,10,11,2000,4,11,11,false,15200,7.600,-4294967296000
pilas,PilaArreglo,push,sin_redimensionamiento,20260932,10,11,2000,5,11,11,false,15400,7.700,-4294967296000
pilas,PilaArreglo,push,sin_redimensionamiento,20260932,10,11,2000,6,11,11,false,15100,7.550,-4294967296000
pilas,PilaArreglo,push,sin_redimensionamiento,20260932,10,11,2000,7,11,11,false,15300,7.650,-4294967296000
pilas,PilaArreglo,push,sin_redimensionamiento,20260932,10,11,2000,8,11,11,false,23100,11.550,-4294967296000
pilas,PilaArreglo,push,sin_redimensionamiento,20260932,10,11,2000,9,11,11,false,15100,7.550,-4294967296000
pilas,PilaArreglo,push,sin_redimensionamiento,20260932,10,11,2000,10,11,11,false,15000,7.500,-4294967296000
pilas,PilaArreglo,push,crecimiento_forzado,20260932,10,11,2000,1,10,20,true,91800,45.900,-4294967296000
pilas,PilaArreglo,push,crecimiento_forzado,20260932,10,11,2000,2,10,20,true,93900,46.950,-4294967296000
pilas,PilaArreglo,push,crecimiento_forzado,20260932,10,11,2000,3,10,20,true,91800,45.900,-4294967296000
pilas,PilaArreglo,push,crecimiento_forzado,20260932,10,11,2000,4,10,20,true,95000,47.500,-4294967296000
pilas,PilaArreglo,push,crecimiento_forzado,20260932,10,11,2000,5,10,20,true,115200,57.600,-4294967296000
pilas,PilaArreglo,push,crecimiento_forzado,20260932,10,11,2000,6,10,20,true,114700,57.350,-4294967296000
pilas,PilaArreglo,push,crecimiento_forzado,20260932,10,11,2000,7,10,20,true,98500,49.250,-4294967296000
pilas,PilaArreglo,push,crecimiento_forzado,20260932,10,11,2000,8,10,20,true,92800,46.400,-4294967296000
pilas,PilaArreglo,push,crecimiento_forzado,20260932,10,11,2000,9,10,20,true,97200,48.600,-4294967296000
pilas,PilaArreglo,push,crecimiento_forzado,20260932,10,11,2000,10,10,20,true,88900,44.450,-4294967296000
pilas,PilaArreglo,push,secuencia_amortizada,20260932,0,10,10,1,4,16,multiple,400,40.000,12
pilas,PilaArreglo,push,secuencia_amortizada,20260932,0,10,10,2,4,16,multiple,600,60.000,12
pilas,PilaArreglo,push,secuencia_amortizada,20260932,0,10,10,3,4,16,multiple,500,50.000,12
pilas,PilaArreglo,push,secuencia_amortizada,20260932,0,10,10,4,4,16,multiple,500,50.000,12
pilas,PilaArreglo,push,secuencia_amortizada,20260932,0,10,10,5,4,16,multiple,500,50.000,12
pilas,PilaArreglo,push,secuencia_amortizada,20260932,0,10,10,6,4,16,multiple,500,50.000,12
pilas,PilaArreglo,push,secuencia_amortizada,20260932,0,10,10,7,4,16,multiple,500,50.000,12
pilas,PilaArreglo,push,secuencia_amortizada,20260932,0,10,10,8,4,16,multiple,500,50.000,12
pilas,PilaArreglo,push,secuencia_amortizada,20260932,0,10,10,9,4,16,multiple,1000,100.000,12
pilas,PilaArreglo,push,secuencia_amortizada,20260932,0,10,10,10,4,16,multiple,700,70.000,12
pilas,PilaArreglo,pop,general,20260932,10,9,2000,1,10,10,false,73800,36.900,4000
pilas,PilaArreglo,pop,general,20260932,10,9,2000,2,10,10,false,158500,79.250,4000
pilas,PilaArreglo,pop,general,20260932,10,9,2000,3,10,10,false,78500,39.250,4000
pilas,PilaArreglo,pop,general,20260932,10,9,2000,4,10,10,false,79400,39.700,4000
pilas,PilaArreglo,pop,general,20260932,10,9,2000,5,10,10,false,81000,40.500,4000
pilas,PilaArreglo,pop,general,20260932,10,9,2000,6,10,10,false,78200,39.100,4000
pilas,PilaArreglo,pop,general,20260932,10,9,2000,7,10,10,false,80100,40.050,4000
pilas,PilaArreglo,pop,general,20260932,10,9,2000,8,10,10,false,82600,41.300,4000
pilas,PilaArreglo,pop,general,20260932,10,9,2000,9,10,10,false,79800,39.900,4000
pilas,PilaArreglo,pop,general,20260932,10,9,2000,10,10,10,false,80400,40.200,4000
pilas,PilaArreglo,peek,general,20260932,10,10,50000,1,11,11,false,186500,3.730,100000
pilas,PilaArreglo,peek,general,20260932,10,10,50000,2,11,11,false,182100,3.642,100000
pilas,PilaArreglo,peek,general,20260932,10,10,50000,3,11,11,false,182900,3.658,100000
pilas,PilaArreglo,peek,general,20260932,10,10,50000,4,11,11,false,180700,3.614,100000
pilas,PilaArreglo,peek,general,20260932,10,10,50000,5,11,11,false,183300,3.666,100000
pilas,PilaArreglo,peek,general,20260932,10,10,50000,6,11,11,false,191900,3.838,100000
pilas,PilaArreglo,peek,general,20260932,10,10,50000,7,11,11,false,182600,3.652,100000
pilas,PilaArreglo,peek,general,20260932,10,10,50000,8,11,11,false,194200,3.884,100000
pilas,PilaArreglo,peek,general,20260932,10,10,50000,9,11,11,false,900,0.018,100000
pilas,PilaArreglo,peek,general,20260932,10,10,50000,10,11,11,false,800,0.016,100000
pilas,PilaArreglo,size,no_vacia,20260932,10,10,50000,1,11,11,false,700,0.014,500000
pilas,PilaArreglo,size,no_vacia,20260932,10,10,50000,2,11,11,false,800,0.016,500000
pilas,PilaArreglo,size,no_vacia,20260932,10,10,50000,3,11,11,false,800,0.016,500000
pilas,PilaArreglo,size,no_vacia,20260932,10,10,50000,4,11,11,false,800,0.016,500000
pilas,PilaArreglo,size,no_vacia,20260932,10,10,50000,5,11,11,false,800,0.016,500000
pilas,PilaArreglo,size,no_vacia,20260932,10,10,50000,6,11,11,false,800,0.016,500000
pilas,PilaArreglo,size,no_vacia,20260932,10,10,50000,7,11,11,false,800,0.016,500000
pilas,PilaArreglo,size,no_vacia,20260932,10,10,50000,8,11,11,false,800,0.016,500000
pilas,PilaArreglo,size,no_vacia,20260932,10,10,50000,9,11,11,false,700,0.014,500000
pilas,PilaArreglo,size,no_vacia,20260932,10,10,50000,10,11,11,false,800,0.016,500000
pilas,PilaArreglo,isEmpty,no_vacia,20260932,10,10,50000,1,11,11,false,125400,2.508,0
pilas,PilaArreglo,isEmpty,no_vacia,20260932,10,10,50000,2,11,11,false,123400,2.468,0
pilas,PilaArreglo,isEmpty,no_vacia,20260932,10,10,50000,3,11,11,false,128800,2.576,0
pilas,PilaArreglo,isEmpty,no_vacia,20260932,10,10,50000,4,11,11,false,125000,2.500,0
pilas,PilaArreglo,isEmpty,no_vacia,20260932,10,10,50000,5,11,11,false,123600,2.472,0
pilas,PilaArreglo,isEmpty,no_vacia,20260932,10,10,50000,6,11,11,false,123300,2.466,0
pilas,PilaArreglo,isEmpty,no_vacia,20260932,10,10,50000,7,11,11,false,123300,2.466,0
pilas,PilaArreglo,isEmpty,no_vacia,20260932,10,10,50000,8,11,11,false,123500,2.470,0
pilas,PilaArreglo,isEmpty,no_vacia,20260932,10,10,50000,9,11,11,false,130900,2.618,0
pilas,PilaArreglo,isEmpty,no_vacia,20260932,10,10,50000,10,11,11,false,123400,2.468,0
pilas,PilaArreglo,delete,cima,20260932,10,9,2000,1,10,10,false,167700,83.850,2000
pilas,PilaArreglo,delete,cima,20260932,10,9,2000,2,10,10,false,155900,77.950,2000
pilas,PilaArreglo,delete,cima,20260932,10,9,2000,3,10,10,false,174100,87.050,2000
pilas,PilaArreglo,delete,cima,20260932,10,9,2000,4,10,10,false,144600,72.300,2000
pilas,PilaArreglo,delete,cima,20260932,10,9,2000,5,10,10,false,98100,49.050,2000
pilas,PilaArreglo,delete,cima,20260932,10,9,2000,6,10,10,false,31500,15.750,2000
pilas,PilaArreglo,delete,cima,20260932,10,9,2000,7,10,10,false,30700,15.350,2000
pilas,PilaArreglo,delete,cima,20260932,10,9,2000,8,10,10,false,18300,9.150,2000
pilas,PilaArreglo,delete,cima,20260932,10,9,2000,9,10,10,false,29000,14.500,2000
pilas,PilaArreglo,delete,cima,20260932,10,9,2000,10,10,10,false,18100,9.050,2000
pilas,PilaArreglo,delete,medio,20260932,10,9,2000,1,10,10,false,144500,72.250,2000
pilas,PilaArreglo,delete,medio,20260932,10,9,2000,2,10,10,false,66500,33.250,2000
pilas,PilaArreglo,delete,medio,20260932,10,9,2000,3,10,10,false,63900,31.950,2000
pilas,PilaArreglo,delete,medio,20260932,10,9,2000,4,10,10,false,63900,31.950,2000
pilas,PilaArreglo,delete,medio,20260932,10,9,2000,5,10,10,false,145700,72.850,2000
pilas,PilaArreglo,delete,medio,20260932,10,9,2000,6,10,10,false,64100,32.050,2000
pilas,PilaArreglo,delete,medio,20260932,10,9,2000,7,10,10,false,63700,31.850,2000
pilas,PilaArreglo,delete,medio,20260932,10,9,2000,8,10,10,false,63700,31.850,2000
pilas,PilaArreglo,delete,medio,20260932,10,9,2000,9,10,10,false,125700,62.850,2000
pilas,PilaArreglo,delete,medio,20260932,10,9,2000,10,10,10,false,63700,31.850,2000
pilas,PilaArreglo,delete,base,20260932,10,9,2000,1,10,10,false,33700,16.850,2000
pilas,PilaArreglo,delete,base,20260932,10,9,2000,2,10,10,false,34100,17.050,2000
pilas,PilaArreglo,delete,base,20260932,10,9,2000,3,10,10,false,33700,16.850,2000
pilas,PilaArreglo,delete,base,20260932,10,9,2000,4,10,10,false,33600,16.800,2000
pilas,PilaArreglo,delete,base,20260932,10,9,2000,5,10,10,false,33700,16.850,2000
pilas,PilaArreglo,delete,base,20260932,10,9,2000,6,10,10,false,33900,16.950,2000
pilas,PilaArreglo,delete,base,20260932,10,9,2000,7,10,10,false,33900,16.950,2000
pilas,PilaArreglo,delete,base,20260932,10,9,2000,8,10,10,false,33700,16.850,2000
pilas,PilaArreglo,delete,base,20260932,10,9,2000,9,10,10,false,34000,17.000,2000
pilas,PilaArreglo,delete,base,20260932,10,9,2000,10,10,10,false,33800,16.900,2000
pilas,PilaArreglo,delete,ausente,20260932,10,10,2000,1,10,10,false,66100,33.050,0
pilas,PilaArreglo,delete,ausente,20260932,10,10,2000,2,10,10,false,66300,33.150,0
pilas,PilaArreglo,delete,ausente,20260932,10,10,2000,3,10,10,false,66300,33.150,0
pilas,PilaArreglo,delete,ausente,20260932,10,10,2000,4,10,10,false,66300,33.150,0
pilas,PilaArreglo,delete,ausente,20260932,10,10,2000,5,10,10,false,66100,33.050,0
pilas,PilaArreglo,delete,ausente,20260932,10,10,2000,6,10,10,false,66200,33.100,0
pilas,PilaArreglo,delete,ausente,20260932,10,10,2000,7,10,10,false,79800,39.900,0
pilas,PilaArreglo,delete,ausente,20260932,10,10,2000,8,10,10,false,66600,33.300,0
pilas,PilaArreglo,delete,ausente,20260932,10,10,2000,9,10,10,false,66300,33.150,0
pilas,PilaArreglo,delete,ausente,20260932,10,10,2000,10,10,10,false,66100,33.050,0
colas,ColaArreglo,enqueue,sin_redimensionamiento,20260932,10,11,2000,1,11,11,false,69600,34.800,22000
colas,ColaArreglo,enqueue,sin_redimensionamiento,20260932,10,11,2000,2,11,11,false,69300,34.650,22000
colas,ColaArreglo,enqueue,sin_redimensionamiento,20260932,10,11,2000,3,11,11,false,70800,35.400,22000
colas,ColaArreglo,enqueue,sin_redimensionamiento,20260932,10,11,2000,4,11,11,false,70700,35.350,22000
colas,ColaArreglo,enqueue,sin_redimensionamiento,20260932,10,11,2000,5,11,11,false,69800,34.900,22000
colas,ColaArreglo,enqueue,sin_redimensionamiento,20260932,10,11,2000,6,11,11,false,71500,35.750,22000
colas,ColaArreglo,enqueue,sin_redimensionamiento,20260932,10,11,2000,7,11,11,false,72000,36.000,22000
colas,ColaArreglo,enqueue,sin_redimensionamiento,20260932,10,11,2000,8,11,11,false,72000,36.000,22000
colas,ColaArreglo,enqueue,sin_redimensionamiento,20260932,10,11,2000,9,11,11,false,69300,34.650,22000
colas,ColaArreglo,enqueue,sin_redimensionamiento,20260932,10,11,2000,10,11,11,false,75000,37.500,22000
colas,ColaArreglo,enqueue,crecimiento_forzado,20260932,10,11,2000,1,10,20,true,145700,72.850,22000
colas,ColaArreglo,enqueue,crecimiento_forzado,20260932,10,11,2000,2,10,20,true,149100,74.550,22000
colas,ColaArreglo,enqueue,crecimiento_forzado,20260932,10,11,2000,3,10,20,true,102700,51.350,22000
colas,ColaArreglo,enqueue,crecimiento_forzado,20260932,10,11,2000,4,10,20,true,119900,59.950,22000
colas,ColaArreglo,enqueue,crecimiento_forzado,20260932,10,11,2000,5,10,20,true,111400,55.700,22000
colas,ColaArreglo,enqueue,crecimiento_forzado,20260932,10,11,2000,6,10,20,true,113700,56.850,22000
colas,ColaArreglo,enqueue,crecimiento_forzado,20260932,10,11,2000,7,10,20,true,116100,58.050,22000
colas,ColaArreglo,enqueue,crecimiento_forzado,20260932,10,11,2000,8,10,20,true,106100,53.050,22000
colas,ColaArreglo,enqueue,crecimiento_forzado,20260932,10,11,2000,9,10,20,true,118800,59.400,22000
colas,ColaArreglo,enqueue,crecimiento_forzado,20260932,10,11,2000,10,10,20,true,107300,53.650,22000
colas,ColaArreglo,enqueue,secuencia_amortizada,20260932,0,10,10,1,4,16,multiple,400,40.000,16
colas,ColaArreglo,enqueue,secuencia_amortizada,20260932,0,10,10,2,4,16,multiple,600,60.000,16
colas,ColaArreglo,enqueue,secuencia_amortizada,20260932,0,10,10,3,4,16,multiple,600,60.000,16
colas,ColaArreglo,enqueue,secuencia_amortizada,20260932,0,10,10,4,4,16,multiple,500,50.000,16
colas,ColaArreglo,enqueue,secuencia_amortizada,20260932,0,10,10,5,4,16,multiple,500,50.000,16
colas,ColaArreglo,enqueue,secuencia_amortizada,20260932,0,10,10,6,4,16,multiple,700,70.000,16
colas,ColaArreglo,enqueue,secuencia_amortizada,20260932,0,10,10,7,4,16,multiple,600,60.000,16
colas,ColaArreglo,enqueue,secuencia_amortizada,20260932,0,10,10,8,4,16,multiple,600,60.000,16
colas,ColaArreglo,enqueue,secuencia_amortizada,20260932,0,10,10,9,4,16,multiple,500,50.000,16
colas,ColaArreglo,enqueue,secuencia_amortizada,20260932,0,10,10,10,4,16,multiple,500,50.000,16
colas,ColaArreglo,dequeue,general,20260932,10,9,2000,1,10,10,false,83100,41.550,12000
colas,ColaArreglo,dequeue,general,20260932,10,9,2000,2,10,10,false,82800,41.400,12000
colas,ColaArreglo,dequeue,general,20260932,10,9,2000,3,10,10,false,78400,39.200,12000
colas,ColaArreglo,dequeue,general,20260932,10,9,2000,4,10,10,false,77900,38.950,12000
colas,ColaArreglo,dequeue,general,20260932,10,9,2000,5,10,10,false,77800,38.900,12000
colas,ColaArreglo,dequeue,general,20260932,10,9,2000,6,10,10,false,77700,38.850,12000
colas,ColaArreglo,dequeue,general,20260932,10,9,2000,7,10,10,false,77800,38.900,12000
colas,ColaArreglo,dequeue,general,20260932,10,9,2000,8,10,10,false,81400,40.700,12000
colas,ColaArreglo,dequeue,general,20260932,10,9,2000,9,10,10,false,77900,38.950,12000
colas,ColaArreglo,dequeue,general,20260932,10,9,2000,10,10,10,false,77800,38.900,12000
colas,ColaArreglo,front,general,20260932,10,10,50000,1,11,11,false,192000,3.840,300000
colas,ColaArreglo,front,general,20260932,10,10,50000,2,11,11,false,191900,3.838,300000
colas,ColaArreglo,front,general,20260932,10,10,50000,3,11,11,false,195200,3.904,300000
colas,ColaArreglo,front,general,20260932,10,10,50000,4,11,11,false,195300,3.906,300000
colas,ColaArreglo,front,general,20260932,10,10,50000,5,11,11,false,192700,3.854,300000
colas,ColaArreglo,front,general,20260932,10,10,50000,6,11,11,false,195700,3.914,300000
colas,ColaArreglo,front,general,20260932,10,10,50000,7,11,11,false,191300,3.826,300000
colas,ColaArreglo,front,general,20260932,10,10,50000,8,11,11,false,192500,3.850,300000
colas,ColaArreglo,front,general,20260932,10,10,50000,9,11,11,false,192000,3.840,300000
colas,ColaArreglo,front,general,20260932,10,10,50000,10,11,11,false,219600,4.392,300000
colas,ColaArreglo,size,no_vacia,20260932,10,10,50000,1,11,11,false,59200,1.184,500000
colas,ColaArreglo,size,no_vacia,20260932,10,10,50000,2,11,11,false,59500,1.190,500000
colas,ColaArreglo,size,no_vacia,20260932,10,10,50000,3,11,11,false,66100,1.322,500000
colas,ColaArreglo,size,no_vacia,20260932,10,10,50000,4,11,11,false,66100,1.322,500000
colas,ColaArreglo,size,no_vacia,20260932,10,10,50000,5,11,11,false,59100,1.182,500000
colas,ColaArreglo,size,no_vacia,20260932,10,10,50000,6,11,11,false,59200,1.184,500000
colas,ColaArreglo,size,no_vacia,20260932,10,10,50000,7,11,11,false,59300,1.186,500000
colas,ColaArreglo,size,no_vacia,20260932,10,10,50000,8,11,11,false,66200,1.324,500000
colas,ColaArreglo,size,no_vacia,20260932,10,10,50000,9,11,11,false,59100,1.182,500000
colas,ColaArreglo,size,no_vacia,20260932,10,10,50000,10,11,11,false,59200,1.184,500000
colas,ColaArreglo,isEmpty,no_vacia,20260932,10,10,50000,1,11,11,false,106000,2.120,0
colas,ColaArreglo,isEmpty,no_vacia,20260932,10,10,50000,2,11,11,false,102600,2.052,0
colas,ColaArreglo,isEmpty,no_vacia,20260932,10,10,50000,3,11,11,false,109500,2.190,0
colas,ColaArreglo,isEmpty,no_vacia,20260932,10,10,50000,4,11,11,false,102500,2.050,0
colas,ColaArreglo,isEmpty,no_vacia,20260932,10,10,50000,5,11,11,false,102500,2.050,0
colas,ColaArreglo,isEmpty,no_vacia,20260932,10,10,50000,6,11,11,false,102400,2.048,0
colas,ColaArreglo,isEmpty,no_vacia,20260932,10,10,50000,7,11,11,false,102400,2.048,0
colas,ColaArreglo,isEmpty,no_vacia,20260932,10,10,50000,8,11,11,false,102500,2.050,0
colas,ColaArreglo,isEmpty,no_vacia,20260932,10,10,50000,9,11,11,false,107200,2.144,0
colas,ColaArreglo,isEmpty,no_vacia,20260932,10,10,50000,10,11,11,false,107600,2.152,0
colas,ColaArreglo,delete,frente,20260932,10,9,2000,1,10,10,false,163400,81.700,2000
colas,ColaArreglo,delete,frente,20260932,10,9,2000,2,10,10,false,163600,81.800,2000
colas,ColaArreglo,delete,frente,20260932,10,9,2000,3,10,10,false,163500,81.750,2000
colas,ColaArreglo,delete,frente,20260932,10,9,2000,4,10,10,false,162700,81.350,2000
colas,ColaArreglo,delete,frente,20260932,10,9,2000,5,10,10,false,162700,81.350,2000
colas,ColaArreglo,delete,frente,20260932,10,9,2000,6,10,10,false,163800,81.900,2000
colas,ColaArreglo,delete,frente,20260932,10,9,2000,7,10,10,false,148300,74.150,2000
colas,ColaArreglo,delete,frente,20260932,10,9,2000,8,10,10,false,110800,55.400,2000
colas,ColaArreglo,delete,frente,20260932,10,9,2000,9,10,10,false,109800,54.900,2000
colas,ColaArreglo,delete,frente,20260932,10,9,2000,10,10,10,false,111300,55.650,2000
colas,ColaArreglo,delete,medio,20260932,10,9,2000,1,10,10,false,149100,74.550,2000
colas,ColaArreglo,delete,medio,20260932,10,9,2000,2,10,10,false,149300,74.650,2000
colas,ColaArreglo,delete,medio,20260932,10,9,2000,3,10,10,false,149800,74.900,2000
colas,ColaArreglo,delete,medio,20260932,10,9,2000,4,10,10,false,149500,74.750,2000
colas,ColaArreglo,delete,medio,20260932,10,9,2000,5,10,10,false,149700,74.850,2000
colas,ColaArreglo,delete,medio,20260932,10,9,2000,6,10,10,false,149600,74.800,2000
colas,ColaArreglo,delete,medio,20260932,10,9,2000,7,10,10,false,96600,48.300,2000
colas,ColaArreglo,delete,medio,20260932,10,9,2000,8,10,10,false,94300,47.150,2000
colas,ColaArreglo,delete,medio,20260932,10,9,2000,9,10,10,false,94700,47.350,2000
colas,ColaArreglo,delete,medio,20260932,10,9,2000,10,10,10,false,94700,47.350,2000
colas,ColaArreglo,delete,final,20260932,10,9,2000,1,10,10,false,40300,20.150,2000
colas,ColaArreglo,delete,final,20260932,10,9,2000,2,10,10,false,40800,20.400,2000
colas,ColaArreglo,delete,final,20260932,10,9,2000,3,10,10,false,41600,20.800,2000
colas,ColaArreglo,delete,final,20260932,10,9,2000,4,10,10,false,32100,16.050,2000
colas,ColaArreglo,delete,final,20260932,10,9,2000,5,10,10,false,31600,15.800,2000
colas,ColaArreglo,delete,final,20260932,10,9,2000,6,10,10,false,29100,14.550,2000
colas,ColaArreglo,delete,final,20260932,10,9,2000,7,10,10,false,29300,14.650,2000
colas,ColaArreglo,delete,final,20260932,10,9,2000,8,10,10,false,29500,14.750,2000
colas,ColaArreglo,delete,final,20260932,10,9,2000,9,10,10,false,29100,14.550,2000
colas,ColaArreglo,delete,final,20260932,10,9,2000,10,10,10,false,29100,14.550,2000
colas,ColaArreglo,delete,ausente,20260932,10,10,2000,1,10,10,false,84200,42.100,0
colas,ColaArreglo,delete,ausente,20260932,10,10,2000,2,10,10,false,90900,45.450,0
colas,ColaArreglo,delete,ausente,20260932,10,10,2000,3,10,10,false,84400,42.200,0
colas,ColaArreglo,delete,ausente,20260932,10,10,2000,4,10,10,false,80800,40.400,0
colas,ColaArreglo,delete,ausente,20260932,10,10,2000,5,10,10,false,80200,40.100,0
colas,ColaArreglo,delete,ausente,20260932,10,10,2000,6,10,10,false,80700,40.350,0
colas,ColaArreglo,delete,ausente,20260932,10,10,2000,7,10,10,false,80300,40.150,0
colas,ColaArreglo,delete,ausente,20260932,10,10,2000,8,10,10,false,80400,40.200,0
colas,ColaArreglo,delete,ausente,20260932,10,10,2000,9,10,10,false,80100,40.050,0
colas,ColaArreglo,delete,ausente,20260932,10,10,2000,10,10,10,false,80800,40.400,0
colas,ColaEnlazada,enqueue,sin_redimensionamiento,20260932,10,11,2000,1,-1,-1,NA,27400,13.700,22000
colas,ColaEnlazada,enqueue,sin_redimensionamiento,20260932,10,11,2000,2,-1,-1,NA,27700,13.850,22000
colas,ColaEnlazada,enqueue,sin_redimensionamiento,20260932,10,11,2000,3,-1,-1,NA,33100,16.550,22000
colas,ColaEnlazada,enqueue,sin_redimensionamiento,20260932,10,11,2000,4,-1,-1,NA,23300,11.650,22000
colas,ColaEnlazada,enqueue,sin_redimensionamiento,20260932,10,11,2000,5,-1,-1,NA,28100,14.050,22000
colas,ColaEnlazada,enqueue,sin_redimensionamiento,20260932,10,11,2000,6,-1,-1,NA,26900,13.450,22000
colas,ColaEnlazada,enqueue,sin_redimensionamiento,20260932,10,11,2000,7,-1,-1,NA,36100,18.050,22000
colas,ColaEnlazada,enqueue,sin_redimensionamiento,20260932,10,11,2000,8,-1,-1,NA,29000,14.500,22000
colas,ColaEnlazada,enqueue,sin_redimensionamiento,20260932,10,11,2000,9,-1,-1,NA,34300,17.150,22000
colas,ColaEnlazada,enqueue,sin_redimensionamiento,20260932,10,11,2000,10,-1,-1,NA,33500,16.750,22000
colas,ColaEnlazada,enqueue,secuencia_amortizada,20260932,0,10,10,1,-1,-1,NA,400,40.000,16
colas,ColaEnlazada,enqueue,secuencia_amortizada,20260932,0,10,10,2,-1,-1,NA,600,60.000,16
colas,ColaEnlazada,enqueue,secuencia_amortizada,20260932,0,10,10,3,-1,-1,NA,500,50.000,16
colas,ColaEnlazada,enqueue,secuencia_amortizada,20260932,0,10,10,4,-1,-1,NA,500,50.000,16
colas,ColaEnlazada,enqueue,secuencia_amortizada,20260932,0,10,10,5,-1,-1,NA,400,40.000,16
colas,ColaEnlazada,enqueue,secuencia_amortizada,20260932,0,10,10,6,-1,-1,NA,500,50.000,16
colas,ColaEnlazada,enqueue,secuencia_amortizada,20260932,0,10,10,7,-1,-1,NA,400,40.000,16
colas,ColaEnlazada,enqueue,secuencia_amortizada,20260932,0,10,10,8,-1,-1,NA,500,50.000,16
colas,ColaEnlazada,enqueue,secuencia_amortizada,20260932,0,10,10,9,-1,-1,NA,500,50.000,16
colas,ColaEnlazada,enqueue,secuencia_amortizada,20260932,0,10,10,10,-1,-1,NA,400,40.000,16
colas,ColaEnlazada,dequeue,general,20260932,10,9,2000,1,-1,-1,false,82500,41.250,12000
colas,ColaEnlazada,dequeue,general,20260932,10,9,2000,2,-1,-1,false,80600,40.300,12000
colas,ColaEnlazada,dequeue,general,20260932,10,9,2000,3,-1,-1,false,83000,41.500,12000
colas,ColaEnlazada,dequeue,general,20260932,10,9,2000,4,-1,-1,false,83000,41.500,12000
colas,ColaEnlazada,dequeue,general,20260932,10,9,2000,5,-1,-1,false,82300,41.150,12000
colas,ColaEnlazada,dequeue,general,20260932,10,9,2000,6,-1,-1,false,83300,41.650,12000
colas,ColaEnlazada,dequeue,general,20260932,10,9,2000,7,-1,-1,false,81800,40.900,12000
colas,ColaEnlazada,dequeue,general,20260932,10,9,2000,8,-1,-1,false,83100,41.550,12000
colas,ColaEnlazada,dequeue,general,20260932,10,9,2000,9,-1,-1,false,83900,41.950,12000
colas,ColaEnlazada,dequeue,general,20260932,10,9,2000,10,-1,-1,false,90000,45.000,12000
colas,ColaEnlazada,front,general,20260932,10,10,50000,1,-1,-1,false,800,0.016,300000
colas,ColaEnlazada,front,general,20260932,10,10,50000,2,-1,-1,false,700,0.014,300000
colas,ColaEnlazada,front,general,20260932,10,10,50000,3,-1,-1,false,800,0.016,300000
colas,ColaEnlazada,front,general,20260932,10,10,50000,4,-1,-1,false,800,0.016,300000
colas,ColaEnlazada,front,general,20260932,10,10,50000,5,-1,-1,false,800,0.016,300000
colas,ColaEnlazada,front,general,20260932,10,10,50000,6,-1,-1,false,800,0.016,300000
colas,ColaEnlazada,front,general,20260932,10,10,50000,7,-1,-1,false,800,0.016,300000
colas,ColaEnlazada,front,general,20260932,10,10,50000,8,-1,-1,false,800,0.016,300000
colas,ColaEnlazada,front,general,20260932,10,10,50000,9,-1,-1,false,800,0.016,300000
colas,ColaEnlazada,front,general,20260932,10,10,50000,10,-1,-1,false,700,0.014,300000
colas,ColaEnlazada,size,no_vacia,20260932,10,10,50000,1,-1,-1,false,700,0.014,500000
colas,ColaEnlazada,size,no_vacia,20260932,10,10,50000,2,-1,-1,false,700,0.014,500000
colas,ColaEnlazada,size,no_vacia,20260932,10,10,50000,3,-1,-1,false,700,0.014,500000
colas,ColaEnlazada,size,no_vacia,20260932,10,10,50000,4,-1,-1,false,700,0.014,500000
colas,ColaEnlazada,size,no_vacia,20260932,10,10,50000,5,-1,-1,false,800,0.016,500000
colas,ColaEnlazada,size,no_vacia,20260932,10,10,50000,6,-1,-1,false,700,0.014,500000
colas,ColaEnlazada,size,no_vacia,20260932,10,10,50000,7,-1,-1,false,700,0.014,500000
colas,ColaEnlazada,size,no_vacia,20260932,10,10,50000,8,-1,-1,false,700,0.014,500000
colas,ColaEnlazada,size,no_vacia,20260932,10,10,50000,9,-1,-1,false,700,0.014,500000
colas,ColaEnlazada,size,no_vacia,20260932,10,10,50000,10,-1,-1,false,700,0.014,500000
colas,ColaEnlazada,isEmpty,no_vacia,20260932,10,10,50000,1,-1,-1,false,0,0.000,0
colas,ColaEnlazada,isEmpty,no_vacia,20260932,10,10,50000,2,-1,-1,false,0,0.000,0
colas,ColaEnlazada,isEmpty,no_vacia,20260932,10,10,50000,3,-1,-1,false,0,0.000,0
colas,ColaEnlazada,isEmpty,no_vacia,20260932,10,10,50000,4,-1,-1,false,0,0.000,0
colas,ColaEnlazada,isEmpty,no_vacia,20260932,10,10,50000,5,-1,-1,false,0,0.000,0
colas,ColaEnlazada,isEmpty,no_vacia,20260932,10,10,50000,6,-1,-1,false,0,0.000,0
colas,ColaEnlazada,isEmpty,no_vacia,20260932,10,10,50000,7,-1,-1,false,0,0.000,0
colas,ColaEnlazada,isEmpty,no_vacia,20260932,10,10,50000,8,-1,-1,false,0,0.000,0
colas,ColaEnlazada,isEmpty,no_vacia,20260932,10,10,50000,9,-1,-1,false,0,0.000,0
colas,ColaEnlazada,isEmpty,no_vacia,20260932,10,10,50000,10,-1,-1,false,0,0.000,0
colas,ColaEnlazada,delete,frente,20260932,10,9,2000,1,-1,-1,false,88000,44.000,2000
colas,ColaEnlazada,delete,frente,20260932,10,9,2000,2,-1,-1,false,88500,44.250,2000
colas,ColaEnlazada,delete,frente,20260932,10,9,2000,3,-1,-1,false,82100,41.050,2000
colas,ColaEnlazada,delete,frente,20260932,10,9,2000,4,-1,-1,false,82700,41.350,2000
colas,ColaEnlazada,delete,frente,20260932,10,9,2000,5,-1,-1,false,76900,38.450,2000
colas,ColaEnlazada,delete,frente,20260932,10,9,2000,6,-1,-1,false,76700,38.350,2000
colas,ColaEnlazada,delete,frente,20260932,10,9,2000,7,-1,-1,false,81400,40.700,2000
colas,ColaEnlazada,delete,frente,20260932,10,9,2000,8,-1,-1,false,77100,38.550,2000
colas,ColaEnlazada,delete,frente,20260932,10,9,2000,9,-1,-1,false,79600,39.800,2000
colas,ColaEnlazada,delete,frente,20260932,10,9,2000,10,-1,-1,false,73400,36.700,2000
colas,ColaEnlazada,delete,medio,20260932,10,9,2000,1,-1,-1,false,119400,59.700,2000
colas,ColaEnlazada,delete,medio,20260932,10,9,2000,2,-1,-1,false,119400,59.700,2000
colas,ColaEnlazada,delete,medio,20260932,10,9,2000,3,-1,-1,false,119300,59.650,2000
colas,ColaEnlazada,delete,medio,20260932,10,9,2000,4,-1,-1,false,119200,59.600,2000
colas,ColaEnlazada,delete,medio,20260932,10,9,2000,5,-1,-1,false,119600,59.800,2000
colas,ColaEnlazada,delete,medio,20260932,10,9,2000,6,-1,-1,false,119300,59.650,2000
colas,ColaEnlazada,delete,medio,20260932,10,9,2000,7,-1,-1,false,122800,61.400,2000
colas,ColaEnlazada,delete,medio,20260932,10,9,2000,8,-1,-1,false,118700,59.350,2000
colas,ColaEnlazada,delete,medio,20260932,10,9,2000,9,-1,-1,false,119000,59.500,2000
colas,ColaEnlazada,delete,medio,20260932,10,9,2000,10,-1,-1,false,119300,59.650,2000
colas,ColaEnlazada,delete,final,20260932,10,9,2000,1,-1,-1,false,317000,158.500,2000
colas,ColaEnlazada,delete,final,20260932,10,9,2000,2,-1,-1,false,351600,175.800,2000
colas,ColaEnlazada,delete,final,20260932,10,9,2000,3,-1,-1,false,314300,157.150,2000
colas,ColaEnlazada,delete,final,20260932,10,9,2000,4,-1,-1,false,318300,159.150,2000
colas,ColaEnlazada,delete,final,20260932,10,9,2000,5,-1,-1,false,99600,49.800,2000
colas,ColaEnlazada,delete,final,20260932,10,9,2000,6,-1,-1,false,95800,47.900,2000
colas,ColaEnlazada,delete,final,20260932,10,9,2000,7,-1,-1,false,96300,48.150,2000
colas,ColaEnlazada,delete,final,20260932,10,9,2000,8,-1,-1,false,94600,47.300,2000
colas,ColaEnlazada,delete,final,20260932,10,9,2000,9,-1,-1,false,121000,60.500,2000
colas,ColaEnlazada,delete,final,20260932,10,9,2000,10,-1,-1,false,120500,60.250,2000
colas,ColaEnlazada,delete,ausente,20260932,10,10,2000,1,-1,-1,false,115100,57.550,0
colas,ColaEnlazada,delete,ausente,20260932,10,10,2000,2,-1,-1,false,115900,57.950,0
colas,ColaEnlazada,delete,ausente,20260932,10,10,2000,3,-1,-1,false,115300,57.650,0
colas,ColaEnlazada,delete,ausente,20260932,10,10,2000,4,-1,-1,false,115500,57.750,0
colas,ColaEnlazada,delete,ausente,20260932,10,10,2000,5,-1,-1,false,114400,57.200,0
colas,ColaEnlazada,delete,ausente,20260932,10,10,2000,6,-1,-1,false,115100,57.550,0
colas,ColaEnlazada,delete,ausente,20260932,10,10,2000,7,-1,-1,false,115400,57.700,0
colas,ColaEnlazada,delete,ausente,20260932,10,10,2000,8,-1,-1,false,115200,57.600,0
colas,ColaEnlazada,delete,ausente,20260932,10,10,2000,9,-1,-1,false,115800,57.900,0
colas,ColaEnlazada,delete,ausente,20260932,10,10,2000,10,-1,-1,false,120000,60.000,0
pilas,PilaArreglo,push,sin_redimensionamiento,20261022,100,101,2000,1,101,101,false,15900,7.950,-4294967296000
pilas,PilaArreglo,push,sin_redimensionamiento,20261022,100,101,2000,2,101,101,false,10500,5.250,-4294967296000
pilas,PilaArreglo,push,sin_redimensionamiento,20261022,100,101,2000,3,101,101,false,13800,6.900,-4294967296000
pilas,PilaArreglo,push,sin_redimensionamiento,20261022,100,101,2000,4,101,101,false,10000,5.000,-4294967296000
pilas,PilaArreglo,push,sin_redimensionamiento,20261022,100,101,2000,5,101,101,false,17800,8.900,-4294967296000
pilas,PilaArreglo,push,sin_redimensionamiento,20261022,100,101,2000,6,101,101,false,11000,5.500,-4294967296000
pilas,PilaArreglo,push,sin_redimensionamiento,20261022,100,101,2000,7,101,101,false,12300,6.150,-4294967296000
pilas,PilaArreglo,push,sin_redimensionamiento,20261022,100,101,2000,8,101,101,false,13500,6.750,-4294967296000
pilas,PilaArreglo,push,sin_redimensionamiento,20261022,100,101,2000,9,101,101,false,9800,4.900,-4294967296000
pilas,PilaArreglo,push,sin_redimensionamiento,20261022,100,101,2000,10,101,101,false,10500,5.250,-4294967296000
pilas,PilaArreglo,push,crecimiento_forzado,20261022,100,101,2000,1,100,200,true,240600,120.300,-4294967296000
pilas,PilaArreglo,push,crecimiento_forzado,20261022,100,101,2000,2,100,200,true,205700,102.850,-4294967296000
pilas,PilaArreglo,push,crecimiento_forzado,20261022,100,101,2000,3,100,200,true,323800,161.900,-4294967296000
pilas,PilaArreglo,push,crecimiento_forzado,20261022,100,101,2000,4,100,200,true,203000,101.500,-4294967296000
pilas,PilaArreglo,push,crecimiento_forzado,20261022,100,101,2000,5,100,200,true,187000,93.500,-4294967296000
pilas,PilaArreglo,push,crecimiento_forzado,20261022,100,101,2000,6,100,200,true,179000,89.500,-4294967296000
pilas,PilaArreglo,push,crecimiento_forzado,20261022,100,101,2000,7,100,200,true,201100,100.550,-4294967296000
pilas,PilaArreglo,push,crecimiento_forzado,20261022,100,101,2000,8,100,200,true,186900,93.450,-4294967296000
pilas,PilaArreglo,push,crecimiento_forzado,20261022,100,101,2000,9,100,200,true,187000,93.500,-4294967296000
pilas,PilaArreglo,push,crecimiento_forzado,20261022,100,101,2000,10,100,200,true,179900,89.950,-4294967296000
pilas,PilaArreglo,push,secuencia_amortizada,20261022,0,100,100,1,4,128,multiple,3700,37.000,111
pilas,PilaArreglo,push,secuencia_amortizada,20261022,0,100,100,2,4,128,multiple,3800,38.000,111
pilas,PilaArreglo,push,secuencia_amortizada,20261022,0,100,100,3,4,128,multiple,4000,40.000,111
pilas,PilaArreglo,push,secuencia_amortizada,20261022,0,100,100,4,4,128,multiple,3700,37.000,111
pilas,PilaArreglo,push,secuencia_amortizada,20261022,0,100,100,5,4,128,multiple,3700,37.000,111
pilas,PilaArreglo,push,secuencia_amortizada,20261022,0,100,100,6,4,128,multiple,3700,37.000,111
pilas,PilaArreglo,push,secuencia_amortizada,20261022,0,100,100,7,4,128,multiple,3700,37.000,111
pilas,PilaArreglo,push,secuencia_amortizada,20261022,0,100,100,8,4,128,multiple,3700,37.000,111
pilas,PilaArreglo,push,secuencia_amortizada,20261022,0,100,100,9,4,128,multiple,3700,37.000,111
pilas,PilaArreglo,push,secuencia_amortizada,20261022,0,100,100,10,4,128,multiple,3600,36.000,111
pilas,PilaArreglo,pop,general,20261022,100,99,2000,1,100,100,false,14800,7.400,22000
pilas,PilaArreglo,pop,general,20261022,100,99,2000,2,100,100,false,17200,8.600,22000
pilas,PilaArreglo,pop,general,20261022,100,99,2000,3,100,100,false,18900,9.450,22000
pilas,PilaArreglo,pop,general,20261022,100,99,2000,4,100,100,false,20200,10.100,22000
pilas,PilaArreglo,pop,general,20261022,100,99,2000,5,100,100,false,25800,12.900,22000
pilas,PilaArreglo,pop,general,20261022,100,99,2000,6,100,100,false,21800,10.900,22000
pilas,PilaArreglo,pop,general,20261022,100,99,2000,7,100,100,false,26100,13.050,22000
pilas,PilaArreglo,pop,general,20261022,100,99,2000,8,100,100,false,24800,12.400,22000
pilas,PilaArreglo,pop,general,20261022,100,99,2000,9,100,100,false,29300,14.650,22000
pilas,PilaArreglo,pop,general,20261022,100,99,2000,10,100,100,false,34600,17.300,22000
pilas,PilaArreglo,peek,general,20261022,100,100,50000,1,101,101,false,800,0.016,550000
pilas,PilaArreglo,peek,general,20261022,100,100,50000,2,101,101,false,800,0.016,550000
pilas,PilaArreglo,peek,general,20261022,100,100,50000,3,101,101,false,800,0.016,550000
pilas,PilaArreglo,peek,general,20261022,100,100,50000,4,101,101,false,800,0.016,550000
pilas,PilaArreglo,peek,general,20261022,100,100,50000,5,101,101,false,800,0.016,550000
pilas,PilaArreglo,peek,general,20261022,100,100,50000,6,101,101,false,700,0.014,550000
pilas,PilaArreglo,peek,general,20261022,100,100,50000,7,101,101,false,800,0.016,550000
pilas,PilaArreglo,peek,general,20261022,100,100,50000,8,101,101,false,800,0.016,550000
pilas,PilaArreglo,peek,general,20261022,100,100,50000,9,101,101,false,700,0.014,550000
pilas,PilaArreglo,peek,general,20261022,100,100,50000,10,101,101,false,700,0.014,550000
pilas,PilaArreglo,size,no_vacia,20261022,100,100,50000,1,101,101,false,700,0.014,5000000
pilas,PilaArreglo,size,no_vacia,20261022,100,100,50000,2,101,101,false,800,0.016,5000000
pilas,PilaArreglo,size,no_vacia,20261022,100,100,50000,3,101,101,false,800,0.016,5000000
pilas,PilaArreglo,size,no_vacia,20261022,100,100,50000,4,101,101,false,700,0.014,5000000
pilas,PilaArreglo,size,no_vacia,20261022,100,100,50000,5,101,101,false,700,0.014,5000000
pilas,PilaArreglo,size,no_vacia,20261022,100,100,50000,6,101,101,false,700,0.014,5000000
pilas,PilaArreglo,size,no_vacia,20261022,100,100,50000,7,101,101,false,800,0.016,5000000
pilas,PilaArreglo,size,no_vacia,20261022,100,100,50000,8,101,101,false,700,0.014,5000000
pilas,PilaArreglo,size,no_vacia,20261022,100,100,50000,9,101,101,false,700,0.014,5000000
pilas,PilaArreglo,size,no_vacia,20261022,100,100,50000,10,101,101,false,700,0.014,5000000
pilas,PilaArreglo,isEmpty,no_vacia,20261022,100,100,50000,1,101,101,false,43900,0.878,0
pilas,PilaArreglo,isEmpty,no_vacia,20261022,100,100,50000,2,101,101,false,44500,0.890,0
pilas,PilaArreglo,isEmpty,no_vacia,20261022,100,100,50000,3,101,101,false,43900,0.878,0
pilas,PilaArreglo,isEmpty,no_vacia,20261022,100,100,50000,4,101,101,false,44100,0.882,0
pilas,PilaArreglo,isEmpty,no_vacia,20261022,100,100,50000,5,101,101,false,43600,0.872,0
pilas,PilaArreglo,isEmpty,no_vacia,20261022,100,100,50000,6,101,101,false,43600,0.872,0
pilas,PilaArreglo,isEmpty,no_vacia,20261022,100,100,50000,7,101,101,false,43700,0.874,0
pilas,PilaArreglo,isEmpty,no_vacia,20261022,100,100,50000,8,101,101,false,44700,0.894,0
pilas,PilaArreglo,isEmpty,no_vacia,20261022,100,100,50000,9,101,101,false,44100,0.882,0
pilas,PilaArreglo,isEmpty,no_vacia,20261022,100,100,50000,10,101,101,false,43800,0.876,0
pilas,PilaArreglo,delete,cima,20261022,100,99,2000,1,100,100,false,11500,5.750,2000
pilas,PilaArreglo,delete,cima,20261022,100,99,2000,2,100,100,false,7300,3.650,2000
pilas,PilaArreglo,delete,cima,20261022,100,99,2000,3,100,100,false,7000,3.500,2000
pilas,PilaArreglo,delete,cima,20261022,100,99,2000,4,100,100,false,6800,3.400,2000
pilas,PilaArreglo,delete,cima,20261022,100,99,2000,5,100,100,false,5800,2.900,2000
pilas,PilaArreglo,delete,cima,20261022,100,99,2000,6,100,100,false,5400,2.700,2000
pilas,PilaArreglo,delete,cima,20261022,100,99,2000,7,100,100,false,5500,2.750,2000
pilas,PilaArreglo,delete,cima,20261022,100,99,2000,8,100,100,false,5100,2.550,2000
pilas,PilaArreglo,delete,cima,20261022,100,99,2000,9,100,100,false,7800,3.900,2000
pilas,PilaArreglo,delete,cima,20261022,100,99,2000,10,100,100,false,5800,2.900,2000
pilas,PilaArreglo,delete,medio,20261022,100,99,2000,1,100,100,false,118500,59.250,2000
pilas,PilaArreglo,delete,medio,20261022,100,99,2000,2,100,100,false,116600,58.300,2000
pilas,PilaArreglo,delete,medio,20261022,100,99,2000,3,100,100,false,120100,60.050,2000
pilas,PilaArreglo,delete,medio,20261022,100,99,2000,4,100,100,false,116600,58.300,2000
pilas,PilaArreglo,delete,medio,20261022,100,99,2000,5,100,100,false,117000,58.500,2000
pilas,PilaArreglo,delete,medio,20261022,100,99,2000,6,100,100,false,116500,58.250,2000
pilas,PilaArreglo,delete,medio,20261022,100,99,2000,7,100,100,false,116900,58.450,2000
pilas,PilaArreglo,delete,medio,20261022,100,99,2000,8,100,100,false,117100,58.550,2000
pilas,PilaArreglo,delete,medio,20261022,100,99,2000,9,100,100,false,117300,58.650,2000
pilas,PilaArreglo,delete,medio,20261022,100,99,2000,10,100,100,false,116300,58.150,2000
pilas,PilaArreglo,delete,base,20261022,100,99,2000,1,100,100,false,219900,109.950,2000
pilas,PilaArreglo,delete,base,20261022,100,99,2000,2,100,100,false,236600,118.300,2000
pilas,PilaArreglo,delete,base,20261022,100,99,2000,3,100,100,false,215100,107.550,2000
pilas,PilaArreglo,delete,base,20261022,100,99,2000,4,100,100,false,214200,107.100,2000
pilas,PilaArreglo,delete,base,20261022,100,99,2000,5,100,100,false,214300,107.150,2000
pilas,PilaArreglo,delete,base,20261022,100,99,2000,6,100,100,false,215600,107.800,2000
pilas,PilaArreglo,delete,base,20261022,100,99,2000,7,100,100,false,213600,106.800,2000
pilas,PilaArreglo,delete,base,20261022,100,99,2000,8,100,100,false,214300,107.150,2000
pilas,PilaArreglo,delete,base,20261022,100,99,2000,9,100,100,false,214400,107.200,2000
pilas,PilaArreglo,delete,base,20261022,100,99,2000,10,100,100,false,214400,107.200,2000
pilas,PilaArreglo,delete,ausente,20261022,100,100,2000,1,100,100,false,79500,39.750,0
pilas,PilaArreglo,delete,ausente,20261022,100,100,2000,2,100,100,false,83000,41.500,0
pilas,PilaArreglo,delete,ausente,20261022,100,100,2000,3,100,100,false,67200,33.600,0
pilas,PilaArreglo,delete,ausente,20261022,100,100,2000,4,100,100,false,66100,33.050,0
pilas,PilaArreglo,delete,ausente,20261022,100,100,2000,5,100,100,false,65600,32.800,0
pilas,PilaArreglo,delete,ausente,20261022,100,100,2000,6,100,100,false,66000,33.000,0
pilas,PilaArreglo,delete,ausente,20261022,100,100,2000,7,100,100,false,268400,134.200,0
pilas,PilaArreglo,delete,ausente,20261022,100,100,2000,8,100,100,false,157200,78.600,0
pilas,PilaArreglo,delete,ausente,20261022,100,100,2000,9,100,100,false,65300,32.650,0
pilas,PilaArreglo,delete,ausente,20261022,100,100,2000,10,100,100,false,71300,35.650,0
pilas,PilaEnlazada,push,sin_redimensionamiento,20261022,100,101,2000,1,-1,-1,NA,114100,57.050,-4294967296000
pilas,PilaEnlazada,push,sin_redimensionamiento,20261022,100,101,2000,2,-1,-1,NA,20500,10.250,-4294967296000
pilas,PilaEnlazada,push,sin_redimensionamiento,20261022,100,101,2000,3,-1,-1,NA,97400,48.700,-4294967296000
pilas,PilaEnlazada,push,sin_redimensionamiento,20261022,100,101,2000,4,-1,-1,NA,23300,11.650,-4294967296000
pilas,PilaEnlazada,push,sin_redimensionamiento,20261022,100,101,2000,5,-1,-1,NA,80500,40.250,-4294967296000
pilas,PilaEnlazada,push,sin_redimensionamiento,20261022,100,101,2000,6,-1,-1,NA,32100,16.050,-4294967296000
pilas,PilaEnlazada,push,sin_redimensionamiento,20261022,100,101,2000,7,-1,-1,NA,60400,30.200,-4294967296000
pilas,PilaEnlazada,push,sin_redimensionamiento,20261022,100,101,2000,8,-1,-1,NA,42300,21.150,-4294967296000
pilas,PilaEnlazada,push,sin_redimensionamiento,20261022,100,101,2000,9,-1,-1,NA,31800,15.900,-4294967296000
pilas,PilaEnlazada,push,sin_redimensionamiento,20261022,100,101,2000,10,-1,-1,NA,67600,33.800,-4294967296000
pilas,PilaEnlazada,push,secuencia_amortizada,20261022,0,100,100,1,-1,-1,NA,3300,33.000,111
pilas,PilaEnlazada,push,secuencia_amortizada,20261022,0,100,100,2,-1,-1,NA,3400,34.000,111
pilas,PilaEnlazada,push,secuencia_amortizada,20261022,0,100,100,3,-1,-1,NA,4300,43.000,111
pilas,PilaEnlazada,push,secuencia_amortizada,20261022,0,100,100,4,-1,-1,NA,4200,42.000,111
pilas,PilaEnlazada,push,secuencia_amortizada,20261022,0,100,100,5,-1,-1,NA,4100,41.000,111
pilas,PilaEnlazada,push,secuencia_amortizada,20261022,0,100,100,6,-1,-1,NA,4100,41.000,111
pilas,PilaEnlazada,push,secuencia_amortizada,20261022,0,100,100,7,-1,-1,NA,4100,41.000,111
pilas,PilaEnlazada,push,secuencia_amortizada,20261022,0,100,100,8,-1,-1,NA,3700,37.000,111
pilas,PilaEnlazada,push,secuencia_amortizada,20261022,0,100,100,9,-1,-1,NA,3300,33.000,111
pilas,PilaEnlazada,push,secuencia_amortizada,20261022,0,100,100,10,-1,-1,NA,3300,33.000,111
pilas,PilaEnlazada,pop,general,20261022,100,99,2000,1,-1,-1,false,42000,21.000,22000
pilas,PilaEnlazada,pop,general,20261022,100,99,2000,2,-1,-1,false,68900,34.450,22000
pilas,PilaEnlazada,pop,general,20261022,100,99,2000,3,-1,-1,false,24200,12.100,22000
pilas,PilaEnlazada,pop,general,20261022,100,99,2000,4,-1,-1,false,47300,23.650,22000
pilas,PilaEnlazada,pop,general,20261022,100,99,2000,5,-1,-1,false,17600,8.800,22000
pilas,PilaEnlazada,pop,general,20261022,100,99,2000,6,-1,-1,false,23400,11.700,22000
pilas,PilaEnlazada,pop,general,20261022,100,99,2000,7,-1,-1,false,17200,8.600,22000
pilas,PilaEnlazada,pop,general,20261022,100,99,2000,8,-1,-1,false,20000,10.000,22000
pilas,PilaEnlazada,pop,general,20261022,100,99,2000,9,-1,-1,false,27800,13.900,22000
pilas,PilaEnlazada,pop,general,20261022,100,99,2000,10,-1,-1,false,16600,8.300,22000
pilas,PilaEnlazada,peek,general,20261022,100,100,50000,1,-1,-1,false,35700,0.714,550000
pilas,PilaEnlazada,peek,general,20261022,100,100,50000,2,-1,-1,false,35500,0.710,550000
pilas,PilaEnlazada,peek,general,20261022,100,100,50000,3,-1,-1,false,35000,0.700,550000
pilas,PilaEnlazada,peek,general,20261022,100,100,50000,4,-1,-1,false,35500,0.710,550000
pilas,PilaEnlazada,peek,general,20261022,100,100,50000,5,-1,-1,false,35000,0.700,550000
pilas,PilaEnlazada,peek,general,20261022,100,100,50000,6,-1,-1,false,35300,0.706,550000
pilas,PilaEnlazada,peek,general,20261022,100,100,50000,7,-1,-1,false,36100,0.722,550000
pilas,PilaEnlazada,peek,general,20261022,100,100,50000,8,-1,-1,false,40300,0.806,550000
pilas,PilaEnlazada,peek,general,20261022,100,100,50000,9,-1,-1,false,35400,0.708,550000
pilas,PilaEnlazada,peek,general,20261022,100,100,50000,10,-1,-1,false,35800,0.716,550000
pilas,PilaEnlazada,size,no_vacia,20261022,100,100,50000,1,-1,-1,false,32000,0.640,5000000
pilas,PilaEnlazada,size,no_vacia,20261022,100,100,50000,2,-1,-1,false,30600,0.612,5000000
pilas,PilaEnlazada,size,no_vacia,20261022,100,100,50000,3,-1,-1,false,30400,0.608,5000000
pilas,PilaEnlazada,size,no_vacia,20261022,100,100,50000,4,-1,-1,false,32000,0.640,5000000
pilas,PilaEnlazada,size,no_vacia,20261022,100,100,50000,5,-1,-1,false,30500,0.610,5000000
pilas,PilaEnlazada,size,no_vacia,20261022,100,100,50000,6,-1,-1,false,30600,0.612,5000000
pilas,PilaEnlazada,size,no_vacia,20261022,100,100,50000,7,-1,-1,false,31000,0.620,5000000
pilas,PilaEnlazada,size,no_vacia,20261022,100,100,50000,8,-1,-1,false,30500,0.610,5000000
pilas,PilaEnlazada,size,no_vacia,20261022,100,100,50000,9,-1,-1,false,31400,0.628,5000000
pilas,PilaEnlazada,size,no_vacia,20261022,100,100,50000,10,-1,-1,false,30400,0.608,5000000
pilas,PilaEnlazada,isEmpty,no_vacia,20261022,100,100,50000,1,-1,-1,false,100,0.002,0
pilas,PilaEnlazada,isEmpty,no_vacia,20261022,100,100,50000,2,-1,-1,false,0,0.000,0
pilas,PilaEnlazada,isEmpty,no_vacia,20261022,100,100,50000,3,-1,-1,false,100,0.002,0
pilas,PilaEnlazada,isEmpty,no_vacia,20261022,100,100,50000,4,-1,-1,false,0,0.000,0
pilas,PilaEnlazada,isEmpty,no_vacia,20261022,100,100,50000,5,-1,-1,false,0,0.000,0
pilas,PilaEnlazada,isEmpty,no_vacia,20261022,100,100,50000,6,-1,-1,false,0,0.000,0
pilas,PilaEnlazada,isEmpty,no_vacia,20261022,100,100,50000,7,-1,-1,false,0,0.000,0
pilas,PilaEnlazada,isEmpty,no_vacia,20261022,100,100,50000,8,-1,-1,false,0,0.000,0
pilas,PilaEnlazada,isEmpty,no_vacia,20261022,100,100,50000,9,-1,-1,false,100,0.002,0
pilas,PilaEnlazada,isEmpty,no_vacia,20261022,100,100,50000,10,-1,-1,false,0,0.000,0
pilas,PilaEnlazada,delete,cima,20261022,100,99,2000,1,-1,-1,false,16900,8.450,2000
pilas,PilaEnlazada,delete,cima,20261022,100,99,2000,2,-1,-1,false,17700,8.850,2000
pilas,PilaEnlazada,delete,cima,20261022,100,99,2000,3,-1,-1,false,11700,5.850,2000
pilas,PilaEnlazada,delete,cima,20261022,100,99,2000,4,-1,-1,false,13600,6.800,2000
pilas,PilaEnlazada,delete,cima,20261022,100,99,2000,5,-1,-1,false,15500,7.750,2000
pilas,PilaEnlazada,delete,cima,20261022,100,99,2000,6,-1,-1,false,8400,4.200,2000
pilas,PilaEnlazada,delete,cima,20261022,100,99,2000,7,-1,-1,false,18100,9.050,2000
pilas,PilaEnlazada,delete,cima,20261022,100,99,2000,8,-1,-1,false,11100,5.550,2000
pilas,PilaEnlazada,delete,cima,20261022,100,99,2000,9,-1,-1,false,10400,5.200,2000
pilas,PilaEnlazada,delete,cima,20261022,100,99,2000,10,-1,-1,false,15800,7.900,2000
pilas,PilaEnlazada,delete,medio,20261022,100,99,2000,1,-1,-1,false,593200,296.600,2000
pilas,PilaEnlazada,delete,medio,20261022,100,99,2000,2,-1,-1,false,452900,226.450,2000
pilas,PilaEnlazada,delete,medio,20261022,100,99,2000,3,-1,-1,false,467700,233.850,2000
pilas,PilaEnlazada,delete,medio,20261022,100,99,2000,4,-1,-1,false,636700,318.350,2000
pilas,PilaEnlazada,delete,medio,20261022,100,99,2000,5,-1,-1,false,788800,394.400,2000
pilas,PilaEnlazada,delete,medio,20261022,100,99,2000,6,-1,-1,false,581800,290.900,2000
pilas,PilaEnlazada,delete,medio,20261022,100,99,2000,7,-1,-1,false,459400,229.700,2000
pilas,PilaEnlazada,delete,medio,20261022,100,99,2000,8,-1,-1,false,768200,384.100,2000
pilas,PilaEnlazada,delete,medio,20261022,100,99,2000,9,-1,-1,false,534900,267.450,2000
pilas,PilaEnlazada,delete,medio,20261022,100,99,2000,10,-1,-1,false,561400,280.700,2000
pilas,PilaEnlazada,delete,base,20261022,100,99,2000,1,-1,-1,false,985700,492.850,2000
pilas,PilaEnlazada,delete,base,20261022,100,99,2000,2,-1,-1,false,833200,416.600,2000
pilas,PilaEnlazada,delete,base,20261022,100,99,2000,3,-1,-1,false,803700,401.850,2000
pilas,PilaEnlazada,delete,base,20261022,100,99,2000,4,-1,-1,false,897200,448.600,2000
pilas,PilaEnlazada,delete,base,20261022,100,99,2000,5,-1,-1,false,888800,444.400,2000
pilas,PilaEnlazada,delete,base,20261022,100,99,2000,6,-1,-1,false,771800,385.900,2000
pilas,PilaEnlazada,delete,base,20261022,100,99,2000,7,-1,-1,false,856000,428.000,2000
pilas,PilaEnlazada,delete,base,20261022,100,99,2000,8,-1,-1,false,1002700,501.350,2000
pilas,PilaEnlazada,delete,base,20261022,100,99,2000,9,-1,-1,false,924000,462.000,2000
pilas,PilaEnlazada,delete,base,20261022,100,99,2000,10,-1,-1,false,893400,446.700,2000
pilas,PilaEnlazada,delete,ausente,20261022,100,100,2000,1,-1,-1,false,807400,403.700,0
pilas,PilaEnlazada,delete,ausente,20261022,100,100,2000,2,-1,-1,false,732900,366.450,0
pilas,PilaEnlazada,delete,ausente,20261022,100,100,2000,3,-1,-1,false,778100,389.050,0
pilas,PilaEnlazada,delete,ausente,20261022,100,100,2000,4,-1,-1,false,761200,380.600,0
pilas,PilaEnlazada,delete,ausente,20261022,100,100,2000,5,-1,-1,false,799600,399.800,0
pilas,PilaEnlazada,delete,ausente,20261022,100,100,2000,6,-1,-1,false,590600,295.300,0
pilas,PilaEnlazada,delete,ausente,20261022,100,100,2000,7,-1,-1,false,854800,427.400,0
pilas,PilaEnlazada,delete,ausente,20261022,100,100,2000,8,-1,-1,false,1288800,644.400,0
pilas,PilaEnlazada,delete,ausente,20261022,100,100,2000,9,-1,-1,false,659800,329.900,0
pilas,PilaEnlazada,delete,ausente,20261022,100,100,2000,10,-1,-1,false,663600,331.800,0
colas,ColaEnlazada,enqueue,sin_redimensionamiento,20261022,100,101,2000,1,-1,-1,NA,38800,19.400,202000
colas,ColaEnlazada,enqueue,sin_redimensionamiento,20261022,100,101,2000,2,-1,-1,NA,50800,25.400,202000
colas,ColaEnlazada,enqueue,sin_redimensionamiento,20261022,100,101,2000,3,-1,-1,NA,41500,20.750,202000
colas,ColaEnlazada,enqueue,sin_redimensionamiento,20261022,100,101,2000,4,-1,-1,NA,39400,19.700,202000
colas,ColaEnlazada,enqueue,sin_redimensionamiento,20261022,100,101,2000,5,-1,-1,NA,38300,19.150,202000
colas,ColaEnlazada,enqueue,sin_redimensionamiento,20261022,100,101,2000,6,-1,-1,NA,36000,18.000,202000
colas,ColaEnlazada,enqueue,sin_redimensionamiento,20261022,100,101,2000,7,-1,-1,NA,41300,20.650,202000
colas,ColaEnlazada,enqueue,sin_redimensionamiento,20261022,100,101,2000,8,-1,-1,NA,36700,18.350,202000
colas,ColaEnlazada,enqueue,sin_redimensionamiento,20261022,100,101,2000,9,-1,-1,NA,35400,17.700,202000
colas,ColaEnlazada,enqueue,sin_redimensionamiento,20261022,100,101,2000,10,-1,-1,NA,42100,21.050,202000
colas,ColaEnlazada,enqueue,secuencia_amortizada,20261022,0,100,100,1,-1,-1,NA,3400,34.000,115
colas,ColaEnlazada,enqueue,secuencia_amortizada,20261022,0,100,100,2,-1,-1,NA,3400,34.000,115
colas,ColaEnlazada,enqueue,secuencia_amortizada,20261022,0,100,100,3,-1,-1,NA,3800,38.000,115
colas,ColaEnlazada,enqueue,secuencia_amortizada,20261022,0,100,100,4,-1,-1,NA,3400,34.000,115
colas,ColaEnlazada,enqueue,secuencia_amortizada,20261022,0,100,100,5,-1,-1,NA,3400,34.000,115
colas,ColaEnlazada,enqueue,secuencia_amortizada,20261022,0,100,100,6,-1,-1,NA,3400,34.000,115
colas,ColaEnlazada,enqueue,secuencia_amortizada,20261022,0,100,100,7,-1,-1,NA,3400,34.000,115
colas,ColaEnlazada,enqueue,secuencia_amortizada,20261022,0,100,100,8,-1,-1,NA,3900,39.000,115
colas,ColaEnlazada,enqueue,secuencia_amortizada,20261022,0,100,100,9,-1,-1,NA,3400,34.000,115
colas,ColaEnlazada,enqueue,secuencia_amortizada,20261022,0,100,100,10,-1,-1,NA,3400,34.000,115
colas,ColaEnlazada,dequeue,general,20261022,100,99,2000,1,-1,-1,false,35000,17.500,30000
colas,ColaEnlazada,dequeue,general,20261022,100,99,2000,2,-1,-1,false,37800,18.900,30000
colas,ColaEnlazada,dequeue,general,20261022,100,99,2000,3,-1,-1,false,35600,17.800,30000
colas,ColaEnlazada,dequeue,general,20261022,100,99,2000,4,-1,-1,false,47600,23.800,30000
colas,ColaEnlazada,dequeue,general,20261022,100,99,2000,5,-1,-1,false,102800,51.400,30000
colas,ColaEnlazada,dequeue,general,20261022,100,99,2000,6,-1,-1,false,47600,23.800,30000
colas,ColaEnlazada,dequeue,general,20261022,100,99,2000,7,-1,-1,false,51100,25.550,30000
colas,ColaEnlazada,dequeue,general,20261022,100,99,2000,8,-1,-1,false,51900,25.950,30000
colas,ColaEnlazada,dequeue,general,20261022,100,99,2000,9,-1,-1,false,20800,10.400,30000
colas,ColaEnlazada,dequeue,general,20261022,100,99,2000,10,-1,-1,false,11700,5.850,30000
colas,ColaEnlazada,front,general,20261022,100,100,50000,1,-1,-1,false,700,0.014,750000
colas,ColaEnlazada,front,general,20261022,100,100,50000,2,-1,-1,false,700,0.014,750000
colas,ColaEnlazada,front,general,20261022,100,100,50000,3,-1,-1,false,700,0.014,750000
colas,ColaEnlazada,front,general,20261022,100,100,50000,4,-1,-1,false,700,0.014,750000
colas,ColaEnlazada,front,general,20261022,100,100,50000,5,-1,-1,false,800,0.016,750000
colas,ColaEnlazada,front,general,20261022,100,100,50000,6,-1,-1,false,700,0.014,750000
colas,ColaEnlazada,front,general,20261022,100,100,50000,7,-1,-1,false,700,0.014,750000
colas,ColaEnlazada,front,general,20261022,100,100,50000,8,-1,-1,false,800,0.016,750000
colas,ColaEnlazada,front,general,20261022,100,100,50000,9,-1,-1,false,700,0.014,750000
colas,ColaEnlazada,front,general,20261022,100,100,50000,10,-1,-1,false,800,0.016,750000
colas,ColaEnlazada,size,no_vacia,20261022,100,100,50000,1,-1,-1,false,700,0.014,5000000
colas,ColaEnlazada,size,no_vacia,20261022,100,100,50000,2,-1,-1,false,700,0.014,5000000
colas,ColaEnlazada,size,no_vacia,20261022,100,100,50000,3,-1,-1,false,700,0.014,5000000
colas,ColaEnlazada,size,no_vacia,20261022,100,100,50000,4,-1,-1,false,700,0.014,5000000
colas,ColaEnlazada,size,no_vacia,20261022,100,100,50000,5,-1,-1,false,700,0.014,5000000
colas,ColaEnlazada,size,no_vacia,20261022,100,100,50000,6,-1,-1,false,700,0.014,5000000
colas,ColaEnlazada,size,no_vacia,20261022,100,100,50000,7,-1,-1,false,700,0.014,5000000
colas,ColaEnlazada,size,no_vacia,20261022,100,100,50000,8,-1,-1,false,700,0.014,5000000
colas,ColaEnlazada,size,no_vacia,20261022,100,100,50000,9,-1,-1,false,700,0.014,5000000
colas,ColaEnlazada,size,no_vacia,20261022,100,100,50000,10,-1,-1,false,700,0.014,5000000
colas,ColaEnlazada,isEmpty,no_vacia,20261022,100,100,50000,1,-1,-1,false,0,0.000,0
colas,ColaEnlazada,isEmpty,no_vacia,20261022,100,100,50000,2,-1,-1,false,0,0.000,0
colas,ColaEnlazada,isEmpty,no_vacia,20261022,100,100,50000,3,-1,-1,false,0,0.000,0
colas,ColaEnlazada,isEmpty,no_vacia,20261022,100,100,50000,4,-1,-1,false,100,0.002,0
colas,ColaEnlazada,isEmpty,no_vacia,20261022,100,100,50000,5,-1,-1,false,0,0.000,0
colas,ColaEnlazada,isEmpty,no_vacia,20261022,100,100,50000,6,-1,-1,false,100,0.002,0
colas,ColaEnlazada,isEmpty,no_vacia,20261022,100,100,50000,7,-1,-1,false,100,0.002,0
colas,ColaEnlazada,isEmpty,no_vacia,20261022,100,100,50000,8,-1,-1,false,0,0.000,0
colas,ColaEnlazada,isEmpty,no_vacia,20261022,100,100,50000,9,-1,-1,false,0,0.000,0
colas,ColaEnlazada,isEmpty,no_vacia,20261022,100,100,50000,10,-1,-1,false,100,0.002,0
colas,ColaEnlazada,delete,frente,20261022,100,99,2000,1,-1,-1,false,72600,36.300,2000
colas,ColaEnlazada,delete,frente,20261022,100,99,2000,2,-1,-1,false,59300,29.650,2000
colas,ColaEnlazada,delete,frente,20261022,100,99,2000,3,-1,-1,false,72100,36.050,2000
colas,ColaEnlazada,delete,frente,20261022,100,99,2000,4,-1,-1,false,60800,30.400,2000
colas,ColaEnlazada,delete,frente,20261022,100,99,2000,5,-1,-1,false,77600,38.800,2000
colas,ColaEnlazada,delete,frente,20261022,100,99,2000,6,-1,-1,false,66600,33.300,2000
colas,ColaEnlazada,delete,frente,20261022,100,99,2000,7,-1,-1,false,100500,50.250,2000
colas,ColaEnlazada,delete,frente,20261022,100,99,2000,8,-1,-1,false,57900,28.950,2000
colas,ColaEnlazada,delete,frente,20261022,100,99,2000,9,-1,-1,false,56800,28.400,2000
colas,ColaEnlazada,delete,frente,20261022,100,99,2000,10,-1,-1,false,56400,28.200,2000
colas,ColaEnlazada,delete,medio,20261022,100,99,2000,1,-1,-1,false,328200,164.100,2000
colas,ColaEnlazada,delete,medio,20261022,100,99,2000,2,-1,-1,false,343500,171.750,2000
colas,ColaEnlazada,delete,medio,20261022,100,99,2000,3,-1,-1,false,498600,249.300,2000
colas,ColaEnlazada,delete,medio,20261022,100,99,2000,4,-1,-1,false,463500,231.750,2000
colas,ColaEnlazada,delete,medio,20261022,100,99,2000,5,-1,-1,false,326700,163.350,2000
colas,ColaEnlazada,delete,medio,20261022,100,99,2000,6,-1,-1,false,336300,168.150,2000
colas,ColaEnlazada,delete,medio,20261022,100,99,2000,7,-1,-1,false,389100,194.550,2000
colas,ColaEnlazada,delete,medio,20261022,100,99,2000,8,-1,-1,false,425500,212.750,2000
colas,ColaEnlazada,delete,medio,20261022,100,99,2000,9,-1,-1,false,306300,153.150,2000
colas,ColaEnlazada,delete,medio,20261022,100,99,2000,10,-1,-1,false,538900,269.450,2000
colas,ColaEnlazada,delete,final,20261022,100,99,2000,1,-1,-1,false,391400,195.700,2000
colas,ColaEnlazada,delete,final,20261022,100,99,2000,2,-1,-1,false,491900,245.950,2000
colas,ColaEnlazada,delete,final,20261022,100,99,2000,3,-1,-1,false,396900,198.450,2000
colas,ColaEnlazada,delete,final,20261022,100,99,2000,4,-1,-1,false,400000,200.000,2000
colas,ColaEnlazada,delete,final,20261022,100,99,2000,5,-1,-1,false,400300,200.150,2000
colas,ColaEnlazada,delete,final,20261022,100,99,2000,6,-1,-1,false,396900,198.450,2000
colas,ColaEnlazada,delete,final,20261022,100,99,2000,7,-1,-1,false,395800,197.900,2000
colas,ColaEnlazada,delete,final,20261022,100,99,2000,8,-1,-1,false,414600,207.300,2000
colas,ColaEnlazada,delete,final,20261022,100,99,2000,9,-1,-1,false,404800,202.400,2000
colas,ColaEnlazada,delete,final,20261022,100,99,2000,10,-1,-1,false,388900,194.450,2000
colas,ColaEnlazada,delete,ausente,20261022,100,100,2000,1,-1,-1,false,383800,191.900,0
colas,ColaEnlazada,delete,ausente,20261022,100,100,2000,2,-1,-1,false,208400,104.200,0
colas,ColaEnlazada,delete,ausente,20261022,100,100,2000,3,-1,-1,false,218200,109.100,0
colas,ColaEnlazada,delete,ausente,20261022,100,100,2000,4,-1,-1,false,313600,156.800,0
colas,ColaEnlazada,delete,ausente,20261022,100,100,2000,5,-1,-1,false,230500,115.250,0
colas,ColaEnlazada,delete,ausente,20261022,100,100,2000,6,-1,-1,false,311000,155.500,0
colas,ColaEnlazada,delete,ausente,20261022,100,100,2000,7,-1,-1,false,232900,116.450,0
colas,ColaEnlazada,delete,ausente,20261022,100,100,2000,8,-1,-1,false,220300,110.150,0
colas,ColaEnlazada,delete,ausente,20261022,100,100,2000,9,-1,-1,false,221600,110.800,0
colas,ColaEnlazada,delete,ausente,20261022,100,100,2000,10,-1,-1,false,260700,130.350,0
colas,ColaArreglo,enqueue,sin_redimensionamiento,20261022,100,101,2000,1,101,101,false,68300,34.150,202000
colas,ColaArreglo,enqueue,sin_redimensionamiento,20261022,100,101,2000,2,101,101,false,71000,35.500,202000
colas,ColaArreglo,enqueue,sin_redimensionamiento,20261022,100,101,2000,3,101,101,false,67400,33.700,202000
colas,ColaArreglo,enqueue,sin_redimensionamiento,20261022,100,101,2000,4,101,101,false,67900,33.950,202000
colas,ColaArreglo,enqueue,sin_redimensionamiento,20261022,100,101,2000,5,101,101,false,75600,37.800,202000
colas,ColaArreglo,enqueue,sin_redimensionamiento,20261022,100,101,2000,6,101,101,false,72100,36.050,202000
colas,ColaArreglo,enqueue,sin_redimensionamiento,20261022,100,101,2000,7,101,101,false,70400,35.200,202000
colas,ColaArreglo,enqueue,sin_redimensionamiento,20261022,100,101,2000,8,101,101,false,64500,32.250,202000
colas,ColaArreglo,enqueue,sin_redimensionamiento,20261022,100,101,2000,9,101,101,false,67000,33.500,202000
colas,ColaArreglo,enqueue,sin_redimensionamiento,20261022,100,101,2000,10,101,101,false,64400,32.200,202000
colas,ColaArreglo,enqueue,crecimiento_forzado,20261022,100,101,2000,1,100,200,true,291800,145.900,202000
colas,ColaArreglo,enqueue,crecimiento_forzado,20261022,100,101,2000,2,100,200,true,286800,143.400,202000
colas,ColaArreglo,enqueue,crecimiento_forzado,20261022,100,101,2000,3,100,200,true,291100,145.550,202000
colas,ColaArreglo,enqueue,crecimiento_forzado,20261022,100,101,2000,4,100,200,true,291500,145.750,202000
colas,ColaArreglo,enqueue,crecimiento_forzado,20261022,100,101,2000,5,100,200,true,286700,143.350,202000
colas,ColaArreglo,enqueue,crecimiento_forzado,20261022,100,101,2000,6,100,200,true,309100,154.550,202000
colas,ColaArreglo,enqueue,crecimiento_forzado,20261022,100,101,2000,7,100,200,true,286500,143.250,202000
colas,ColaArreglo,enqueue,crecimiento_forzado,20261022,100,101,2000,8,100,200,true,285500,142.750,202000
colas,ColaArreglo,enqueue,crecimiento_forzado,20261022,100,101,2000,9,100,200,true,288000,144.000,202000
colas,ColaArreglo,enqueue,crecimiento_forzado,20261022,100,101,2000,10,100,200,true,285400,142.700,202000
colas,ColaArreglo,enqueue,secuencia_amortizada,20261022,0,100,100,1,4,128,multiple,3500,35.000,115
colas,ColaArreglo,enqueue,secuencia_amortizada,20261022,0,100,100,2,4,128,multiple,3600,36.000,115
colas,ColaArreglo,enqueue,secuencia_amortizada,20261022,0,100,100,3,4,128,multiple,3600,36.000,115
colas,ColaArreglo,enqueue,secuencia_amortizada,20261022,0,100,100,4,4,128,multiple,3600,36.000,115
colas,ColaArreglo,enqueue,secuencia_amortizada,20261022,0,100,100,5,4,128,multiple,3500,35.000,115
colas,ColaArreglo,enqueue,secuencia_amortizada,20261022,0,100,100,6,4,128,multiple,3600,36.000,115
colas,ColaArreglo,enqueue,secuencia_amortizada,20261022,0,100,100,7,4,128,multiple,3600,36.000,115
colas,ColaArreglo,enqueue,secuencia_amortizada,20261022,0,100,100,8,4,128,multiple,4000,40.000,115
colas,ColaArreglo,enqueue,secuencia_amortizada,20261022,0,100,100,9,4,128,multiple,3500,35.000,115
colas,ColaArreglo,enqueue,secuencia_amortizada,20261022,0,100,100,10,4,128,multiple,3600,36.000,115
colas,ColaArreglo,dequeue,general,20261022,100,99,2000,1,100,100,false,10300,5.150,30000
colas,ColaArreglo,dequeue,general,20261022,100,99,2000,2,100,100,false,27500,13.750,30000
colas,ColaArreglo,dequeue,general,20261022,100,99,2000,3,100,100,false,9200,4.600,30000
colas,ColaArreglo,dequeue,general,20261022,100,99,2000,4,100,100,false,9400,4.700,30000
colas,ColaArreglo,dequeue,general,20261022,100,99,2000,5,100,100,false,9800,4.900,30000
colas,ColaArreglo,dequeue,general,20261022,100,99,2000,6,100,100,false,10000,5.000,30000
colas,ColaArreglo,dequeue,general,20261022,100,99,2000,7,100,100,false,27700,13.850,30000
colas,ColaArreglo,dequeue,general,20261022,100,99,2000,8,100,100,false,10200,5.100,30000
colas,ColaArreglo,dequeue,general,20261022,100,99,2000,9,100,100,false,8800,4.400,30000
colas,ColaArreglo,dequeue,general,20261022,100,99,2000,10,100,100,false,9700,4.850,30000
colas,ColaArreglo,front,general,20261022,100,100,50000,1,101,101,false,39100,0.782,750000
colas,ColaArreglo,front,general,20261022,100,100,50000,2,101,101,false,39400,0.788,750000
colas,ColaArreglo,front,general,20261022,100,100,50000,3,101,101,false,39800,0.796,750000
colas,ColaArreglo,front,general,20261022,100,100,50000,4,101,101,false,39200,0.784,750000
colas,ColaArreglo,front,general,20261022,100,100,50000,5,101,101,false,39200,0.784,750000
colas,ColaArreglo,front,general,20261022,100,100,50000,6,101,101,false,39000,0.780,750000
colas,ColaArreglo,front,general,20261022,100,100,50000,7,101,101,false,40200,0.804,750000
colas,ColaArreglo,front,general,20261022,100,100,50000,8,101,101,false,39000,0.780,750000
colas,ColaArreglo,front,general,20261022,100,100,50000,9,101,101,false,39000,0.780,750000
colas,ColaArreglo,front,general,20261022,100,100,50000,10,101,101,false,40100,0.802,750000
colas,ColaArreglo,size,no_vacia,20261022,100,100,50000,1,101,101,false,30500,0.610,5000000
colas,ColaArreglo,size,no_vacia,20261022,100,100,50000,2,101,101,false,30500,0.610,5000000
colas,ColaArreglo,size,no_vacia,20261022,100,100,50000,3,101,101,false,30500,0.610,5000000
colas,ColaArreglo,size,no_vacia,20261022,100,100,50000,4,101,101,false,30400,0.608,5000000
colas,ColaArreglo,size,no_vacia,20261022,100,100,50000,5,101,101,false,30500,0.610,5000000
colas,ColaArreglo,size,no_vacia,20261022,100,100,50000,6,101,101,false,30400,0.608,5000000
colas,ColaArreglo,size,no_vacia,20261022,100,100,50000,7,101,101,false,30500,0.610,5000000
colas,ColaArreglo,size,no_vacia,20261022,100,100,50000,8,101,101,false,30300,0.606,5000000
colas,ColaArreglo,size,no_vacia,20261022,100,100,50000,9,101,101,false,30400,0.608,5000000
colas,ColaArreglo,size,no_vacia,20261022,100,100,50000,10,101,101,false,30400,0.608,5000000
colas,ColaArreglo,isEmpty,no_vacia,20261022,100,100,50000,1,101,101,false,19900,0.398,0
colas,ColaArreglo,isEmpty,no_vacia,20261022,100,100,50000,2,101,101,false,20200,0.404,0
colas,ColaArreglo,isEmpty,no_vacia,20261022,100,100,50000,3,101,101,false,20300,0.406,0
colas,ColaArreglo,isEmpty,no_vacia,20261022,100,100,50000,4,101,101,false,20200,0.404,0
colas,ColaArreglo,isEmpty,no_vacia,20261022,100,100,50000,5,101,101,false,20200,0.404,0
colas,ColaArreglo,isEmpty,no_vacia,20261022,100,100,50000,6,101,101,false,20300,0.406,0
colas,ColaArreglo,isEmpty,no_vacia,20261022,100,100,50000,7,101,101,false,20900,0.418,0
colas,ColaArreglo,isEmpty,no_vacia,20261022,100,100,50000,8,101,101,false,20100,0.402,0
colas,ColaArreglo,isEmpty,no_vacia,20261022,100,100,50000,9,101,101,false,20400,0.408,0
colas,ColaArreglo,isEmpty,no_vacia,20261022,100,100,50000,10,101,101,false,29300,0.586,0
colas,ColaArreglo,delete,frente,20261022,100,99,2000,1,100,100,false,526400,263.200,2000
colas,ColaArreglo,delete,frente,20261022,100,99,2000,2,100,100,false,522400,261.200,2000
colas,ColaArreglo,delete,frente,20261022,100,99,2000,3,100,100,false,526200,263.100,2000
colas,ColaArreglo,delete,frente,20261022,100,99,2000,4,100,100,false,519700,259.850,2000
colas,ColaArreglo,delete,frente,20261022,100,99,2000,5,100,100,false,525300,262.650,2000
colas,ColaArreglo,delete,frente,20261022,100,99,2000,6,100,100,false,520700,260.350,2000
colas,ColaArreglo,delete,frente,20261022,100,99,2000,7,100,100,false,689700,344.850,2000
colas,ColaArreglo,delete,frente,20261022,100,99,2000,8,100,100,false,521100,260.550,2000
colas,ColaArreglo,delete,frente,20261022,100,99,2000,9,100,100,false,524000,262.000,2000
colas,ColaArreglo,delete,frente,20261022,100,99,2000,10,100,100,false,519600,259.800,2000
colas,ColaArreglo,delete,medio,20261022,100,99,2000,1,100,100,false,381600,190.800,2000
colas,ColaArreglo,delete,medio,20261022,100,99,2000,2,100,100,false,381600,190.800,2000
colas,ColaArreglo,delete,medio,20261022,100,99,2000,3,100,100,false,384900,192.450,2000
colas,ColaArreglo,delete,medio,20261022,100,99,2000,4,100,100,false,382000,191.000,2000
colas,ColaArreglo,delete,medio,20261022,100,99,2000,5,100,100,false,381800,190.900,2000
colas,ColaArreglo,delete,medio,20261022,100,99,2000,6,100,100,false,383700,191.850,2000
colas,ColaArreglo,delete,medio,20261022,100,99,2000,7,100,100,false,384500,192.250,2000
colas,ColaArreglo,delete,medio,20261022,100,99,2000,8,100,100,false,386000,193.000,2000
colas,ColaArreglo,delete,medio,20261022,100,99,2000,9,100,100,false,382300,191.150,2000
colas,ColaArreglo,delete,medio,20261022,100,99,2000,10,100,100,false,382300,191.150,2000
colas,ColaArreglo,delete,final,20261022,100,99,2000,1,100,100,false,248800,124.400,2000
colas,ColaArreglo,delete,final,20261022,100,99,2000,2,100,100,false,248400,124.200,2000
colas,ColaArreglo,delete,final,20261022,100,99,2000,3,100,100,false,246200,123.100,2000
colas,ColaArreglo,delete,final,20261022,100,99,2000,4,100,100,false,245600,122.800,2000
colas,ColaArreglo,delete,final,20261022,100,99,2000,5,100,100,false,245700,122.850,2000
colas,ColaArreglo,delete,final,20261022,100,99,2000,6,100,100,false,245600,122.800,2000
colas,ColaArreglo,delete,final,20261022,100,99,2000,7,100,100,false,245700,122.850,2000
colas,ColaArreglo,delete,final,20261022,100,99,2000,8,100,100,false,245600,122.800,2000
colas,ColaArreglo,delete,final,20261022,100,99,2000,9,100,100,false,299600,149.800,2000
colas,ColaArreglo,delete,final,20261022,100,99,2000,10,100,100,false,245800,122.900,2000
colas,ColaArreglo,delete,ausente,20261022,100,100,2000,1,100,100,false,245800,122.900,0
colas,ColaArreglo,delete,ausente,20261022,100,100,2000,2,100,100,false,244200,122.100,0
colas,ColaArreglo,delete,ausente,20261022,100,100,2000,3,100,100,false,244100,122.050,0
colas,ColaArreglo,delete,ausente,20261022,100,100,2000,4,100,100,false,244100,122.050,0
colas,ColaArreglo,delete,ausente,20261022,100,100,2000,5,100,100,false,244400,122.200,0
colas,ColaArreglo,delete,ausente,20261022,100,100,2000,6,100,100,false,244400,122.200,0
colas,ColaArreglo,delete,ausente,20261022,100,100,2000,7,100,100,false,244400,122.200,0
colas,ColaArreglo,delete,ausente,20261022,100,100,2000,8,100,100,false,247700,123.850,0
colas,ColaArreglo,delete,ausente,20261022,100,100,2000,9,100,100,false,248700,124.350,0
colas,ColaArreglo,delete,ausente,20261022,100,100,2000,10,100,100,false,261900,130.950,0
pilas,PilaEnlazada,push,sin_redimensionamiento,20261922,1000,1001,200,1,-1,-1,NA,6700,33.500,-429496729600
pilas,PilaEnlazada,push,sin_redimensionamiento,20261922,1000,1001,200,2,-1,-1,NA,6400,32.000,-429496729600
pilas,PilaEnlazada,push,sin_redimensionamiento,20261922,1000,1001,200,3,-1,-1,NA,6100,30.500,-429496729600
pilas,PilaEnlazada,push,sin_redimensionamiento,20261922,1000,1001,200,4,-1,-1,NA,7100,35.500,-429496729600
pilas,PilaEnlazada,push,sin_redimensionamiento,20261922,1000,1001,200,5,-1,-1,NA,6100,30.500,-429496729600
pilas,PilaEnlazada,push,sin_redimensionamiento,20261922,1000,1001,200,6,-1,-1,NA,6000,30.000,-429496729600
pilas,PilaEnlazada,push,sin_redimensionamiento,20261922,1000,1001,200,7,-1,-1,NA,6500,32.500,-429496729600
pilas,PilaEnlazada,push,sin_redimensionamiento,20261922,1000,1001,200,8,-1,-1,NA,7500,37.500,-429496729600
pilas,PilaEnlazada,push,sin_redimensionamiento,20261922,1000,1001,200,9,-1,-1,NA,6800,34.000,-429496729600
pilas,PilaEnlazada,push,sin_redimensionamiento,20261922,1000,1001,200,10,-1,-1,NA,6300,31.500,-429496729600
pilas,PilaEnlazada,push,secuencia_amortizada,20261922,0,1000,1000,1,-1,-1,NA,34700,34.700,1865
pilas,PilaEnlazada,push,secuencia_amortizada,20261922,0,1000,1000,2,-1,-1,NA,35100,35.100,1865
pilas,PilaEnlazada,push,secuencia_amortizada,20261922,0,1000,1000,3,-1,-1,NA,34800,34.800,1865
pilas,PilaEnlazada,push,secuencia_amortizada,20261922,0,1000,1000,4,-1,-1,NA,32300,32.300,1865
pilas,PilaEnlazada,push,secuencia_amortizada,20261922,0,1000,1000,5,-1,-1,NA,40700,40.700,1865
pilas,PilaEnlazada,push,secuencia_amortizada,20261922,0,1000,1000,6,-1,-1,NA,42700,42.700,1865
pilas,PilaEnlazada,push,secuencia_amortizada,20261922,0,1000,1000,7,-1,-1,NA,38000,38.000,1865
pilas,PilaEnlazada,push,secuencia_amortizada,20261922,0,1000,1000,8,-1,-1,NA,32400,32.400,1865
pilas,PilaEnlazada,push,secuencia_amortizada,20261922,0,1000,1000,9,-1,-1,NA,37900,37.900,1865
pilas,PilaEnlazada,push,secuencia_amortizada,20261922,0,1000,1000,10,-1,-1,NA,37700,37.700,1865
pilas,PilaEnlazada,pop,general,20261922,1000,999,200,1,-1,-1,false,10600,53.000,173000
pilas,PilaEnlazada,pop,general,20261922,1000,999,200,2,-1,-1,false,9300,46.500,173000
pilas,PilaEnlazada,pop,general,20261922,1000,999,200,3,-1,-1,false,10700,53.500,173000
pilas,PilaEnlazada,pop,general,20261922,1000,999,200,4,-1,-1,false,9000,45.000,173000
pilas,PilaEnlazada,pop,general,20261922,1000,999,200,5,-1,-1,false,9400,47.000,173000
pilas,PilaEnlazada,pop,general,20261922,1000,999,200,6,-1,-1,false,8100,40.500,173000
pilas,PilaEnlazada,pop,general,20261922,1000,999,200,7,-1,-1,false,8600,43.000,173000
pilas,PilaEnlazada,pop,general,20261922,1000,999,200,8,-1,-1,false,9400,47.000,173000
pilas,PilaEnlazada,pop,general,20261922,1000,999,200,9,-1,-1,false,8900,44.500,173000
pilas,PilaEnlazada,pop,general,20261922,1000,999,200,10,-1,-1,false,8500,42.500,173000
pilas,PilaEnlazada,peek,general,20261922,1000,1000,50000,1,-1,-1,false,700,0.014,43250000
pilas,PilaEnlazada,peek,general,20261922,1000,1000,50000,2,-1,-1,false,700,0.014,43250000
pilas,PilaEnlazada,peek,general,20261922,1000,1000,50000,3,-1,-1,false,700,0.014,43250000
pilas,PilaEnlazada,peek,general,20261922,1000,1000,50000,4,-1,-1,false,700,0.014,43250000
pilas,PilaEnlazada,peek,general,20261922,1000,1000,50000,5,-1,-1,false,700,0.014,43250000
pilas,PilaEnlazada,peek,general,20261922,1000,1000,50000,6,-1,-1,false,800,0.016,43250000
pilas,PilaEnlazada,peek,general,20261922,1000,1000,50000,7,-1,-1,false,700,0.014,43250000
pilas,PilaEnlazada,peek,general,20261922,1000,1000,50000,8,-1,-1,false,800,0.016,43250000
pilas,PilaEnlazada,peek,general,20261922,1000,1000,50000,9,-1,-1,false,700,0.014,43250000
pilas,PilaEnlazada,peek,general,20261922,1000,1000,50000,10,-1,-1,false,800,0.016,43250000
pilas,PilaEnlazada,size,no_vacia,20261922,1000,1000,50000,1,-1,-1,false,700,0.014,50000000
pilas,PilaEnlazada,size,no_vacia,20261922,1000,1000,50000,2,-1,-1,false,800,0.016,50000000
pilas,PilaEnlazada,size,no_vacia,20261922,1000,1000,50000,3,-1,-1,false,700,0.014,50000000
pilas,PilaEnlazada,size,no_vacia,20261922,1000,1000,50000,4,-1,-1,false,700,0.014,50000000
pilas,PilaEnlazada,size,no_vacia,20261922,1000,1000,50000,5,-1,-1,false,700,0.014,50000000
pilas,PilaEnlazada,size,no_vacia,20261922,1000,1000,50000,6,-1,-1,false,700,0.014,50000000
pilas,PilaEnlazada,size,no_vacia,20261922,1000,1000,50000,7,-1,-1,false,800,0.016,50000000
pilas,PilaEnlazada,size,no_vacia,20261922,1000,1000,50000,8,-1,-1,false,700,0.014,50000000
pilas,PilaEnlazada,size,no_vacia,20261922,1000,1000,50000,9,-1,-1,false,700,0.014,50000000
pilas,PilaEnlazada,size,no_vacia,20261922,1000,1000,50000,10,-1,-1,false,700,0.014,50000000
pilas,PilaEnlazada,isEmpty,no_vacia,20261922,1000,1000,50000,1,-1,-1,false,0,0.000,0
pilas,PilaEnlazada,isEmpty,no_vacia,20261922,1000,1000,50000,2,-1,-1,false,0,0.000,0
pilas,PilaEnlazada,isEmpty,no_vacia,20261922,1000,1000,50000,3,-1,-1,false,0,0.000,0
pilas,PilaEnlazada,isEmpty,no_vacia,20261922,1000,1000,50000,4,-1,-1,false,0,0.000,0
pilas,PilaEnlazada,isEmpty,no_vacia,20261922,1000,1000,50000,5,-1,-1,false,0,0.000,0
pilas,PilaEnlazada,isEmpty,no_vacia,20261922,1000,1000,50000,6,-1,-1,false,0,0.000,0
pilas,PilaEnlazada,isEmpty,no_vacia,20261922,1000,1000,50000,7,-1,-1,false,100,0.002,0
pilas,PilaEnlazada,isEmpty,no_vacia,20261922,1000,1000,50000,8,-1,-1,false,100,0.002,0
pilas,PilaEnlazada,isEmpty,no_vacia,20261922,1000,1000,50000,9,-1,-1,false,0,0.000,0
pilas,PilaEnlazada,isEmpty,no_vacia,20261922,1000,1000,50000,10,-1,-1,false,0,0.000,0
pilas,PilaEnlazada,delete,cima,20261922,1000,999,200,1,-1,-1,false,6800,34.000,200
pilas,PilaEnlazada,delete,cima,20261922,1000,999,200,2,-1,-1,false,7000,35.000,200
pilas,PilaEnlazada,delete,cima,20261922,1000,999,200,3,-1,-1,false,8300,41.500,200
pilas,PilaEnlazada,delete,cima,20261922,1000,999,200,4,-1,-1,false,7100,35.500,200
pilas,PilaEnlazada,delete,cima,20261922,1000,999,200,5,-1,-1,false,8000,40.000,200
pilas,PilaEnlazada,delete,cima,20261922,1000,999,200,6,-1,-1,false,8900,44.500,200
pilas,PilaEnlazada,delete,cima,20261922,1000,999,200,7,-1,-1,false,8200,41.000,200
pilas,PilaEnlazada,delete,cima,20261922,1000,999,200,8,-1,-1,false,8400,42.000,200
pilas,PilaEnlazada,delete,cima,20261922,1000,999,200,9,-1,-1,false,7000,35.000,200
pilas,PilaEnlazada,delete,cima,20261922,1000,999,200,10,-1,-1,false,8500,42.500,200
pilas,PilaEnlazada,delete,medio,20261922,1000,999,200,1,-1,-1,false,802100,4010.500,200
pilas,PilaEnlazada,delete,medio,20261922,1000,999,200,2,-1,-1,false,751700,3758.500,200
pilas,PilaEnlazada,delete,medio,20261922,1000,999,200,3,-1,-1,false,497800,2489.000,200
pilas,PilaEnlazada,delete,medio,20261922,1000,999,200,4,-1,-1,false,578800,2894.000,200
pilas,PilaEnlazada,delete,medio,20261922,1000,999,200,5,-1,-1,false,1019800,5099.000,200
pilas,PilaEnlazada,delete,medio,20261922,1000,999,200,6,-1,-1,false,657400,3287.000,200
pilas,PilaEnlazada,delete,medio,20261922,1000,999,200,7,-1,-1,false,617200,3086.000,200
pilas,PilaEnlazada,delete,medio,20261922,1000,999,200,8,-1,-1,false,633800,3169.000,200
pilas,PilaEnlazada,delete,medio,20261922,1000,999,200,9,-1,-1,false,570900,2854.500,200
pilas,PilaEnlazada,delete,medio,20261922,1000,999,200,10,-1,-1,false,575700,2878.500,200
pilas,PilaEnlazada,delete,base,20261922,1000,999,200,1,-1,-1,false,820100,4100.500,200
pilas,PilaEnlazada,delete,base,20261922,1000,999,200,2,-1,-1,false,735500,3677.500,200
pilas,PilaEnlazada,delete,base,20261922,1000,999,200,3,-1,-1,false,772300,3861.500,200
pilas,PilaEnlazada,delete,base,20261922,1000,999,200,4,-1,-1,false,708400,3542.000,200
pilas,PilaEnlazada,delete,base,20261922,1000,999,200,5,-1,-1,false,731800,3659.000,200
pilas,PilaEnlazada,delete,base,20261922,1000,999,200,6,-1,-1,false,787100,3935.500,200
pilas,PilaEnlazada,delete,base,20261922,1000,999,200,7,-1,-1,false,1148300,5741.500,200
pilas,PilaEnlazada,delete,base,20261922,1000,999,200,8,-1,-1,false,687300,3436.500,200
pilas,PilaEnlazada,delete,base,20261922,1000,999,200,9,-1,-1,false,695100,3475.500,200
pilas,PilaEnlazada,delete,base,20261922,1000,999,200,10,-1,-1,false,740300,3701.500,200
pilas,PilaEnlazada,delete,ausente,20261922,1000,1000,200,1,-1,-1,false,481000,2405.000,0
pilas,PilaEnlazada,delete,ausente,20261922,1000,1000,200,2,-1,-1,false,557800,2789.000,0
pilas,PilaEnlazada,delete,ausente,20261922,1000,1000,200,3,-1,-1,false,470500,2352.500,0
pilas,PilaEnlazada,delete,ausente,20261922,1000,1000,200,4,-1,-1,false,436500,2182.500,0
pilas,PilaEnlazada,delete,ausente,20261922,1000,1000,200,5,-1,-1,false,479200,2396.000,0
pilas,PilaEnlazada,delete,ausente,20261922,1000,1000,200,6,-1,-1,false,546900,2734.500,0
pilas,PilaEnlazada,delete,ausente,20261922,1000,1000,200,7,-1,-1,false,596800,2984.000,0
pilas,PilaEnlazada,delete,ausente,20261922,1000,1000,200,8,-1,-1,false,475700,2378.500,0
pilas,PilaEnlazada,delete,ausente,20261922,1000,1000,200,9,-1,-1,false,478600,2393.000,0
pilas,PilaEnlazada,delete,ausente,20261922,1000,1000,200,10,-1,-1,false,485900,2429.500,0
pilas,PilaArreglo,push,sin_redimensionamiento,20261922,1000,1001,200,1,1001,1001,false,1600,8.000,-429496729600
pilas,PilaArreglo,push,sin_redimensionamiento,20261922,1000,1001,200,2,1001,1001,false,1900,9.500,-429496729600
pilas,PilaArreglo,push,sin_redimensionamiento,20261922,1000,1001,200,3,1001,1001,false,2800,14.000,-429496729600
pilas,PilaArreglo,push,sin_redimensionamiento,20261922,1000,1001,200,4,1001,1001,false,3100,15.500,-429496729600
pilas,PilaArreglo,push,sin_redimensionamiento,20261922,1000,1001,200,5,1001,1001,false,6000,30.000,-429496729600
pilas,PilaArreglo,push,sin_redimensionamiento,20261922,1000,1001,200,6,1001,1001,false,5800,29.000,-429496729600
pilas,PilaArreglo,push,sin_redimensionamiento,20261922,1000,1001,200,7,1001,1001,false,4700,23.500,-429496729600
pilas,PilaArreglo,push,sin_redimensionamiento,20261922,1000,1001,200,8,1001,1001,false,3800,19.000,-429496729600
pilas,PilaArreglo,push,sin_redimensionamiento,20261922,1000,1001,200,9,1001,1001,false,5300,26.500,-429496729600
pilas,PilaArreglo,push,sin_redimensionamiento,20261922,1000,1001,200,10,1001,1001,false,4700,23.500,-429496729600
pilas,PilaArreglo,push,crecimiento_forzado,20261922,1000,1001,200,1,1000,2000,true,282800,1414.000,-429496729600
pilas,PilaArreglo,push,crecimiento_forzado,20261922,1000,1001,200,2,1000,2000,true,331200,1656.000,-429496729600
pilas,PilaArreglo,push,crecimiento_forzado,20261922,1000,1001,200,3,1000,2000,true,289000,1445.000,-429496729600
pilas,PilaArreglo,push,crecimiento_forzado,20261922,1000,1001,200,4,1000,2000,true,196300,981.500,-429496729600
pilas,PilaArreglo,push,crecimiento_forzado,20261922,1000,1001,200,5,1000,2000,true,193800,969.000,-429496729600
pilas,PilaArreglo,push,crecimiento_forzado,20261922,1000,1001,200,6,1000,2000,true,198200,991.000,-429496729600
pilas,PilaArreglo,push,crecimiento_forzado,20261922,1000,1001,200,7,1000,2000,true,193400,967.000,-429496729600
pilas,PilaArreglo,push,crecimiento_forzado,20261922,1000,1001,200,8,1000,2000,true,216800,1084.000,-429496729600
pilas,PilaArreglo,push,crecimiento_forzado,20261922,1000,1001,200,9,1000,2000,true,233300,1166.500,-429496729600
pilas,PilaArreglo,push,crecimiento_forzado,20261922,1000,1001,200,10,1000,2000,true,201600,1008.000,-429496729600
pilas,PilaArreglo,push,secuencia_amortizada,20261922,0,1000,1000,1,4,1024,multiple,34600,34.600,1865
pilas,PilaArreglo,push,secuencia_amortizada,20261922,0,1000,1000,2,4,1024,multiple,40900,40.900,1865
pilas,PilaArreglo,push,secuencia_amortizada,20261922,0,1000,1000,3,4,1024,multiple,34800,34.800,1865
pilas,PilaArreglo,push,secuencia_amortizada,20261922,0,1000,1000,4,4,1024,multiple,34800,34.800,1865
pilas,PilaArreglo,push,secuencia_amortizada,20261922,0,1000,1000,5,4,1024,multiple,34900,34.900,1865
pilas,PilaArreglo,push,secuencia_amortizada,20261922,0,1000,1000,6,4,1024,multiple,36200,36.200,1865
pilas,PilaArreglo,push,secuencia_amortizada,20261922,0,1000,1000,7,4,1024,multiple,34700,34.700,1865
pilas,PilaArreglo,push,secuencia_amortizada,20261922,0,1000,1000,8,4,1024,multiple,35700,35.700,1865
pilas,PilaArreglo,push,secuencia_amortizada,20261922,0,1000,1000,9,4,1024,multiple,35600,35.600,1865
pilas,PilaArreglo,push,secuencia_amortizada,20261922,0,1000,1000,10,4,1024,multiple,34800,34.800,1865
pilas,PilaArreglo,pop,general,20261922,1000,999,200,1,1000,1000,false,1200,6.000,173000
pilas,PilaArreglo,pop,general,20261922,1000,999,200,2,1000,1000,false,1600,8.000,173000
pilas,PilaArreglo,pop,general,20261922,1000,999,200,3,1000,1000,false,1400,7.000,173000
pilas,PilaArreglo,pop,general,20261922,1000,999,200,4,1000,1000,false,1200,6.000,173000
pilas,PilaArreglo,pop,general,20261922,1000,999,200,5,1000,1000,false,1500,7.500,173000
pilas,PilaArreglo,pop,general,20261922,1000,999,200,6,1000,1000,false,5600,28.000,173000
pilas,PilaArreglo,pop,general,20261922,1000,999,200,7,1000,1000,false,1900,9.500,173000
pilas,PilaArreglo,pop,general,20261922,1000,999,200,8,1000,1000,false,1300,6.500,173000
pilas,PilaArreglo,pop,general,20261922,1000,999,200,9,1000,1000,false,2600,13.000,173000
pilas,PilaArreglo,pop,general,20261922,1000,999,200,10,1000,1000,false,1900,9.500,173000
pilas,PilaArreglo,peek,general,20261922,1000,1000,50000,1,1001,1001,false,700,0.014,43250000
pilas,PilaArreglo,peek,general,20261922,1000,1000,50000,2,1001,1001,false,700,0.014,43250000
pilas,PilaArreglo,peek,general,20261922,1000,1000,50000,3,1001,1001,false,700,0.014,43250000
pilas,PilaArreglo,peek,general,20261922,1000,1000,50000,4,1001,1001,false,800,0.016,43250000
pilas,PilaArreglo,peek,general,20261922,1000,1000,50000,5,1001,1001,false,800,0.016,43250000
pilas,PilaArreglo,peek,general,20261922,1000,1000,50000,6,1001,1001,false,700,0.014,43250000
pilas,PilaArreglo,peek,general,20261922,1000,1000,50000,7,1001,1001,false,700,0.014,43250000
pilas,PilaArreglo,peek,general,20261922,1000,1000,50000,8,1001,1001,false,700,0.014,43250000
pilas,PilaArreglo,peek,general,20261922,1000,1000,50000,9,1001,1001,false,700,0.014,43250000
pilas,PilaArreglo,peek,general,20261922,1000,1000,50000,10,1001,1001,false,800,0.016,43250000
pilas,PilaArreglo,size,no_vacia,20261922,1000,1000,50000,1,1001,1001,false,800,0.016,50000000
pilas,PilaArreglo,size,no_vacia,20261922,1000,1000,50000,2,1001,1001,false,800,0.016,50000000
pilas,PilaArreglo,size,no_vacia,20261922,1000,1000,50000,3,1001,1001,false,800,0.016,50000000
pilas,PilaArreglo,size,no_vacia,20261922,1000,1000,50000,4,1001,1001,false,700,0.014,50000000
pilas,PilaArreglo,size,no_vacia,20261922,1000,1000,50000,5,1001,1001,false,800,0.016,50000000
pilas,PilaArreglo,size,no_vacia,20261922,1000,1000,50000,6,1001,1001,false,800,0.016,50000000
pilas,PilaArreglo,size,no_vacia,20261922,1000,1000,50000,7,1001,1001,false,700,0.014,50000000
pilas,PilaArreglo,size,no_vacia,20261922,1000,1000,50000,8,1001,1001,false,700,0.014,50000000
pilas,PilaArreglo,size,no_vacia,20261922,1000,1000,50000,9,1001,1001,false,800,0.016,50000000
pilas,PilaArreglo,size,no_vacia,20261922,1000,1000,50000,10,1001,1001,false,800,0.016,50000000
pilas,PilaArreglo,isEmpty,no_vacia,20261922,1000,1000,50000,1,1001,1001,false,23700,0.474,0
pilas,PilaArreglo,isEmpty,no_vacia,20261922,1000,1000,50000,2,1001,1001,false,23000,0.460,0
pilas,PilaArreglo,isEmpty,no_vacia,20261922,1000,1000,50000,3,1001,1001,false,23200,0.464,0
pilas,PilaArreglo,isEmpty,no_vacia,20261922,1000,1000,50000,4,1001,1001,false,23200,0.464,0
pilas,PilaArreglo,isEmpty,no_vacia,20261922,1000,1000,50000,5,1001,1001,false,24100,0.482,0
pilas,PilaArreglo,isEmpty,no_vacia,20261922,1000,1000,50000,6,1001,1001,false,23000,0.460,0
pilas,PilaArreglo,isEmpty,no_vacia,20261922,1000,1000,50000,7,1001,1001,false,23000,0.460,0
pilas,PilaArreglo,isEmpty,no_vacia,20261922,1000,1000,50000,8,1001,1001,false,22900,0.458,0
pilas,PilaArreglo,isEmpty,no_vacia,20261922,1000,1000,50000,9,1001,1001,false,23800,0.476,0
pilas,PilaArreglo,isEmpty,no_vacia,20261922,1000,1000,50000,10,1001,1001,false,21400,0.428,0
pilas,PilaArreglo,delete,cima,20261922,1000,999,200,1,1000,1000,false,1500,7.500,200
pilas,PilaArreglo,delete,cima,20261922,1000,999,200,2,1000,1000,false,1200,6.000,200
pilas,PilaArreglo,delete,cima,20261922,1000,999,200,3,1000,1000,false,700,3.500,200
pilas,PilaArreglo,delete,cima,20261922,1000,999,200,4,1000,1000,false,1500,7.500,200
pilas,PilaArreglo,delete,cima,20261922,1000,999,200,5,1000,1000,false,2000,10.000,200
pilas,PilaArreglo,delete,cima,20261922,1000,999,200,6,1000,1000,false,1100,5.500,200
pilas,PilaArreglo,delete,cima,20261922,1000,999,200,7,1000,1000,false,900,4.500,200
pilas,PilaArreglo,delete,cima,20261922,1000,999,200,8,1000,1000,false,1000,5.000,200
pilas,PilaArreglo,delete,cima,20261922,1000,999,200,9,1000,1000,false,1200,6.000,200
pilas,PilaArreglo,delete,cima,20261922,1000,999,200,10,1000,1000,false,1200,6.000,200
pilas,PilaArreglo,delete,medio,20261922,1000,999,200,1,1000,1000,false,146100,730.500,200
pilas,PilaArreglo,delete,medio,20261922,1000,999,200,2,1000,1000,false,139500,697.500,200
pilas,PilaArreglo,delete,medio,20261922,1000,999,200,3,1000,1000,false,132200,661.000,200
pilas,PilaArreglo,delete,medio,20261922,1000,999,200,4,1000,1000,false,200900,1004.500,200
pilas,PilaArreglo,delete,medio,20261922,1000,999,200,5,1000,1000,false,136100,680.500,200
pilas,PilaArreglo,delete,medio,20261922,1000,999,200,6,1000,1000,false,108200,541.000,200
pilas,PilaArreglo,delete,medio,20261922,1000,999,200,7,1000,1000,false,114300,571.500,200
pilas,PilaArreglo,delete,medio,20261922,1000,999,200,8,1000,1000,false,122100,610.500,200
pilas,PilaArreglo,delete,medio,20261922,1000,999,200,9,1000,1000,false,132300,661.500,200
pilas,PilaArreglo,delete,medio,20261922,1000,999,200,10,1000,1000,false,140000,700.000,200
pilas,PilaArreglo,delete,base,20261922,1000,999,200,1,1000,1000,false,226500,1132.500,200
pilas,PilaArreglo,delete,base,20261922,1000,999,200,2,1000,1000,false,193100,965.500,200
pilas,PilaArreglo,delete,base,20261922,1000,999,200,3,1000,1000,false,260500,1302.500,200
pilas,PilaArreglo,delete,base,20261922,1000,999,200,4,1000,1000,false,235500,1177.500,200
pilas,PilaArreglo,delete,base,20261922,1000,999,200,5,1000,1000,false,229400,1147.000,200
pilas,PilaArreglo,delete,base,20261922,1000,999,200,6,1000,1000,false,420300,2101.500,200
pilas,PilaArreglo,delete,base,20261922,1000,999,200,7,1000,1000,false,415300,2076.500,200
pilas,PilaArreglo,delete,base,20261922,1000,999,200,8,1000,1000,false,228600,1143.000,200
pilas,PilaArreglo,delete,base,20261922,1000,999,200,9,1000,1000,false,250200,1251.000,200
pilas,PilaArreglo,delete,base,20261922,1000,999,200,10,1000,1000,false,199300,996.500,200
pilas,PilaArreglo,delete,ausente,20261922,1000,1000,200,1,1000,1000,false,110800,554.000,0
pilas,PilaArreglo,delete,ausente,20261922,1000,1000,200,2,1000,1000,false,120600,603.000,0
pilas,PilaArreglo,delete,ausente,20261922,1000,1000,200,3,1000,1000,false,143900,719.500,0
pilas,PilaArreglo,delete,ausente,20261922,1000,1000,200,4,1000,1000,false,218400,1092.000,0
pilas,PilaArreglo,delete,ausente,20261922,1000,1000,200,5,1000,1000,false,103200,516.000,0
pilas,PilaArreglo,delete,ausente,20261922,1000,1000,200,6,1000,1000,false,182200,911.000,0
pilas,PilaArreglo,delete,ausente,20261922,1000,1000,200,7,1000,1000,false,141100,705.500,0
pilas,PilaArreglo,delete,ausente,20261922,1000,1000,200,8,1000,1000,false,203500,1017.500,0
pilas,PilaArreglo,delete,ausente,20261922,1000,1000,200,9,1000,1000,false,139400,697.000,0
pilas,PilaArreglo,delete,ausente,20261922,1000,1000,200,10,1000,1000,false,141200,706.000,0
colas,ColaArreglo,enqueue,sin_redimensionamiento,20261922,1000,1001,200,1,1001,1001,false,7200,36.000,200200
colas,ColaArreglo,enqueue,sin_redimensionamiento,20261922,1000,1001,200,2,1001,1001,false,3000,15.000,200200
colas,ColaArreglo,enqueue,sin_redimensionamiento,20261922,1000,1001,200,3,1001,1001,false,2700,13.500,200200
colas,ColaArreglo,enqueue,sin_redimensionamiento,20261922,1000,1001,200,4,1001,1001,false,2000,10.000,200200
colas,ColaArreglo,enqueue,sin_redimensionamiento,20261922,1000,1001,200,5,1001,1001,false,1500,7.500,200200
colas,ColaArreglo,enqueue,sin_redimensionamiento,20261922,1000,1001,200,6,1001,1001,false,4700,23.500,200200
colas,ColaArreglo,enqueue,sin_redimensionamiento,20261922,1000,1001,200,7,1001,1001,false,4800,24.000,200200
colas,ColaArreglo,enqueue,sin_redimensionamiento,20261922,1000,1001,200,8,1001,1001,false,5300,26.500,200200
colas,ColaArreglo,enqueue,sin_redimensionamiento,20261922,1000,1001,200,9,1001,1001,false,4000,20.000,200200
colas,ColaArreglo,enqueue,sin_redimensionamiento,20261922,1000,1001,200,10,1001,1001,false,5400,27.000,200200
colas,ColaArreglo,enqueue,crecimiento_forzado,20261922,1000,1001,200,1,1000,2000,true,378200,1891.000,200200
colas,ColaArreglo,enqueue,crecimiento_forzado,20261922,1000,1001,200,2,1000,2000,true,397700,1988.500,200200
colas,ColaArreglo,enqueue,crecimiento_forzado,20261922,1000,1001,200,3,1000,2000,true,436900,2184.500,200200
colas,ColaArreglo,enqueue,crecimiento_forzado,20261922,1000,1001,200,4,1000,2000,true,384200,1921.000,200200
colas,ColaArreglo,enqueue,crecimiento_forzado,20261922,1000,1001,200,5,1000,2000,true,403700,2018.500,200200
colas,ColaArreglo,enqueue,crecimiento_forzado,20261922,1000,1001,200,6,1000,2000,true,375400,1877.000,200200
colas,ColaArreglo,enqueue,crecimiento_forzado,20261922,1000,1001,200,7,1000,2000,true,363900,1819.500,200200
colas,ColaArreglo,enqueue,crecimiento_forzado,20261922,1000,1001,200,8,1000,2000,true,362200,1811.000,200200
colas,ColaArreglo,enqueue,crecimiento_forzado,20261922,1000,1001,200,9,1000,2000,true,481300,2406.500,200200
colas,ColaArreglo,enqueue,crecimiento_forzado,20261922,1000,1001,200,10,1000,2000,true,420000,2100.000,200200
colas,ColaArreglo,enqueue,secuencia_amortizada,20261922,0,1000,1000,1,4,1024,multiple,35900,35.900,1157
colas,ColaArreglo,enqueue,secuencia_amortizada,20261922,0,1000,1000,2,4,1024,multiple,35500,35.500,1157
colas,ColaArreglo,enqueue,secuencia_amortizada,20261922,0,1000,1000,3,4,1024,multiple,36000,36.000,1157
colas,ColaArreglo,enqueue,secuencia_amortizada,20261922,0,1000,1000,4,4,1024,multiple,38800,38.800,1157
colas,ColaArreglo,enqueue,secuencia_amortizada,20261922,0,1000,1000,5,4,1024,multiple,36800,36.800,1157
colas,ColaArreglo,enqueue,secuencia_amortizada,20261922,0,1000,1000,6,4,1024,multiple,37500,37.500,1157
colas,ColaArreglo,enqueue,secuencia_amortizada,20261922,0,1000,1000,7,4,1024,multiple,38300,38.300,1157
colas,ColaArreglo,enqueue,secuencia_amortizada,20261922,0,1000,1000,8,4,1024,multiple,36200,36.200,1157
colas,ColaArreglo,enqueue,secuencia_amortizada,20261922,0,1000,1000,9,4,1024,multiple,36300,36.300,1157
colas,ColaArreglo,enqueue,secuencia_amortizada,20261922,0,1000,1000,10,4,1024,multiple,42400,42.400,1157
colas,ColaArreglo,dequeue,general,20261922,1000,999,200,1,1000,1000,false,5600,28.000,31400
colas,ColaArreglo,dequeue,general,20261922,1000,999,200,2,1000,1000,false,6900,34.500,31400
colas,ColaArreglo,dequeue,general,20261922,1000,999,200,3,1000,1000,false,5400,27.000,31400
colas,ColaArreglo,dequeue,general,20261922,1000,999,200,4,1000,1000,false,6100,30.500,31400
colas,ColaArreglo,dequeue,general,20261922,1000,999,200,5,1000,1000,false,5700,28.500,31400
colas,ColaArreglo,dequeue,general,20261922,1000,999,200,6,1000,1000,false,8100,40.500,31400
colas,ColaArreglo,dequeue,general,20261922,1000,999,200,7,1000,1000,false,6000,30.000,31400
colas,ColaArreglo,dequeue,general,20261922,1000,999,200,8,1000,1000,false,9500,47.500,31400
colas,ColaArreglo,dequeue,general,20261922,1000,999,200,9,1000,1000,false,5400,27.000,31400
colas,ColaArreglo,dequeue,general,20261922,1000,999,200,10,1000,1000,false,5000,25.000,31400
colas,ColaArreglo,front,general,20261922,1000,1000,50000,1,1001,1001,false,800,0.016,7850000
colas,ColaArreglo,front,general,20261922,1000,1000,50000,2,1001,1001,false,800,0.016,7850000
colas,ColaArreglo,front,general,20261922,1000,1000,50000,3,1001,1001,false,800,0.016,7850000
colas,ColaArreglo,front,general,20261922,1000,1000,50000,4,1001,1001,false,700,0.014,7850000
colas,ColaArreglo,front,general,20261922,1000,1000,50000,5,1001,1001,false,800,0.016,7850000
colas,ColaArreglo,front,general,20261922,1000,1000,50000,6,1001,1001,false,800,0.016,7850000
colas,ColaArreglo,front,general,20261922,1000,1000,50000,7,1001,1001,false,700,0.014,7850000
colas,ColaArreglo,front,general,20261922,1000,1000,50000,8,1001,1001,false,800,0.016,7850000
colas,ColaArreglo,front,general,20261922,1000,1000,50000,9,1001,1001,false,800,0.016,7850000
colas,ColaArreglo,front,general,20261922,1000,1000,50000,10,1001,1001,false,800,0.016,7850000
colas,ColaArreglo,size,no_vacia,20261922,1000,1000,50000,1,1001,1001,false,800,0.016,50000000
colas,ColaArreglo,size,no_vacia,20261922,1000,1000,50000,2,1001,1001,false,700,0.014,50000000
colas,ColaArreglo,size,no_vacia,20261922,1000,1000,50000,3,1001,1001,false,700,0.014,50000000
colas,ColaArreglo,size,no_vacia,20261922,1000,1000,50000,4,1001,1001,false,700,0.014,50000000
colas,ColaArreglo,size,no_vacia,20261922,1000,1000,50000,5,1001,1001,false,800,0.016,50000000
colas,ColaArreglo,size,no_vacia,20261922,1000,1000,50000,6,1001,1001,false,800,0.016,50000000
colas,ColaArreglo,size,no_vacia,20261922,1000,1000,50000,7,1001,1001,false,800,0.016,50000000
colas,ColaArreglo,size,no_vacia,20261922,1000,1000,50000,8,1001,1001,false,800,0.016,50000000
colas,ColaArreglo,size,no_vacia,20261922,1000,1000,50000,9,1001,1001,false,800,0.016,50000000
colas,ColaArreglo,size,no_vacia,20261922,1000,1000,50000,10,1001,1001,false,800,0.016,50000000
colas,ColaArreglo,isEmpty,no_vacia,20261922,1000,1000,50000,1,1001,1001,false,0,0.000,0
colas,ColaArreglo,isEmpty,no_vacia,20261922,1000,1000,50000,2,1001,1001,false,0,0.000,0
colas,ColaArreglo,isEmpty,no_vacia,20261922,1000,1000,50000,3,1001,1001,false,0,0.000,0
colas,ColaArreglo,isEmpty,no_vacia,20261922,1000,1000,50000,4,1001,1001,false,100,0.002,0
colas,ColaArreglo,isEmpty,no_vacia,20261922,1000,1000,50000,5,1001,1001,false,100,0.002,0
colas,ColaArreglo,isEmpty,no_vacia,20261922,1000,1000,50000,6,1001,1001,false,100,0.002,0
colas,ColaArreglo,isEmpty,no_vacia,20261922,1000,1000,50000,7,1001,1001,false,100,0.002,0
colas,ColaArreglo,isEmpty,no_vacia,20261922,1000,1000,50000,8,1001,1001,false,0,0.000,0
colas,ColaArreglo,isEmpty,no_vacia,20261922,1000,1000,50000,9,1001,1001,false,0,0.000,0
colas,ColaArreglo,isEmpty,no_vacia,20261922,1000,1000,50000,10,1001,1001,false,100,0.002,0
colas,ColaArreglo,delete,frente,20261922,1000,999,200,1,1000,1000,false,596400,2982.000,200
colas,ColaArreglo,delete,frente,20261922,1000,999,200,2,1000,1000,false,594100,2970.500,200
colas,ColaArreglo,delete,frente,20261922,1000,999,200,3,1000,1000,false,596000,2980.000,200
colas,ColaArreglo,delete,frente,20261922,1000,999,200,4,1000,1000,false,590400,2952.000,200
colas,ColaArreglo,delete,frente,20261922,1000,999,200,5,1000,1000,false,596700,2983.500,200
colas,ColaArreglo,delete,frente,20261922,1000,999,200,6,1000,1000,false,611700,3058.500,200
colas,ColaArreglo,delete,frente,20261922,1000,999,200,7,1000,1000,false,617000,3085.000,200
colas,ColaArreglo,delete,frente,20261922,1000,999,200,8,1000,1000,false,591900,2959.500,200
colas,ColaArreglo,delete,frente,20261922,1000,999,200,9,1000,1000,false,594900,2974.500,200
colas,ColaArreglo,delete,frente,20261922,1000,999,200,10,1000,1000,false,603400,3017.000,200
colas,ColaArreglo,delete,medio,20261922,1000,999,200,1,1000,1000,false,429200,2146.000,200
colas,ColaArreglo,delete,medio,20261922,1000,999,200,2,1000,1000,false,441600,2208.000,200
colas,ColaArreglo,delete,medio,20261922,1000,999,200,3,1000,1000,false,458100,2290.500,200
colas,ColaArreglo,delete,medio,20261922,1000,999,200,4,1000,1000,false,438700,2193.500,200
colas,ColaArreglo,delete,medio,20261922,1000,999,200,5,1000,1000,false,428500,2142.500,200
colas,ColaArreglo,delete,medio,20261922,1000,999,200,6,1000,1000,false,434500,2172.500,200
colas,ColaArreglo,delete,medio,20261922,1000,999,200,7,1000,1000,false,434700,2173.500,200
colas,ColaArreglo,delete,medio,20261922,1000,999,200,8,1000,1000,false,437200,2186.000,200
colas,ColaArreglo,delete,medio,20261922,1000,999,200,9,1000,1000,false,433700,2168.500,200
colas,ColaArreglo,delete,medio,20261922,1000,999,200,10,1000,1000,false,448100,2240.500,200
colas,ColaArreglo,delete,final,20261922,1000,999,200,1,1000,1000,false,290100,1450.500,200
colas,ColaArreglo,delete,final,20261922,1000,999,200,2,1000,1000,false,302200,1511.000,200
colas,ColaArreglo,delete,final,20261922,1000,999,200,3,1000,1000,false,283800,1419.000,200
colas,ColaArreglo,delete,final,20261922,1000,999,200,4,1000,1000,false,324400,1622.000,200
colas,ColaArreglo,delete,final,20261922,1000,999,200,5,1000,1000,false,280100,1400.500,200
colas,ColaArreglo,delete,final,20261922,1000,999,200,6,1000,1000,false,281500,1407.500,200
colas,ColaArreglo,delete,final,20261922,1000,999,200,7,1000,1000,false,292200,1461.000,200
colas,ColaArreglo,delete,final,20261922,1000,999,200,8,1000,1000,false,276900,1384.500,200
colas,ColaArreglo,delete,final,20261922,1000,999,200,9,1000,1000,false,309700,1548.500,200
colas,ColaArreglo,delete,final,20261922,1000,999,200,10,1000,1000,false,370600,1853.000,200
colas,ColaArreglo,delete,ausente,20261922,1000,1000,200,1,1000,1000,false,278600,1393.000,0
colas,ColaArreglo,delete,ausente,20261922,1000,1000,200,2,1000,1000,false,298900,1494.500,0
colas,ColaArreglo,delete,ausente,20261922,1000,1000,200,3,1000,1000,false,283600,1418.000,0
colas,ColaArreglo,delete,ausente,20261922,1000,1000,200,4,1000,1000,false,319200,1596.000,0
colas,ColaArreglo,delete,ausente,20261922,1000,1000,200,5,1000,1000,false,301600,1508.000,0
colas,ColaArreglo,delete,ausente,20261922,1000,1000,200,6,1000,1000,false,272000,1360.000,0
colas,ColaArreglo,delete,ausente,20261922,1000,1000,200,7,1000,1000,false,287400,1437.000,0
colas,ColaArreglo,delete,ausente,20261922,1000,1000,200,8,1000,1000,false,275200,1376.000,0
colas,ColaArreglo,delete,ausente,20261922,1000,1000,200,9,1000,1000,false,319800,1599.000,0
colas,ColaArreglo,delete,ausente,20261922,1000,1000,200,10,1000,1000,false,304000,1520.000,0
colas,ColaEnlazada,enqueue,sin_redimensionamiento,20261922,1000,1001,200,1,-1,-1,NA,7800,39.000,200200
colas,ColaEnlazada,enqueue,sin_redimensionamiento,20261922,1000,1001,200,2,-1,-1,NA,8600,43.000,200200
colas,ColaEnlazada,enqueue,sin_redimensionamiento,20261922,1000,1001,200,3,-1,-1,NA,12800,64.000,200200
colas,ColaEnlazada,enqueue,sin_redimensionamiento,20261922,1000,1001,200,4,-1,-1,NA,8000,40.000,200200
colas,ColaEnlazada,enqueue,sin_redimensionamiento,20261922,1000,1001,200,5,-1,-1,NA,7800,39.000,200200
colas,ColaEnlazada,enqueue,sin_redimensionamiento,20261922,1000,1001,200,6,-1,-1,NA,8900,44.500,200200
colas,ColaEnlazada,enqueue,sin_redimensionamiento,20261922,1000,1001,200,7,-1,-1,NA,18000,90.000,200200
colas,ColaEnlazada,enqueue,sin_redimensionamiento,20261922,1000,1001,200,8,-1,-1,NA,8800,44.000,200200
colas,ColaEnlazada,enqueue,sin_redimensionamiento,20261922,1000,1001,200,9,-1,-1,NA,7900,39.500,200200
colas,ColaEnlazada,enqueue,sin_redimensionamiento,20261922,1000,1001,200,10,-1,-1,NA,8300,41.500,200200
colas,ColaEnlazada,enqueue,secuencia_amortizada,20261922,0,1000,1000,1,-1,-1,NA,35400,35.400,1157
colas,ColaEnlazada,enqueue,secuencia_amortizada,20261922,0,1000,1000,2,-1,-1,NA,35600,35.600,1157
colas,ColaEnlazada,enqueue,secuencia_amortizada,20261922,0,1000,1000,3,-1,-1,NA,35000,35.000,1157
colas,ColaEnlazada,enqueue,secuencia_amortizada,20261922,0,1000,1000,4,-1,-1,NA,42300,42.300,1157
colas,ColaEnlazada,enqueue,secuencia_amortizada,20261922,0,1000,1000,5,-1,-1,NA,35000,35.000,1157
colas,ColaEnlazada,enqueue,secuencia_amortizada,20261922,0,1000,1000,6,-1,-1,NA,34900,34.900,1157
colas,ColaEnlazada,enqueue,secuencia_amortizada,20261922,0,1000,1000,7,-1,-1,NA,35100,35.100,1157
colas,ColaEnlazada,enqueue,secuencia_amortizada,20261922,0,1000,1000,8,-1,-1,NA,35100,35.100,1157
colas,ColaEnlazada,enqueue,secuencia_amortizada,20261922,0,1000,1000,9,-1,-1,NA,35200,35.200,1157
colas,ColaEnlazada,enqueue,secuencia_amortizada,20261922,0,1000,1000,10,-1,-1,NA,35300,35.300,1157
colas,ColaEnlazada,dequeue,general,20261922,1000,999,200,1,-1,-1,false,3400,17.000,31400
colas,ColaEnlazada,dequeue,general,20261922,1000,999,200,2,-1,-1,false,3300,16.500,31400
colas,ColaEnlazada,dequeue,general,20261922,1000,999,200,3,-1,-1,false,4400,22.000,31400
colas,ColaEnlazada,dequeue,general,20261922,1000,999,200,4,-1,-1,false,5300,26.500,31400
colas,ColaEnlazada,dequeue,general,20261922,1000,999,200,5,-1,-1,false,4300,21.500,31400
colas,ColaEnlazada,dequeue,general,20261922,1000,999,200,6,-1,-1,false,2800,14.000,31400
colas,ColaEnlazada,dequeue,general,20261922,1000,999,200,7,-1,-1,false,2500,12.500,31400
colas,ColaEnlazada,dequeue,general,20261922,1000,999,200,8,-1,-1,false,2500,12.500,31400
colas,ColaEnlazada,dequeue,general,20261922,1000,999,200,9,-1,-1,false,2900,14.500,31400
colas,ColaEnlazada,dequeue,general,20261922,1000,999,200,10,-1,-1,false,3100,15.500,31400
colas,ColaEnlazada,front,general,20261922,1000,1000,50000,1,-1,-1,false,1000,0.020,7850000
colas,ColaEnlazada,front,general,20261922,1000,1000,50000,2,-1,-1,false,1200,0.024,7850000
colas,ColaEnlazada,front,general,20261922,1000,1000,50000,3,-1,-1,false,1300,0.026,7850000
colas,ColaEnlazada,front,general,20261922,1000,1000,50000,4,-1,-1,false,1200,0.024,7850000
colas,ColaEnlazada,front,general,20261922,1000,1000,50000,5,-1,-1,false,1300,0.026,7850000
colas,ColaEnlazada,front,general,20261922,1000,1000,50000,6,-1,-1,false,1200,0.024,7850000
colas,ColaEnlazada,front,general,20261922,1000,1000,50000,7,-1,-1,false,1000,0.020,7850000
colas,ColaEnlazada,front,general,20261922,1000,1000,50000,8,-1,-1,false,1200,0.024,7850000
colas,ColaEnlazada,front,general,20261922,1000,1000,50000,9,-1,-1,false,1000,0.020,7850000
colas,ColaEnlazada,front,general,20261922,1000,1000,50000,10,-1,-1,false,1300,0.026,7850000
colas,ColaEnlazada,size,no_vacia,20261922,1000,1000,50000,1,-1,-1,false,800,0.016,50000000
colas,ColaEnlazada,size,no_vacia,20261922,1000,1000,50000,2,-1,-1,false,700,0.014,50000000
colas,ColaEnlazada,size,no_vacia,20261922,1000,1000,50000,3,-1,-1,false,800,0.016,50000000
colas,ColaEnlazada,size,no_vacia,20261922,1000,1000,50000,4,-1,-1,false,700,0.014,50000000
colas,ColaEnlazada,size,no_vacia,20261922,1000,1000,50000,5,-1,-1,false,800,0.016,50000000
colas,ColaEnlazada,size,no_vacia,20261922,1000,1000,50000,6,-1,-1,false,700,0.014,50000000
colas,ColaEnlazada,size,no_vacia,20261922,1000,1000,50000,7,-1,-1,false,800,0.016,50000000
colas,ColaEnlazada,size,no_vacia,20261922,1000,1000,50000,8,-1,-1,false,800,0.016,50000000
colas,ColaEnlazada,size,no_vacia,20261922,1000,1000,50000,9,-1,-1,false,800,0.016,50000000
colas,ColaEnlazada,size,no_vacia,20261922,1000,1000,50000,10,-1,-1,false,800,0.016,50000000
colas,ColaEnlazada,isEmpty,no_vacia,20261922,1000,1000,50000,1,-1,-1,false,0,0.000,0
colas,ColaEnlazada,isEmpty,no_vacia,20261922,1000,1000,50000,2,-1,-1,false,0,0.000,0
colas,ColaEnlazada,isEmpty,no_vacia,20261922,1000,1000,50000,3,-1,-1,false,0,0.000,0
colas,ColaEnlazada,isEmpty,no_vacia,20261922,1000,1000,50000,4,-1,-1,false,0,0.000,0
colas,ColaEnlazada,isEmpty,no_vacia,20261922,1000,1000,50000,5,-1,-1,false,0,0.000,0
colas,ColaEnlazada,isEmpty,no_vacia,20261922,1000,1000,50000,6,-1,-1,false,0,0.000,0
colas,ColaEnlazada,isEmpty,no_vacia,20261922,1000,1000,50000,7,-1,-1,false,0,0.000,0
colas,ColaEnlazada,isEmpty,no_vacia,20261922,1000,1000,50000,8,-1,-1,false,0,0.000,0
colas,ColaEnlazada,isEmpty,no_vacia,20261922,1000,1000,50000,9,-1,-1,false,0,0.000,0
colas,ColaEnlazada,isEmpty,no_vacia,20261922,1000,1000,50000,10,-1,-1,false,0,0.000,0
colas,ColaEnlazada,delete,frente,20261922,1000,999,200,1,-1,-1,false,3400,17.000,200
colas,ColaEnlazada,delete,frente,20261922,1000,999,200,2,-1,-1,false,3300,16.500,200
colas,ColaEnlazada,delete,frente,20261922,1000,999,200,3,-1,-1,false,2700,13.500,200
colas,ColaEnlazada,delete,frente,20261922,1000,999,200,4,-1,-1,false,3900,19.500,200
colas,ColaEnlazada,delete,frente,20261922,1000,999,200,5,-1,-1,false,3300,16.500,200
colas,ColaEnlazada,delete,frente,20261922,1000,999,200,6,-1,-1,false,3000,15.000,200
colas,ColaEnlazada,delete,frente,20261922,1000,999,200,7,-1,-1,false,3700,18.500,200
colas,ColaEnlazada,delete,frente,20261922,1000,999,200,8,-1,-1,false,3200,16.000,200
colas,ColaEnlazada,delete,frente,20261922,1000,999,200,9,-1,-1,false,3200,16.000,200
colas,ColaEnlazada,delete,frente,20261922,1000,999,200,10,-1,-1,false,3800,19.000,200
colas,ColaEnlazada,delete,medio,20261922,1000,999,200,1,-1,-1,false,513300,2566.500,200
colas,ColaEnlazada,delete,medio,20261922,1000,999,200,2,-1,-1,false,449900,2249.500,200
colas,ColaEnlazada,delete,medio,20261922,1000,999,200,3,-1,-1,false,505500,2527.500,200
colas,ColaEnlazada,delete,medio,20261922,1000,999,200,4,-1,-1,false,580200,2901.000,200
colas,ColaEnlazada,delete,medio,20261922,1000,999,200,5,-1,-1,false,493000,2465.000,200
colas,ColaEnlazada,delete,medio,20261922,1000,999,200,6,-1,-1,false,405700,2028.500,200
colas,ColaEnlazada,delete,medio,20261922,1000,999,200,7,-1,-1,false,495500,2477.500,200
colas,ColaEnlazada,delete,medio,20261922,1000,999,200,8,-1,-1,false,461400,2307.000,200
colas,ColaEnlazada,delete,medio,20261922,1000,999,200,9,-1,-1,false,518600,2593.000,200
colas,ColaEnlazada,delete,medio,20261922,1000,999,200,10,-1,-1,false,525100,2625.500,200
colas,ColaEnlazada,delete,final,20261922,1000,999,200,1,-1,-1,false,558900,2794.500,200
colas,ColaEnlazada,delete,final,20261922,1000,999,200,2,-1,-1,false,563200,2816.000,200
colas,ColaEnlazada,delete,final,20261922,1000,999,200,3,-1,-1,false,538400,2692.000,200
colas,ColaEnlazada,delete,final,20261922,1000,999,200,4,-1,-1,false,513600,2568.000,200
colas,ColaEnlazada,delete,final,20261922,1000,999,200,5,-1,-1,false,533600,2668.000,200
colas,ColaEnlazada,delete,final,20261922,1000,999,200,6,-1,-1,false,525500,2627.500,200
colas,ColaEnlazada,delete,final,20261922,1000,999,200,7,-1,-1,false,582900,2914.500,200
colas,ColaEnlazada,delete,final,20261922,1000,999,200,8,-1,-1,false,524500,2622.500,200
colas,ColaEnlazada,delete,final,20261922,1000,999,200,9,-1,-1,false,540900,2704.500,200
colas,ColaEnlazada,delete,final,20261922,1000,999,200,10,-1,-1,false,515600,2578.000,200
colas,ColaEnlazada,delete,ausente,20261922,1000,1000,200,1,-1,-1,false,337700,1688.500,0
colas,ColaEnlazada,delete,ausente,20261922,1000,1000,200,2,-1,-1,false,334200,1671.000,0
colas,ColaEnlazada,delete,ausente,20261922,1000,1000,200,3,-1,-1,false,285300,1426.500,0
colas,ColaEnlazada,delete,ausente,20261922,1000,1000,200,4,-1,-1,false,288500,1442.500,0
colas,ColaEnlazada,delete,ausente,20261922,1000,1000,200,5,-1,-1,false,397900,1989.500,0
colas,ColaEnlazada,delete,ausente,20261922,1000,1000,200,6,-1,-1,false,362300,1811.500,0
colas,ColaEnlazada,delete,ausente,20261922,1000,1000,200,7,-1,-1,false,459900,2299.500,0
colas,ColaEnlazada,delete,ausente,20261922,1000,1000,200,8,-1,-1,false,370800,1854.000,0
colas,ColaEnlazada,delete,ausente,20261922,1000,1000,200,9,-1,-1,false,283600,1418.000,0
colas,ColaEnlazada,delete,ausente,20261922,1000,1000,200,10,-1,-1,false,264600,1323.000,0
pilas,PilaArreglo,push,sin_redimensionamiento,20270922,10000,10001,20,1,10001,10001,false,1000,50.000,-42949672960
pilas,PilaArreglo,push,sin_redimensionamiento,20270922,10000,10001,20,2,10001,10001,false,700,35.000,-42949672960
pilas,PilaArreglo,push,sin_redimensionamiento,20270922,10000,10001,20,3,10001,10001,false,600,30.000,-42949672960
pilas,PilaArreglo,push,sin_redimensionamiento,20270922,10000,10001,20,4,10001,10001,false,700,35.000,-42949672960
pilas,PilaArreglo,push,sin_redimensionamiento,20270922,10000,10001,20,5,10001,10001,false,700,35.000,-42949672960
pilas,PilaArreglo,push,sin_redimensionamiento,20270922,10000,10001,20,6,10001,10001,false,900,45.000,-42949672960
pilas,PilaArreglo,push,sin_redimensionamiento,20270922,10000,10001,20,7,10001,10001,false,800,40.000,-42949672960
pilas,PilaArreglo,push,sin_redimensionamiento,20270922,10000,10001,20,8,10001,10001,false,800,40.000,-42949672960
pilas,PilaArreglo,push,sin_redimensionamiento,20270922,10000,10001,20,9,10001,10001,false,600,30.000,-42949672960
pilas,PilaArreglo,push,sin_redimensionamiento,20270922,10000,10001,20,10,10001,10001,false,1100,55.000,-42949672960
pilas,PilaArreglo,push,crecimiento_forzado,20270922,10000,10001,20,1,10000,20000,true,248200,12410.000,-42949672960
pilas,PilaArreglo,push,crecimiento_forzado,20270922,10000,10001,20,2,10000,20000,true,300500,15025.000,-42949672960
pilas,PilaArreglo,push,crecimiento_forzado,20270922,10000,10001,20,3,10000,20000,true,302500,15125.000,-42949672960
pilas,PilaArreglo,push,crecimiento_forzado,20270922,10000,10001,20,4,10000,20000,true,288300,14415.000,-42949672960
pilas,PilaArreglo,push,crecimiento_forzado,20270922,10000,10001,20,5,10000,20000,true,286000,14300.000,-42949672960
pilas,PilaArreglo,push,crecimiento_forzado,20270922,10000,10001,20,6,10000,20000,true,280400,14020.000,-42949672960
pilas,PilaArreglo,push,crecimiento_forzado,20270922,10000,10001,20,7,10000,20000,true,271600,13580.000,-42949672960
pilas,PilaArreglo,push,crecimiento_forzado,20270922,10000,10001,20,8,10000,20000,true,267700,13385.000,-42949672960
pilas,PilaArreglo,push,crecimiento_forzado,20270922,10000,10001,20,9,10000,20000,true,269400,13470.000,-42949672960
pilas,PilaArreglo,push,crecimiento_forzado,20270922,10000,10001,20,10,10000,20000,true,264900,13245.000,-42949672960
pilas,PilaArreglo,push,secuencia_amortizada,20270922,0,10000,10000,1,4,16384,multiple,92800,9.280,19181
pilas,PilaArreglo,push,secuencia_amortizada,20270922,0,10000,10000,2,4,16384,multiple,102400,10.240,19181
pilas,PilaArreglo,push,secuencia_amortizada,20270922,0,10000,10000,3,4,16384,multiple,75500,7.550,19181
pilas,PilaArreglo,push,secuencia_amortizada,20270922,0,10000,10000,4,4,16384,multiple,90700,9.070,19181
pilas,PilaArreglo,push,secuencia_amortizada,20270922,0,10000,10000,5,4,16384,multiple,109300,10.930,19181
pilas,PilaArreglo,push,secuencia_amortizada,20270922,0,10000,10000,6,4,16384,multiple,71300,7.130,19181
pilas,PilaArreglo,push,secuencia_amortizada,20270922,0,10000,10000,7,4,16384,multiple,65600,6.560,19181
pilas,PilaArreglo,push,secuencia_amortizada,20270922,0,10000,10000,8,4,16384,multiple,68200,6.820,19181
pilas,PilaArreglo,push,secuencia_amortizada,20270922,0,10000,10000,9,4,16384,multiple,68300,6.830,19181
pilas,PilaArreglo,push,secuencia_amortizada,20270922,0,10000,10000,10,4,16384,multiple,64700,6.470,19181
pilas,PilaArreglo,pop,general,20270922,10000,9999,20,1,10000,10000,false,2300,115.000,183620
pilas,PilaArreglo,pop,general,20270922,10000,9999,20,2,10000,10000,false,1400,70.000,183620
pilas,PilaArreglo,pop,general,20270922,10000,9999,20,3,10000,10000,false,1500,75.000,183620
pilas,PilaArreglo,pop,general,20270922,10000,9999,20,4,10000,10000,false,1600,80.000,183620
pilas,PilaArreglo,pop,general,20270922,10000,9999,20,5,10000,10000,false,2300,115.000,183620
pilas,PilaArreglo,pop,general,20270922,10000,9999,20,6,10000,10000,false,1700,85.000,183620
pilas,PilaArreglo,pop,general,20270922,10000,9999,20,7,10000,10000,false,1600,80.000,183620
pilas,PilaArreglo,pop,general,20270922,10000,9999,20,8,10000,10000,false,1500,75.000,183620
pilas,PilaArreglo,pop,general,20270922,10000,9999,20,9,10000,10000,false,1700,85.000,183620
pilas,PilaArreglo,pop,general,20270922,10000,9999,20,10,10000,10000,false,1500,75.000,183620
pilas,PilaArreglo,peek,general,20270922,10000,10000,50000,1,10001,10001,false,800,0.016,459050000
pilas,PilaArreglo,peek,general,20270922,10000,10000,50000,2,10001,10001,false,800,0.016,459050000
pilas,PilaArreglo,peek,general,20270922,10000,10000,50000,3,10001,10001,false,700,0.014,459050000
pilas,PilaArreglo,peek,general,20270922,10000,10000,50000,4,10001,10001,false,800,0.016,459050000
pilas,PilaArreglo,peek,general,20270922,10000,10000,50000,5,10001,10001,false,800,0.016,459050000
pilas,PilaArreglo,peek,general,20270922,10000,10000,50000,6,10001,10001,false,700,0.014,459050000
pilas,PilaArreglo,peek,general,20270922,10000,10000,50000,7,10001,10001,false,700,0.014,459050000
pilas,PilaArreglo,peek,general,20270922,10000,10000,50000,8,10001,10001,false,800,0.016,459050000
pilas,PilaArreglo,peek,general,20270922,10000,10000,50000,9,10001,10001,false,800,0.016,459050000
pilas,PilaArreglo,peek,general,20270922,10000,10000,50000,10,10001,10001,false,800,0.016,459050000
pilas,PilaArreglo,size,no_vacia,20270922,10000,10000,50000,1,10001,10001,false,800,0.016,500000000
pilas,PilaArreglo,size,no_vacia,20270922,10000,10000,50000,2,10001,10001,false,800,0.016,500000000
pilas,PilaArreglo,size,no_vacia,20270922,10000,10000,50000,3,10001,10001,false,700,0.014,500000000
pilas,PilaArreglo,size,no_vacia,20270922,10000,10000,50000,4,10001,10001,false,700,0.014,500000000
pilas,PilaArreglo,size,no_vacia,20270922,10000,10000,50000,5,10001,10001,false,700,0.014,500000000
pilas,PilaArreglo,size,no_vacia,20270922,10000,10000,50000,6,10001,10001,false,900,0.018,500000000
pilas,PilaArreglo,size,no_vacia,20270922,10000,10000,50000,7,10001,10001,false,800,0.016,500000000
pilas,PilaArreglo,size,no_vacia,20270922,10000,10000,50000,8,10001,10001,false,700,0.014,500000000
pilas,PilaArreglo,size,no_vacia,20270922,10000,10000,50000,9,10001,10001,false,700,0.014,500000000
pilas,PilaArreglo,size,no_vacia,20270922,10000,10000,50000,10,10001,10001,false,700,0.014,500000000
pilas,PilaArreglo,isEmpty,no_vacia,20270922,10000,10000,50000,1,10001,10001,false,0,0.000,0
pilas,PilaArreglo,isEmpty,no_vacia,20270922,10000,10000,50000,2,10001,10001,false,100,0.002,0
pilas,PilaArreglo,isEmpty,no_vacia,20270922,10000,10000,50000,3,10001,10001,false,0,0.000,0
pilas,PilaArreglo,isEmpty,no_vacia,20270922,10000,10000,50000,4,10001,10001,false,0,0.000,0
pilas,PilaArreglo,isEmpty,no_vacia,20270922,10000,10000,50000,5,10001,10001,false,0,0.000,0
pilas,PilaArreglo,isEmpty,no_vacia,20270922,10000,10000,50000,6,10001,10001,false,0,0.000,0
pilas,PilaArreglo,isEmpty,no_vacia,20270922,10000,10000,50000,7,10001,10001,false,0,0.000,0
pilas,PilaArreglo,isEmpty,no_vacia,20270922,10000,10000,50000,8,10001,10001,false,0,0.000,0
pilas,PilaArreglo,isEmpty,no_vacia,20270922,10000,10000,50000,9,10001,10001,false,0,0.000,0
pilas,PilaArreglo,isEmpty,no_vacia,20270922,10000,10000,50000,10,10001,10001,false,0,0.000,0
pilas,PilaArreglo,delete,cima,20270922,10000,9999,20,1,10000,10000,false,1000,50.000,20
pilas,PilaArreglo,delete,cima,20270922,10000,9999,20,2,10000,10000,false,800,40.000,20
pilas,PilaArreglo,delete,cima,20270922,10000,9999,20,3,10000,10000,false,800,40.000,20
pilas,PilaArreglo,delete,cima,20270922,10000,9999,20,4,10000,10000,false,1000,50.000,20
pilas,PilaArreglo,delete,cima,20270922,10000,9999,20,5,10000,10000,false,900,45.000,20
pilas,PilaArreglo,delete,cima,20270922,10000,9999,20,6,10000,10000,false,800,40.000,20
pilas,PilaArreglo,delete,cima,20270922,10000,9999,20,7,10000,10000,false,1000,50.000,20
pilas,PilaArreglo,delete,cima,20270922,10000,9999,20,8,10000,10000,false,900,45.000,20
pilas,PilaArreglo,delete,cima,20270922,10000,9999,20,9,10000,10000,false,1000,50.000,20
pilas,PilaArreglo,delete,cima,20270922,10000,9999,20,10,10000,10000,false,800,40.000,20
pilas,PilaArreglo,delete,medio,20270922,10000,9999,20,1,10000,10000,false,156400,7820.000,20
pilas,PilaArreglo,delete,medio,20270922,10000,9999,20,2,10000,10000,false,151000,7550.000,20
pilas,PilaArreglo,delete,medio,20270922,10000,9999,20,3,10000,10000,false,153000,7650.000,20
pilas,PilaArreglo,delete,medio,20270922,10000,9999,20,4,10000,10000,false,130100,6505.000,20
pilas,PilaArreglo,delete,medio,20270922,10000,9999,20,5,10000,10000,false,153800,7690.000,20
pilas,PilaArreglo,delete,medio,20270922,10000,9999,20,6,10000,10000,false,148400,7420.000,20
pilas,PilaArreglo,delete,medio,20270922,10000,9999,20,7,10000,10000,false,159100,7955.000,20
pilas,PilaArreglo,delete,medio,20270922,10000,9999,20,8,10000,10000,false,237900,11895.000,20
pilas,PilaArreglo,delete,medio,20270922,10000,9999,20,9,10000,10000,false,161700,8085.000,20
pilas,PilaArreglo,delete,medio,20270922,10000,9999,20,10,10000,10000,false,197200,9860.000,20
pilas,PilaArreglo,delete,base,20270922,10000,9999,20,1,10000,10000,false,183300,9165.000,20
pilas,PilaArreglo,delete,base,20270922,10000,9999,20,2,10000,10000,false,190000,9500.000,20
pilas,PilaArreglo,delete,base,20270922,10000,9999,20,3,10000,10000,false,194800,9740.000,20
pilas,PilaArreglo,delete,base,20270922,10000,9999,20,4,10000,10000,false,210300,10515.000,20
pilas,PilaArreglo,delete,base,20270922,10000,9999,20,5,10000,10000,false,224100,11205.000,20
pilas,PilaArreglo,delete,base,20270922,10000,9999,20,6,10000,10000,false,201100,10055.000,20
pilas,PilaArreglo,delete,base,20270922,10000,9999,20,7,10000,10000,false,198200,9910.000,20
pilas,PilaArreglo,delete,base,20270922,10000,9999,20,8,10000,10000,false,204900,10245.000,20
pilas,PilaArreglo,delete,base,20270922,10000,9999,20,9,10000,10000,false,285300,14265.000,20
pilas,PilaArreglo,delete,base,20270922,10000,9999,20,10,10000,10000,false,199000,9950.000,20
pilas,PilaArreglo,delete,ausente,20270922,10000,10000,20,1,10000,10000,false,103000,5150.000,0
pilas,PilaArreglo,delete,ausente,20270922,10000,10000,20,2,10000,10000,false,173000,8650.000,0
pilas,PilaArreglo,delete,ausente,20270922,10000,10000,20,3,10000,10000,false,88300,4415.000,0
pilas,PilaArreglo,delete,ausente,20270922,10000,10000,20,4,10000,10000,false,94400,4720.000,0
pilas,PilaArreglo,delete,ausente,20270922,10000,10000,20,5,10000,10000,false,111600,5580.000,0
pilas,PilaArreglo,delete,ausente,20270922,10000,10000,20,6,10000,10000,false,107300,5365.000,0
pilas,PilaArreglo,delete,ausente,20270922,10000,10000,20,7,10000,10000,false,168900,8445.000,0
pilas,PilaArreglo,delete,ausente,20270922,10000,10000,20,8,10000,10000,false,101000,5050.000,0
pilas,PilaArreglo,delete,ausente,20270922,10000,10000,20,9,10000,10000,false,89700,4485.000,0
pilas,PilaArreglo,delete,ausente,20270922,10000,10000,20,10,10000,10000,false,96700,4835.000,0
pilas,PilaEnlazada,push,sin_redimensionamiento,20270922,10000,10001,20,1,-1,-1,NA,600,30.000,-42949672960
pilas,PilaEnlazada,push,sin_redimensionamiento,20270922,10000,10001,20,2,-1,-1,NA,600,30.000,-42949672960
pilas,PilaEnlazada,push,sin_redimensionamiento,20270922,10000,10001,20,3,-1,-1,NA,600,30.000,-42949672960
pilas,PilaEnlazada,push,sin_redimensionamiento,20270922,10000,10001,20,4,-1,-1,NA,500,25.000,-42949672960
pilas,PilaEnlazada,push,sin_redimensionamiento,20270922,10000,10001,20,5,-1,-1,NA,500,25.000,-42949672960
pilas,PilaEnlazada,push,sin_redimensionamiento,20270922,10000,10001,20,6,-1,-1,NA,600,30.000,-42949672960
pilas,PilaEnlazada,push,sin_redimensionamiento,20270922,10000,10001,20,7,-1,-1,NA,700,35.000,-42949672960
pilas,PilaEnlazada,push,sin_redimensionamiento,20270922,10000,10001,20,8,-1,-1,NA,700,35.000,-42949672960
pilas,PilaEnlazada,push,sin_redimensionamiento,20270922,10000,10001,20,9,-1,-1,NA,400,20.000,-42949672960
pilas,PilaEnlazada,push,sin_redimensionamiento,20270922,10000,10001,20,10,-1,-1,NA,300,15.000,-42949672960
pilas,PilaEnlazada,push,secuencia_amortizada,20270922,0,10000,10000,1,-1,-1,NA,69100,6.910,19181
pilas,PilaEnlazada,push,secuencia_amortizada,20270922,0,10000,10000,2,-1,-1,NA,71300,7.130,19181
pilas,PilaEnlazada,push,secuencia_amortizada,20270922,0,10000,10000,3,-1,-1,NA,67600,6.760,19181
pilas,PilaEnlazada,push,secuencia_amortizada,20270922,0,10000,10000,4,-1,-1,NA,65100,6.510,19181
pilas,PilaEnlazada,push,secuencia_amortizada,20270922,0,10000,10000,5,-1,-1,NA,65400,6.540,19181
pilas,PilaEnlazada,push,secuencia_amortizada,20270922,0,10000,10000,6,-1,-1,NA,64800,6.480,19181
pilas,PilaEnlazada,push,secuencia_amortizada,20270922,0,10000,10000,7,-1,-1,NA,63300,6.330,19181
pilas,PilaEnlazada,push,secuencia_amortizada,20270922,0,10000,10000,8,-1,-1,NA,65900,6.590,19181
pilas,PilaEnlazada,push,secuencia_amortizada,20270922,0,10000,10000,9,-1,-1,NA,64600,6.460,19181
pilas,PilaEnlazada,push,secuencia_amortizada,20270922,0,10000,10000,10,-1,-1,NA,63400,6.340,19181
pilas,PilaEnlazada,pop,general,20270922,10000,9999,20,1,-1,-1,false,1800,90.000,183620
pilas,PilaEnlazada,pop,general,20270922,10000,9999,20,2,-1,-1,false,700,35.000,183620
pilas,PilaEnlazada,pop,general,20270922,10000,9999,20,3,-1,-1,false,1800,90.000,183620
pilas,PilaEnlazada,pop,general,20270922,10000,9999,20,4,-1,-1,false,500,25.000,183620
pilas,PilaEnlazada,pop,general,20270922,10000,9999,20,5,-1,-1,false,700,35.000,183620
pilas,PilaEnlazada,pop,general,20270922,10000,9999,20,6,-1,-1,false,400,20.000,183620
pilas,PilaEnlazada,pop,general,20270922,10000,9999,20,7,-1,-1,false,1100,55.000,183620
pilas,PilaEnlazada,pop,general,20270922,10000,9999,20,8,-1,-1,false,600,30.000,183620
pilas,PilaEnlazada,pop,general,20270922,10000,9999,20,9,-1,-1,false,1000,50.000,183620
pilas,PilaEnlazada,pop,general,20270922,10000,9999,20,10,-1,-1,false,1000,50.000,183620
pilas,PilaEnlazada,peek,general,20270922,10000,10000,50000,1,-1,-1,false,800,0.016,459050000
pilas,PilaEnlazada,peek,general,20270922,10000,10000,50000,2,-1,-1,false,800,0.016,459050000
pilas,PilaEnlazada,peek,general,20270922,10000,10000,50000,3,-1,-1,false,800,0.016,459050000
pilas,PilaEnlazada,peek,general,20270922,10000,10000,50000,4,-1,-1,false,700,0.014,459050000
pilas,PilaEnlazada,peek,general,20270922,10000,10000,50000,5,-1,-1,false,800,0.016,459050000
pilas,PilaEnlazada,peek,general,20270922,10000,10000,50000,6,-1,-1,false,800,0.016,459050000
pilas,PilaEnlazada,peek,general,20270922,10000,10000,50000,7,-1,-1,false,700,0.014,459050000
pilas,PilaEnlazada,peek,general,20270922,10000,10000,50000,8,-1,-1,false,800,0.016,459050000
pilas,PilaEnlazada,peek,general,20270922,10000,10000,50000,9,-1,-1,false,800,0.016,459050000
pilas,PilaEnlazada,peek,general,20270922,10000,10000,50000,10,-1,-1,false,800,0.016,459050000
pilas,PilaEnlazada,size,no_vacia,20270922,10000,10000,50000,1,-1,-1,false,700,0.014,500000000
pilas,PilaEnlazada,size,no_vacia,20270922,10000,10000,50000,2,-1,-1,false,700,0.014,500000000
pilas,PilaEnlazada,size,no_vacia,20270922,10000,10000,50000,3,-1,-1,false,700,0.014,500000000
pilas,PilaEnlazada,size,no_vacia,20270922,10000,10000,50000,4,-1,-1,false,900,0.018,500000000
pilas,PilaEnlazada,size,no_vacia,20270922,10000,10000,50000,5,-1,-1,false,700,0.014,500000000
pilas,PilaEnlazada,size,no_vacia,20270922,10000,10000,50000,6,-1,-1,false,700,0.014,500000000
pilas,PilaEnlazada,size,no_vacia,20270922,10000,10000,50000,7,-1,-1,false,800,0.016,500000000
pilas,PilaEnlazada,size,no_vacia,20270922,10000,10000,50000,8,-1,-1,false,1000,0.020,500000000
pilas,PilaEnlazada,size,no_vacia,20270922,10000,10000,50000,9,-1,-1,false,900,0.018,500000000
pilas,PilaEnlazada,size,no_vacia,20270922,10000,10000,50000,10,-1,-1,false,800,0.016,500000000
pilas,PilaEnlazada,isEmpty,no_vacia,20270922,10000,10000,50000,1,-1,-1,false,0,0.000,0
pilas,PilaEnlazada,isEmpty,no_vacia,20270922,10000,10000,50000,2,-1,-1,false,0,0.000,0
pilas,PilaEnlazada,isEmpty,no_vacia,20270922,10000,10000,50000,3,-1,-1,false,0,0.000,0
pilas,PilaEnlazada,isEmpty,no_vacia,20270922,10000,10000,50000,4,-1,-1,false,0,0.000,0
pilas,PilaEnlazada,isEmpty,no_vacia,20270922,10000,10000,50000,5,-1,-1,false,0,0.000,0
pilas,PilaEnlazada,isEmpty,no_vacia,20270922,10000,10000,50000,6,-1,-1,false,0,0.000,0
pilas,PilaEnlazada,isEmpty,no_vacia,20270922,10000,10000,50000,7,-1,-1,false,0,0.000,0
pilas,PilaEnlazada,isEmpty,no_vacia,20270922,10000,10000,50000,8,-1,-1,false,100,0.002,0
pilas,PilaEnlazada,isEmpty,no_vacia,20270922,10000,10000,50000,9,-1,-1,false,0,0.000,0
pilas,PilaEnlazada,isEmpty,no_vacia,20270922,10000,10000,50000,10,-1,-1,false,0,0.000,0
pilas,PilaEnlazada,delete,cima,20270922,10000,9999,20,1,-1,-1,false,500,25.000,20
pilas,PilaEnlazada,delete,cima,20270922,10000,9999,20,2,-1,-1,false,3900,195.000,20
pilas,PilaEnlazada,delete,cima,20270922,10000,9999,20,3,-1,-1,false,1800,90.000,20
pilas,PilaEnlazada,delete,cima,20270922,10000,9999,20,4,-1,-1,false,2400,120.000,20
pilas,PilaEnlazada,delete,cima,20270922,10000,9999,20,5,-1,-1,false,900,45.000,20
pilas,PilaEnlazada,delete,cima,20270922,10000,9999,20,6,-1,-1,false,1300,65.000,20
pilas,PilaEnlazada,delete,cima,20270922,10000,9999,20,7,-1,-1,false,1600,80.000,20
pilas,PilaEnlazada,delete,cima,20270922,10000,9999,20,8,-1,-1,false,1800,90.000,20
pilas,PilaEnlazada,delete,cima,20270922,10000,9999,20,9,-1,-1,false,1200,60.000,20
pilas,PilaEnlazada,delete,cima,20270922,10000,9999,20,10,-1,-1,false,1400,70.000,20
pilas,PilaEnlazada,delete,medio,20270922,10000,9999,20,1,-1,-1,false,354200,17710.000,20
pilas,PilaEnlazada,delete,medio,20270922,10000,9999,20,2,-1,-1,false,258300,12915.000,20
pilas,PilaEnlazada,delete,medio,20270922,10000,9999,20,3,-1,-1,false,330300,16515.000,20
pilas,PilaEnlazada,delete,medio,20270922,10000,9999,20,4,-1,-1,false,303500,15175.000,20
pilas,PilaEnlazada,delete,medio,20270922,10000,9999,20,5,-1,-1,false,356800,17840.000,20
pilas,PilaEnlazada,delete,medio,20270922,10000,9999,20,6,-1,-1,false,322800,16140.000,20
pilas,PilaEnlazada,delete,medio,20270922,10000,9999,20,7,-1,-1,false,270400,13520.000,20
pilas,PilaEnlazada,delete,medio,20270922,10000,9999,20,8,-1,-1,false,253300,12665.000,20
pilas,PilaEnlazada,delete,medio,20270922,10000,9999,20,9,-1,-1,false,251800,12590.000,20
pilas,PilaEnlazada,delete,medio,20270922,10000,9999,20,10,-1,-1,false,277500,13875.000,20
pilas,PilaEnlazada,delete,base,20270922,10000,9999,20,1,-1,-1,false,644800,32240.000,20
pilas,PilaEnlazada,delete,base,20270922,10000,9999,20,2,-1,-1,false,734200,36710.000,20
pilas,PilaEnlazada,delete,base,20270922,10000,9999,20,3,-1,-1,false,582300,29115.000,20
pilas,PilaEnlazada,delete,base,20270922,10000,9999,20,4,-1,-1,false,569000,28450.000,20
pilas,PilaEnlazada,delete,base,20270922,10000,9999,20,5,-1,-1,false,603600,30180.000,20
pilas,PilaEnlazada,delete,base,20270922,10000,9999,20,6,-1,-1,false,555100,27755.000,20
pilas,PilaEnlazada,delete,base,20270922,10000,9999,20,7,-1,-1,false,591600,29580.000,20
pilas,PilaEnlazada,delete,base,20270922,10000,9999,20,8,-1,-1,false,598300,29915.000,20
pilas,PilaEnlazada,delete,base,20270922,10000,9999,20,9,-1,-1,false,585200,29260.000,20
pilas,PilaEnlazada,delete,base,20270922,10000,9999,20,10,-1,-1,false,573000,28650.000,20
pilas,PilaEnlazada,delete,ausente,20270922,10000,10000,20,1,-1,-1,false,365300,18265.000,0
pilas,PilaEnlazada,delete,ausente,20270922,10000,10000,20,2,-1,-1,false,428400,21420.000,0
pilas,PilaEnlazada,delete,ausente,20270922,10000,10000,20,3,-1,-1,false,368600,18430.000,0
pilas,PilaEnlazada,delete,ausente,20270922,10000,10000,20,4,-1,-1,false,375900,18795.000,0
pilas,PilaEnlazada,delete,ausente,20270922,10000,10000,20,5,-1,-1,false,466800,23340.000,0
pilas,PilaEnlazada,delete,ausente,20270922,10000,10000,20,6,-1,-1,false,356100,17805.000,0
pilas,PilaEnlazada,delete,ausente,20270922,10000,10000,20,7,-1,-1,false,371100,18555.000,0
pilas,PilaEnlazada,delete,ausente,20270922,10000,10000,20,8,-1,-1,false,358900,17945.000,0
pilas,PilaEnlazada,delete,ausente,20270922,10000,10000,20,9,-1,-1,false,352600,17630.000,0
pilas,PilaEnlazada,delete,ausente,20270922,10000,10000,20,10,-1,-1,false,331300,16565.000,0
colas,ColaEnlazada,enqueue,sin_redimensionamiento,20270922,10000,10001,20,1,-1,-1,NA,200,10.000,200020
colas,ColaEnlazada,enqueue,sin_redimensionamiento,20270922,10000,10001,20,2,-1,-1,NA,700,35.000,200020
colas,ColaEnlazada,enqueue,sin_redimensionamiento,20270922,10000,10001,20,3,-1,-1,NA,1500,75.000,200020
colas,ColaEnlazada,enqueue,sin_redimensionamiento,20270922,10000,10001,20,4,-1,-1,NA,2300,115.000,200020
colas,ColaEnlazada,enqueue,sin_redimensionamiento,20270922,10000,10001,20,5,-1,-1,NA,1900,95.000,200020
colas,ColaEnlazada,enqueue,sin_redimensionamiento,20270922,10000,10001,20,6,-1,-1,NA,1800,90.000,200020
colas,ColaEnlazada,enqueue,sin_redimensionamiento,20270922,10000,10001,20,7,-1,-1,NA,1700,85.000,200020
colas,ColaEnlazada,enqueue,sin_redimensionamiento,20270922,10000,10001,20,8,-1,-1,NA,900,45.000,200020
colas,ColaEnlazada,enqueue,sin_redimensionamiento,20270922,10000,10001,20,9,-1,-1,NA,1000,50.000,200020
colas,ColaEnlazada,enqueue,sin_redimensionamiento,20270922,10000,10001,20,10,-1,-1,NA,1200,60.000,200020
colas,ColaEnlazada,enqueue,secuencia_amortizada,20270922,0,10000,10000,1,-1,-1,NA,176300,17.630,17903
colas,ColaEnlazada,enqueue,secuencia_amortizada,20270922,0,10000,10000,2,-1,-1,NA,209700,20.970,17903
colas,ColaEnlazada,enqueue,secuencia_amortizada,20270922,0,10000,10000,3,-1,-1,NA,295400,29.540,17903
colas,ColaEnlazada,enqueue,secuencia_amortizada,20270922,0,10000,10000,4,-1,-1,NA,260200,26.020,17903
colas,ColaEnlazada,enqueue,secuencia_amortizada,20270922,0,10000,10000,5,-1,-1,NA,229700,22.970,17903
colas,ColaEnlazada,enqueue,secuencia_amortizada,20270922,0,10000,10000,6,-1,-1,NA,392600,39.260,17903
colas,ColaEnlazada,enqueue,secuencia_amortizada,20270922,0,10000,10000,7,-1,-1,NA,302400,30.240,17903
colas,ColaEnlazada,enqueue,secuencia_amortizada,20270922,0,10000,10000,8,-1,-1,NA,209100,20.910,17903
colas,ColaEnlazada,enqueue,secuencia_amortizada,20270922,0,10000,10000,9,-1,-1,NA,264400,26.440,17903
colas,ColaEnlazada,enqueue,secuencia_amortizada,20270922,0,10000,10000,10,-1,-1,NA,277800,27.780,17903
colas,ColaEnlazada,dequeue,general,20270922,10000,9999,20,1,-1,-1,false,1000,50.000,158060
colas,ColaEnlazada,dequeue,general,20270922,10000,9999,20,2,-1,-1,false,1800,90.000,158060
colas,ColaEnlazada,dequeue,general,20270922,10000,9999,20,3,-1,-1,false,1600,80.000,158060
colas,ColaEnlazada,dequeue,general,20270922,10000,9999,20,4,-1,-1,false,1000,50.000,158060
colas,ColaEnlazada,dequeue,general,20270922,10000,9999,20,5,-1,-1,false,900,45.000,158060
colas,ColaEnlazada,dequeue,general,20270922,10000,9999,20,6,-1,-1,false,1900,95.000,158060
colas,ColaEnlazada,dequeue,general,20270922,10000,9999,20,7,-1,-1,false,1100,55.000,158060
colas,ColaEnlazada,dequeue,general,20270922,10000,9999,20,8,-1,-1,false,1100,55.000,158060
colas,ColaEnlazada,dequeue,general,20270922,10000,9999,20,9,-1,-1,false,1000,50.000,158060
colas,ColaEnlazada,dequeue,general,20270922,10000,9999,20,10,-1,-1,false,1300,65.000,158060
colas,ColaEnlazada,front,general,20270922,10000,10000,50000,1,-1,-1,false,1000,0.020,395150000
colas,ColaEnlazada,front,general,20270922,10000,10000,50000,2,-1,-1,false,900,0.018,395150000
colas,ColaEnlazada,front,general,20270922,10000,10000,50000,3,-1,-1,false,900,0.018,395150000
colas,ColaEnlazada,front,general,20270922,10000,10000,50000,4,-1,-1,false,900,0.018,395150000
colas,ColaEnlazada,front,general,20270922,10000,10000,50000,5,-1,-1,false,900,0.018,395150000
colas,ColaEnlazada,front,general,20270922,10000,10000,50000,6,-1,-1,false,1300,0.026,395150000
colas,ColaEnlazada,front,general,20270922,10000,10000,50000,7,-1,-1,false,1000,0.020,395150000
colas,ColaEnlazada,front,general,20270922,10000,10000,50000,8,-1,-1,false,1100,0.022,395150000
colas,ColaEnlazada,front,general,20270922,10000,10000,50000,9,-1,-1,false,1000,0.020,395150000
colas,ColaEnlazada,front,general,20270922,10000,10000,50000,10,-1,-1,false,1000,0.020,395150000
colas,ColaEnlazada,size,no_vacia,20270922,10000,10000,50000,1,-1,-1,false,1800,0.036,500000000
colas,ColaEnlazada,size,no_vacia,20270922,10000,10000,50000,2,-1,-1,false,800,0.016,500000000
colas,ColaEnlazada,size,no_vacia,20270922,10000,10000,50000,3,-1,-1,false,800,0.016,500000000
colas,ColaEnlazada,size,no_vacia,20270922,10000,10000,50000,4,-1,-1,false,700,0.014,500000000
colas,ColaEnlazada,size,no_vacia,20270922,10000,10000,50000,5,-1,-1,false,800,0.016,500000000
colas,ColaEnlazada,size,no_vacia,20270922,10000,10000,50000,6,-1,-1,false,800,0.016,500000000
colas,ColaEnlazada,size,no_vacia,20270922,10000,10000,50000,7,-1,-1,false,800,0.016,500000000
colas,ColaEnlazada,size,no_vacia,20270922,10000,10000,50000,8,-1,-1,false,800,0.016,500000000
colas,ColaEnlazada,size,no_vacia,20270922,10000,10000,50000,9,-1,-1,false,800,0.016,500000000
colas,ColaEnlazada,size,no_vacia,20270922,10000,10000,50000,10,-1,-1,false,800,0.016,500000000
colas,ColaEnlazada,isEmpty,no_vacia,20270922,10000,10000,50000,1,-1,-1,false,0,0.000,0
colas,ColaEnlazada,isEmpty,no_vacia,20270922,10000,10000,50000,2,-1,-1,false,0,0.000,0
colas,ColaEnlazada,isEmpty,no_vacia,20270922,10000,10000,50000,3,-1,-1,false,100,0.002,0
colas,ColaEnlazada,isEmpty,no_vacia,20270922,10000,10000,50000,4,-1,-1,false,0,0.000,0
colas,ColaEnlazada,isEmpty,no_vacia,20270922,10000,10000,50000,5,-1,-1,false,100,0.002,0
colas,ColaEnlazada,isEmpty,no_vacia,20270922,10000,10000,50000,6,-1,-1,false,0,0.000,0
colas,ColaEnlazada,isEmpty,no_vacia,20270922,10000,10000,50000,7,-1,-1,false,100,0.002,0
colas,ColaEnlazada,isEmpty,no_vacia,20270922,10000,10000,50000,8,-1,-1,false,0,0.000,0
colas,ColaEnlazada,isEmpty,no_vacia,20270922,10000,10000,50000,9,-1,-1,false,0,0.000,0
colas,ColaEnlazada,isEmpty,no_vacia,20270922,10000,10000,50000,10,-1,-1,false,0,0.000,0
colas,ColaEnlazada,delete,frente,20270922,10000,9999,20,1,-1,-1,false,600,30.000,20
colas,ColaEnlazada,delete,frente,20270922,10000,9999,20,2,-1,-1,false,500,25.000,20
colas,ColaEnlazada,delete,frente,20270922,10000,9999,20,3,-1,-1,false,500,25.000,20
colas,ColaEnlazada,delete,frente,20270922,10000,9999,20,4,-1,-1,false,500,25.000,20
colas,ColaEnlazada,delete,frente,20270922,10000,9999,20,5,-1,-1,false,600,30.000,20
colas,ColaEnlazada,delete,frente,20270922,10000,9999,20,6,-1,-1,false,600,30.000,20
colas,ColaEnlazada,delete,frente,20270922,10000,9999,20,7,-1,-1,false,700,35.000,20
colas,ColaEnlazada,delete,frente,20270922,10000,9999,20,8,-1,-1,false,700,35.000,20
colas,ColaEnlazada,delete,frente,20270922,10000,9999,20,9,-1,-1,false,700,35.000,20
colas,ColaEnlazada,delete,frente,20270922,10000,9999,20,10,-1,-1,false,500,25.000,20
colas,ColaEnlazada,delete,medio,20270922,10000,9999,20,1,-1,-1,false,253000,12650.000,20
colas,ColaEnlazada,delete,medio,20270922,10000,9999,20,2,-1,-1,false,319100,15955.000,20
colas,ColaEnlazada,delete,medio,20270922,10000,9999,20,3,-1,-1,false,326200,16310.000,20
colas,ColaEnlazada,delete,medio,20270922,10000,9999,20,4,-1,-1,false,370200,18510.000,20
colas,ColaEnlazada,delete,medio,20270922,10000,9999,20,5,-1,-1,false,308700,15435.000,20
colas,ColaEnlazada,delete,medio,20270922,10000,9999,20,6,-1,-1,false,316800,15840.000,20
colas,ColaEnlazada,delete,medio,20270922,10000,9999,20,7,-1,-1,false,312500,15625.000,20
colas,ColaEnlazada,delete,medio,20270922,10000,9999,20,8,-1,-1,false,307700,15385.000,20
colas,ColaEnlazada,delete,medio,20270922,10000,9999,20,9,-1,-1,false,296800,14840.000,20
colas,ColaEnlazada,delete,medio,20270922,10000,9999,20,10,-1,-1,false,331700,16585.000,20
colas,ColaEnlazada,delete,final,20270922,10000,9999,20,1,-1,-1,false,630300,31515.000,20
colas,ColaEnlazada,delete,final,20270922,10000,9999,20,2,-1,-1,false,538300,26915.000,20
colas,ColaEnlazada,delete,final,20270922,10000,9999,20,3,-1,-1,false,707700,35385.000,20
colas,ColaEnlazada,delete,final,20270922,10000,9999,20,4,-1,-1,false,560200,28010.000,20
colas,ColaEnlazada,delete,final,20270922,10000,9999,20,5,-1,-1,false,566700,28335.000,20
colas,ColaEnlazada,delete,final,20270922,10000,9999,20,6,-1,-1,false,572800,28640.000,20
colas,ColaEnlazada,delete,final,20270922,10000,9999,20,7,-1,-1,false,583800,29190.000,20
colas,ColaEnlazada,delete,final,20270922,10000,9999,20,8,-1,-1,false,486700,24335.000,20
colas,ColaEnlazada,delete,final,20270922,10000,9999,20,9,-1,-1,false,472000,23600.000,20
colas,ColaEnlazada,delete,final,20270922,10000,9999,20,10,-1,-1,false,541600,27080.000,20
colas,ColaEnlazada,delete,ausente,20270922,10000,10000,20,1,-1,-1,false,307900,15395.000,0
colas,ColaEnlazada,delete,ausente,20270922,10000,10000,20,2,-1,-1,false,443300,22165.000,0
colas,ColaEnlazada,delete,ausente,20270922,10000,10000,20,3,-1,-1,false,304100,15205.000,0
colas,ColaEnlazada,delete,ausente,20270922,10000,10000,20,4,-1,-1,false,338400,16920.000,0
colas,ColaEnlazada,delete,ausente,20270922,10000,10000,20,5,-1,-1,false,289900,14495.000,0
colas,ColaEnlazada,delete,ausente,20270922,10000,10000,20,6,-1,-1,false,319400,15970.000,0
colas,ColaEnlazada,delete,ausente,20270922,10000,10000,20,7,-1,-1,false,306700,15335.000,0
colas,ColaEnlazada,delete,ausente,20270922,10000,10000,20,8,-1,-1,false,388700,19435.000,0
colas,ColaEnlazada,delete,ausente,20270922,10000,10000,20,9,-1,-1,false,263000,13150.000,0
colas,ColaEnlazada,delete,ausente,20270922,10000,10000,20,10,-1,-1,false,276800,13840.000,0
colas,ColaArreglo,enqueue,sin_redimensionamiento,20270922,10000,10001,20,1,10001,10001,false,1500,75.000,200020
colas,ColaArreglo,enqueue,sin_redimensionamiento,20270922,10000,10001,20,2,10001,10001,false,1400,70.000,200020
colas,ColaArreglo,enqueue,sin_redimensionamiento,20270922,10000,10001,20,3,10001,10001,false,1100,55.000,200020
colas,ColaArreglo,enqueue,sin_redimensionamiento,20270922,10000,10001,20,4,10001,10001,false,1400,70.000,200020
colas,ColaArreglo,enqueue,sin_redimensionamiento,20270922,10000,10001,20,5,10001,10001,false,1200,60.000,200020
colas,ColaArreglo,enqueue,sin_redimensionamiento,20270922,10000,10001,20,6,10001,10001,false,2100,105.000,200020
colas,ColaArreglo,enqueue,sin_redimensionamiento,20270922,10000,10001,20,7,10001,10001,false,1100,55.000,200020
colas,ColaArreglo,enqueue,sin_redimensionamiento,20270922,10000,10001,20,8,10001,10001,false,1200,60.000,200020
colas,ColaArreglo,enqueue,sin_redimensionamiento,20270922,10000,10001,20,9,10001,10001,false,1700,85.000,200020
colas,ColaArreglo,enqueue,sin_redimensionamiento,20270922,10000,10001,20,10,10001,10001,false,1200,60.000,200020
colas,ColaArreglo,enqueue,crecimiento_forzado,20270922,10000,10001,20,1,10000,20000,true,366100,18305.000,200020
colas,ColaArreglo,enqueue,crecimiento_forzado,20270922,10000,10001,20,2,10000,20000,true,367200,18360.000,200020
colas,ColaArreglo,enqueue,crecimiento_forzado,20270922,10000,10001,20,3,10000,20000,true,365600,18280.000,200020
colas,ColaArreglo,enqueue,crecimiento_forzado,20270922,10000,10001,20,4,10000,20000,true,368000,18400.000,200020
colas,ColaArreglo,enqueue,crecimiento_forzado,20270922,10000,10001,20,5,10000,20000,true,388000,19400.000,200020
colas,ColaArreglo,enqueue,crecimiento_forzado,20270922,10000,10001,20,6,10000,20000,true,400200,20010.000,200020
colas,ColaArreglo,enqueue,crecimiento_forzado,20270922,10000,10001,20,7,10000,20000,true,355100,17755.000,200020
colas,ColaArreglo,enqueue,crecimiento_forzado,20270922,10000,10001,20,8,10000,20000,true,372500,18625.000,200020
colas,ColaArreglo,enqueue,crecimiento_forzado,20270922,10000,10001,20,9,10000,20000,true,340400,17020.000,200020
colas,ColaArreglo,enqueue,crecimiento_forzado,20270922,10000,10001,20,10,10000,20000,true,450600,22530.000,200020
colas,ColaArreglo,enqueue,secuencia_amortizada,20270922,0,10000,10000,1,4,16384,multiple,86700,8.670,17903
colas,ColaArreglo,enqueue,secuencia_amortizada,20270922,0,10000,10000,2,4,16384,multiple,86800,8.680,17903
colas,ColaArreglo,enqueue,secuencia_amortizada,20270922,0,10000,10000,3,4,16384,multiple,85400,8.540,17903
colas,ColaArreglo,enqueue,secuencia_amortizada,20270922,0,10000,10000,4,4,16384,multiple,88500,8.850,17903
colas,ColaArreglo,enqueue,secuencia_amortizada,20270922,0,10000,10000,5,4,16384,multiple,88800,8.880,17903
colas,ColaArreglo,enqueue,secuencia_amortizada,20270922,0,10000,10000,6,4,16384,multiple,85300,8.530,17903
colas,ColaArreglo,enqueue,secuencia_amortizada,20270922,0,10000,10000,7,4,16384,multiple,85900,8.590,17903
colas,ColaArreglo,enqueue,secuencia_amortizada,20270922,0,10000,10000,8,4,16384,multiple,86600,8.660,17903
colas,ColaArreglo,enqueue,secuencia_amortizada,20270922,0,10000,10000,9,4,16384,multiple,86600,8.660,17903
colas,ColaArreglo,enqueue,secuencia_amortizada,20270922,0,10000,10000,10,4,16384,multiple,89600,8.960,17903
colas,ColaArreglo,dequeue,general,20270922,10000,9999,20,1,10000,10000,false,300,15.000,158060
colas,ColaArreglo,dequeue,general,20270922,10000,9999,20,2,10000,10000,false,200,10.000,158060
colas,ColaArreglo,dequeue,general,20270922,10000,9999,20,3,10000,10000,false,300,15.000,158060
colas,ColaArreglo,dequeue,general,20270922,10000,9999,20,4,10000,10000,false,400,20.000,158060
colas,ColaArreglo,dequeue,general,20270922,10000,9999,20,5,10000,10000,false,600,30.000,158060
colas,ColaArreglo,dequeue,general,20270922,10000,9999,20,6,10000,10000,false,300,15.000,158060
colas,ColaArreglo,dequeue,general,20270922,10000,9999,20,7,10000,10000,false,200,10.000,158060
colas,ColaArreglo,dequeue,general,20270922,10000,9999,20,8,10000,10000,false,400,20.000,158060
colas,ColaArreglo,dequeue,general,20270922,10000,9999,20,9,10000,10000,false,300,15.000,158060
colas,ColaArreglo,dequeue,general,20270922,10000,9999,20,10,10000,10000,false,300,15.000,158060
colas,ColaArreglo,front,general,20270922,10000,10000,50000,1,10001,10001,false,700,0.014,395150000
colas,ColaArreglo,front,general,20270922,10000,10000,50000,2,10001,10001,false,800,0.016,395150000
colas,ColaArreglo,front,general,20270922,10000,10000,50000,3,10001,10001,false,800,0.016,395150000
colas,ColaArreglo,front,general,20270922,10000,10000,50000,4,10001,10001,false,800,0.016,395150000
colas,ColaArreglo,front,general,20270922,10000,10000,50000,5,10001,10001,false,800,0.016,395150000
colas,ColaArreglo,front,general,20270922,10000,10000,50000,6,10001,10001,false,700,0.014,395150000
colas,ColaArreglo,front,general,20270922,10000,10000,50000,7,10001,10001,false,800,0.016,395150000
colas,ColaArreglo,front,general,20270922,10000,10000,50000,8,10001,10001,false,800,0.016,395150000
colas,ColaArreglo,front,general,20270922,10000,10000,50000,9,10001,10001,false,800,0.016,395150000
colas,ColaArreglo,front,general,20270922,10000,10000,50000,10,10001,10001,false,800,0.016,395150000
colas,ColaArreglo,size,no_vacia,20270922,10000,10000,50000,1,10001,10001,false,700,0.014,500000000
colas,ColaArreglo,size,no_vacia,20270922,10000,10000,50000,2,10001,10001,false,800,0.016,500000000
colas,ColaArreglo,size,no_vacia,20270922,10000,10000,50000,3,10001,10001,false,800,0.016,500000000
colas,ColaArreglo,size,no_vacia,20270922,10000,10000,50000,4,10001,10001,false,700,0.014,500000000
colas,ColaArreglo,size,no_vacia,20270922,10000,10000,50000,5,10001,10001,false,800,0.016,500000000
colas,ColaArreglo,size,no_vacia,20270922,10000,10000,50000,6,10001,10001,false,700,0.014,500000000
colas,ColaArreglo,size,no_vacia,20270922,10000,10000,50000,7,10001,10001,false,800,0.016,500000000
colas,ColaArreglo,size,no_vacia,20270922,10000,10000,50000,8,10001,10001,false,800,0.016,500000000
colas,ColaArreglo,size,no_vacia,20270922,10000,10000,50000,9,10001,10001,false,800,0.016,500000000
colas,ColaArreglo,size,no_vacia,20270922,10000,10000,50000,10,10001,10001,false,800,0.016,500000000
colas,ColaArreglo,isEmpty,no_vacia,20270922,10000,10000,50000,1,10001,10001,false,100,0.002,0
colas,ColaArreglo,isEmpty,no_vacia,20270922,10000,10000,50000,2,10001,10001,false,100,0.002,0
colas,ColaArreglo,isEmpty,no_vacia,20270922,10000,10000,50000,3,10001,10001,false,0,0.000,0
colas,ColaArreglo,isEmpty,no_vacia,20270922,10000,10000,50000,4,10001,10001,false,0,0.000,0
colas,ColaArreglo,isEmpty,no_vacia,20270922,10000,10000,50000,5,10001,10001,false,100,0.002,0
colas,ColaArreglo,isEmpty,no_vacia,20270922,10000,10000,50000,6,10001,10001,false,0,0.000,0
colas,ColaArreglo,isEmpty,no_vacia,20270922,10000,10000,50000,7,10001,10001,false,0,0.000,0
colas,ColaArreglo,isEmpty,no_vacia,20270922,10000,10000,50000,8,10001,10001,false,0,0.000,0
colas,ColaArreglo,isEmpty,no_vacia,20270922,10000,10000,50000,9,10001,10001,false,100,0.002,0
colas,ColaArreglo,isEmpty,no_vacia,20270922,10000,10000,50000,10,10001,10001,false,0,0.000,0
colas,ColaArreglo,delete,frente,20270922,10000,9999,20,1,10000,10000,false,573900,28695.000,20
colas,ColaArreglo,delete,frente,20270922,10000,9999,20,2,10000,10000,false,574000,28700.000,20
colas,ColaArreglo,delete,frente,20270922,10000,9999,20,3,10000,10000,false,565900,28295.000,20
colas,ColaArreglo,delete,frente,20270922,10000,9999,20,4,10000,10000,false,573900,28695.000,20
colas,ColaArreglo,delete,frente,20270922,10000,9999,20,5,10000,10000,false,566000,28300.000,20
colas,ColaArreglo,delete,frente,20270922,10000,9999,20,6,10000,10000,false,565600,28280.000,20
colas,ColaArreglo,delete,frente,20270922,10000,9999,20,7,10000,10000,false,565100,28255.000,20
colas,ColaArreglo,delete,frente,20270922,10000,9999,20,8,10000,10000,false,564800,28240.000,20
colas,ColaArreglo,delete,frente,20270922,10000,9999,20,9,10000,10000,false,563600,28180.000,20
colas,ColaArreglo,delete,frente,20270922,10000,9999,20,10,10000,10000,false,564500,28225.000,20
colas,ColaArreglo,delete,medio,20270922,10000,9999,20,1,10000,10000,false,463800,23190.000,20
colas,ColaArreglo,delete,medio,20270922,10000,9999,20,2,10000,10000,false,443400,22170.000,20
colas,ColaArreglo,delete,medio,20270922,10000,9999,20,3,10000,10000,false,413400,20670.000,20
colas,ColaArreglo,delete,medio,20270922,10000,9999,20,4,10000,10000,false,407900,20395.000,20
colas,ColaArreglo,delete,medio,20270922,10000,9999,20,5,10000,10000,false,409200,20460.000,20
colas,ColaArreglo,delete,medio,20270922,10000,9999,20,6,10000,10000,false,412500,20625.000,20
colas,ColaArreglo,delete,medio,20270922,10000,9999,20,7,10000,10000,false,415400,20770.000,20
colas,ColaArreglo,delete,medio,20270922,10000,9999,20,8,10000,10000,false,421100,21055.000,20
colas,ColaArreglo,delete,medio,20270922,10000,9999,20,9,10000,10000,false,411000,20550.000,20
colas,ColaArreglo,delete,medio,20270922,10000,9999,20,10,10000,10000,false,417000,20850.000,20
colas,ColaArreglo,delete,final,20270922,10000,9999,20,1,10000,10000,false,256000,12800.000,20
colas,ColaArreglo,delete,final,20270922,10000,9999,20,2,10000,10000,false,266900,13345.000,20
colas,ColaArreglo,delete,final,20270922,10000,9999,20,3,10000,10000,false,257500,12875.000,20
colas,ColaArreglo,delete,final,20270922,10000,9999,20,4,10000,10000,false,259000,12950.000,20
colas,ColaArreglo,delete,final,20270922,10000,9999,20,5,10000,10000,false,257600,12880.000,20
colas,ColaArreglo,delete,final,20270922,10000,9999,20,6,10000,10000,false,253900,12695.000,20
colas,ColaArreglo,delete,final,20270922,10000,9999,20,7,10000,10000,false,255200,12760.000,20
colas,ColaArreglo,delete,final,20270922,10000,9999,20,8,10000,10000,false,265400,13270.000,20
colas,ColaArreglo,delete,final,20270922,10000,9999,20,9,10000,10000,false,267400,13370.000,20
colas,ColaArreglo,delete,final,20270922,10000,9999,20,10,10000,10000,false,261300,13065.000,20
colas,ColaArreglo,delete,ausente,20270922,10000,10000,20,1,10000,10000,false,257500,12875.000,0
colas,ColaArreglo,delete,ausente,20270922,10000,10000,20,2,10000,10000,false,264500,13225.000,0
colas,ColaArreglo,delete,ausente,20270922,10000,10000,20,3,10000,10000,false,270200,13510.000,0
colas,ColaArreglo,delete,ausente,20270922,10000,10000,20,4,10000,10000,false,260600,13030.000,0
colas,ColaArreglo,delete,ausente,20270922,10000,10000,20,5,10000,10000,false,264500,13225.000,0
colas,ColaArreglo,delete,ausente,20270922,10000,10000,20,6,10000,10000,false,273300,13665.000,0
colas,ColaArreglo,delete,ausente,20270922,10000,10000,20,7,10000,10000,false,260100,13005.000,0
colas,ColaArreglo,delete,ausente,20270922,10000,10000,20,8,10000,10000,false,254600,12730.000,0
colas,ColaArreglo,delete,ausente,20270922,10000,10000,20,9,10000,10000,false,272000,13600.000,0
colas,ColaArreglo,delete,ausente,20270922,10000,10000,20,10,10000,10000,false,270300,13515.000,0
pilas,PilaEnlazada,push,sin_redimensionamiento,20360922,100000,100001,3,1,-1,-1,NA,100,33.333,-6442450944
pilas,PilaEnlazada,push,sin_redimensionamiento,20360922,100000,100001,3,2,-1,-1,NA,0,0.000,-6442450944
pilas,PilaEnlazada,push,sin_redimensionamiento,20360922,100000,100001,3,3,-1,-1,NA,100,33.333,-6442450944
pilas,PilaEnlazada,push,sin_redimensionamiento,20360922,100000,100001,3,4,-1,-1,NA,300,100.000,-6442450944
pilas,PilaEnlazada,push,sin_redimensionamiento,20360922,100000,100001,3,5,-1,-1,NA,100,33.333,-6442450944
pilas,PilaEnlazada,push,sin_redimensionamiento,20360922,100000,100001,3,6,-1,-1,NA,100,33.333,-6442450944
pilas,PilaEnlazada,push,sin_redimensionamiento,20360922,100000,100001,3,7,-1,-1,NA,100,33.333,-6442450944
pilas,PilaEnlazada,push,sin_redimensionamiento,20360922,100000,100001,3,8,-1,-1,NA,0,0.000,-6442450944
pilas,PilaEnlazada,push,sin_redimensionamiento,20360922,100000,100001,3,9,-1,-1,NA,0,0.000,-6442450944
pilas,PilaEnlazada,push,sin_redimensionamiento,20360922,100000,100001,3,10,-1,-1,NA,0,0.000,-6442450944
pilas,PilaEnlazada,push,secuencia_amortizada,20360922,0,100000,100000,1,-1,-1,NA,3260200,32.602,176124
pilas,PilaEnlazada,push,secuencia_amortizada,20360922,0,100000,100000,2,-1,-1,NA,572200,5.722,176124
pilas,PilaEnlazada,push,secuencia_amortizada,20360922,0,100000,100000,3,-1,-1,NA,374000,3.740,176124
pilas,PilaEnlazada,push,secuencia_amortizada,20360922,0,100000,100000,4,-1,-1,NA,473200,4.732,176124
pilas,PilaEnlazada,push,secuencia_amortizada,20360922,0,100000,100000,5,-1,-1,NA,351100,3.511,176124
pilas,PilaEnlazada,push,secuencia_amortizada,20360922,0,100000,100000,6,-1,-1,NA,357900,3.579,176124
pilas,PilaEnlazada,push,secuencia_amortizada,20360922,0,100000,100000,7,-1,-1,NA,411800,4.118,176124
pilas,PilaEnlazada,push,secuencia_amortizada,20360922,0,100000,100000,8,-1,-1,NA,366300,3.663,176124
pilas,PilaEnlazada,push,secuencia_amortizada,20360922,0,100000,100000,9,-1,-1,NA,346800,3.468,176124
pilas,PilaEnlazada,push,secuencia_amortizada,20360922,0,100000,100000,10,-1,-1,NA,347700,3.477,176124
pilas,PilaEnlazada,pop,general,20360922,100000,99999,3,1,-1,-1,false,400,133.333,228372
pilas,PilaEnlazada,pop,general,20360922,100000,99999,3,2,-1,-1,false,200,66.667,228372
pilas,PilaEnlazada,pop,general,20360922,100000,99999,3,3,-1,-1,false,200,66.667,228372
pilas,PilaEnlazada,pop,general,20360922,100000,99999,3,4,-1,-1,false,300,100.000,228372
pilas,PilaEnlazada,pop,general,20360922,100000,99999,3,5,-1,-1,false,300,100.000,228372
pilas,PilaEnlazada,pop,general,20360922,100000,99999,3,6,-1,-1,false,300,100.000,228372
pilas,PilaEnlazada,pop,general,20360922,100000,99999,3,7,-1,-1,false,100,33.333,228372
pilas,PilaEnlazada,pop,general,20360922,100000,99999,3,8,-1,-1,false,400,133.333,228372
pilas,PilaEnlazada,pop,general,20360922,100000,99999,3,9,-1,-1,false,200,66.667,228372
pilas,PilaEnlazada,pop,general,20360922,100000,99999,3,10,-1,-1,false,100,33.333,228372
pilas,PilaEnlazada,peek,general,20360922,100000,100000,50000,1,-1,-1,false,700,0.014,3806200000
pilas,PilaEnlazada,peek,general,20360922,100000,100000,50000,2,-1,-1,false,800,0.016,3806200000
pilas,PilaEnlazada,peek,general,20360922,100000,100000,50000,3,-1,-1,false,700,0.014,3806200000
pilas,PilaEnlazada,peek,general,20360922,100000,100000,50000,4,-1,-1,false,700,0.014,3806200000
pilas,PilaEnlazada,peek,general,20360922,100000,100000,50000,5,-1,-1,false,700,0.014,3806200000
pilas,PilaEnlazada,peek,general,20360922,100000,100000,50000,6,-1,-1,false,700,0.014,3806200000
pilas,PilaEnlazada,peek,general,20360922,100000,100000,50000,7,-1,-1,false,700,0.014,3806200000
pilas,PilaEnlazada,peek,general,20360922,100000,100000,50000,8,-1,-1,false,800,0.016,3806200000
pilas,PilaEnlazada,peek,general,20360922,100000,100000,50000,9,-1,-1,false,800,0.016,3806200000
pilas,PilaEnlazada,peek,general,20360922,100000,100000,50000,10,-1,-1,false,800,0.016,3806200000
pilas,PilaEnlazada,size,no_vacia,20360922,100000,100000,50000,1,-1,-1,false,800,0.016,5000000000
pilas,PilaEnlazada,size,no_vacia,20360922,100000,100000,50000,2,-1,-1,false,700,0.014,5000000000
pilas,PilaEnlazada,size,no_vacia,20360922,100000,100000,50000,3,-1,-1,false,800,0.016,5000000000
pilas,PilaEnlazada,size,no_vacia,20360922,100000,100000,50000,4,-1,-1,false,800,0.016,5000000000
pilas,PilaEnlazada,size,no_vacia,20360922,100000,100000,50000,5,-1,-1,false,700,0.014,5000000000
pilas,PilaEnlazada,size,no_vacia,20360922,100000,100000,50000,6,-1,-1,false,700,0.014,5000000000
pilas,PilaEnlazada,size,no_vacia,20360922,100000,100000,50000,7,-1,-1,false,700,0.014,5000000000
pilas,PilaEnlazada,size,no_vacia,20360922,100000,100000,50000,8,-1,-1,false,800,0.016,5000000000
pilas,PilaEnlazada,size,no_vacia,20360922,100000,100000,50000,9,-1,-1,false,700,0.014,5000000000
pilas,PilaEnlazada,size,no_vacia,20360922,100000,100000,50000,10,-1,-1,false,800,0.016,5000000000
pilas,PilaEnlazada,isEmpty,no_vacia,20360922,100000,100000,50000,1,-1,-1,false,100,0.002,0
pilas,PilaEnlazada,isEmpty,no_vacia,20360922,100000,100000,50000,2,-1,-1,false,100,0.002,0
pilas,PilaEnlazada,isEmpty,no_vacia,20360922,100000,100000,50000,3,-1,-1,false,0,0.000,0
pilas,PilaEnlazada,isEmpty,no_vacia,20360922,100000,100000,50000,4,-1,-1,false,0,0.000,0
pilas,PilaEnlazada,isEmpty,no_vacia,20360922,100000,100000,50000,5,-1,-1,false,0,0.000,0
pilas,PilaEnlazada,isEmpty,no_vacia,20360922,100000,100000,50000,6,-1,-1,false,100,0.002,0
pilas,PilaEnlazada,isEmpty,no_vacia,20360922,100000,100000,50000,7,-1,-1,false,0,0.000,0
pilas,PilaEnlazada,isEmpty,no_vacia,20360922,100000,100000,50000,8,-1,-1,false,0,0.000,0
pilas,PilaEnlazada,isEmpty,no_vacia,20360922,100000,100000,50000,9,-1,-1,false,100,0.002,0
pilas,PilaEnlazada,isEmpty,no_vacia,20360922,100000,100000,50000,10,-1,-1,false,0,0.000,0
pilas,PilaEnlazada,delete,cima,20360922,100000,99999,3,1,-1,-1,false,300,100.000,3
pilas,PilaEnlazada,delete,cima,20360922,100000,99999,3,2,-1,-1,false,100,33.333,3
pilas,PilaEnlazada,delete,cima,20360922,100000,99999,3,3,-1,-1,false,100,33.333,3
pilas,PilaEnlazada,delete,cima,20360922,100000,99999,3,4,-1,-1,false,300,100.000,3
pilas,PilaEnlazada,delete,cima,20360922,100000,99999,3,5,-1,-1,false,300,100.000,3
pilas,PilaEnlazada,delete,cima,20360922,100000,99999,3,6,-1,-1,false,400,133.333,3
pilas,PilaEnlazada,delete,cima,20360922,100000,99999,3,7,-1,-1,false,300,100.000,3
pilas,PilaEnlazada,delete,cima,20360922,100000,99999,3,8,-1,-1,false,100,33.333,3
pilas,PilaEnlazada,delete,cima,20360922,100000,99999,3,9,-1,-1,false,100,33.333,3
pilas,PilaEnlazada,delete,cima,20360922,100000,99999,3,10,-1,-1,false,200,66.667,3
pilas,PilaEnlazada,delete,medio,20360922,100000,99999,3,1,-1,-1,false,388600,129533.333,3
pilas,PilaEnlazada,delete,medio,20360922,100000,99999,3,2,-1,-1,false,377000,125666.667,3
pilas,PilaEnlazada,delete,medio,20360922,100000,99999,3,3,-1,-1,false,425800,141933.333,3
pilas,PilaEnlazada,delete,medio,20360922,100000,99999,3,4,-1,-1,false,384000,128000.000,3
pilas,PilaEnlazada,delete,medio,20360922,100000,99999,3,5,-1,-1,false,530600,176866.667,3
pilas,PilaEnlazada,delete,medio,20360922,100000,99999,3,6,-1,-1,false,392900,130966.667,3
pilas,PilaEnlazada,delete,medio,20360922,100000,99999,3,7,-1,-1,false,375200,125066.667,3
pilas,PilaEnlazada,delete,medio,20360922,100000,99999,3,8,-1,-1,false,443600,147866.667,3
pilas,PilaEnlazada,delete,medio,20360922,100000,99999,3,9,-1,-1,false,378100,126033.333,3
pilas,PilaEnlazada,delete,medio,20360922,100000,99999,3,10,-1,-1,false,375600,125200.000,3
pilas,PilaEnlazada,delete,base,20360922,100000,99999,3,1,-1,-1,false,823500,274500.000,3
pilas,PilaEnlazada,delete,base,20360922,100000,99999,3,2,-1,-1,false,826500,275500.000,3
pilas,PilaEnlazada,delete,base,20360922,100000,99999,3,3,-1,-1,false,788800,262933.333,3
pilas,PilaEnlazada,delete,base,20360922,100000,99999,3,4,-1,-1,false,839400,279800.000,3
pilas,PilaEnlazada,delete,base,20360922,100000,99999,3,5,-1,-1,false,1522300,507433.333,3
pilas,PilaEnlazada,delete,base,20360922,100000,99999,3,6,-1,-1,false,879900,293300.000,3
pilas,PilaEnlazada,delete,base,20360922,100000,99999,3,7,-1,-1,false,1034600,344866.667,3
pilas,PilaEnlazada,delete,base,20360922,100000,99999,3,8,-1,-1,false,1042700,347566.667,3
pilas,PilaEnlazada,delete,base,20360922,100000,99999,3,9,-1,-1,false,803200,267733.333,3
pilas,PilaEnlazada,delete,base,20360922,100000,99999,3,10,-1,-1,false,848800,282933.333,3
pilas,PilaEnlazada,delete,ausente,20360922,100000,100000,3,1,-1,-1,false,468200,156066.667,0
pilas,PilaEnlazada,delete,ausente,20360922,100000,100000,3,2,-1,-1,false,474600,158200.000,0
pilas,PilaEnlazada,delete,ausente,20360922,100000,100000,3,3,-1,-1,false,506400,168800.000,0
pilas,PilaEnlazada,delete,ausente,20360922,100000,100000,3,4,-1,-1,false,511500,170500.000,0
pilas,PilaEnlazada,delete,ausente,20360922,100000,100000,3,5,-1,-1,false,467200,155733.333,0
pilas,PilaEnlazada,delete,ausente,20360922,100000,100000,3,6,-1,-1,false,498800,166266.667,0
pilas,PilaEnlazada,delete,ausente,20360922,100000,100000,3,7,-1,-1,false,459800,153266.667,0
pilas,PilaEnlazada,delete,ausente,20360922,100000,100000,3,8,-1,-1,false,454700,151566.667,0
pilas,PilaEnlazada,delete,ausente,20360922,100000,100000,3,9,-1,-1,false,538500,179500.000,0
pilas,PilaEnlazada,delete,ausente,20360922,100000,100000,3,10,-1,-1,false,539000,179666.667,0
pilas,PilaArreglo,push,sin_redimensionamiento,20360922,100000,100001,3,1,100001,100001,false,100,33.333,-6442450944
pilas,PilaArreglo,push,sin_redimensionamiento,20360922,100000,100001,3,2,100001,100001,false,0,0.000,-6442450944
pilas,PilaArreglo,push,sin_redimensionamiento,20360922,100000,100001,3,3,100001,100001,false,100,33.333,-6442450944
pilas,PilaArreglo,push,sin_redimensionamiento,20360922,100000,100001,3,4,100001,100001,false,200,66.667,-6442450944
pilas,PilaArreglo,push,sin_redimensionamiento,20360922,100000,100001,3,5,100001,100001,false,200,66.667,-6442450944
pilas,PilaArreglo,push,sin_redimensionamiento,20360922,100000,100001,3,6,100001,100001,false,100,33.333,-6442450944
pilas,PilaArreglo,push,sin_redimensionamiento,20360922,100000,100001,3,7,100001,100001,false,0,0.000,-6442450944
pilas,PilaArreglo,push,sin_redimensionamiento,20360922,100000,100001,3,8,100001,100001,false,100,33.333,-6442450944
pilas,PilaArreglo,push,sin_redimensionamiento,20360922,100000,100001,3,9,100001,100001,false,100,33.333,-6442450944
pilas,PilaArreglo,push,sin_redimensionamiento,20360922,100000,100001,3,10,100001,100001,false,100,33.333,-6442450944
pilas,PilaArreglo,push,crecimiento_forzado,20360922,100000,100001,3,1,100000,200000,true,350400,116800.000,-6442450944
pilas,PilaArreglo,push,crecimiento_forzado,20360922,100000,100001,3,2,100000,200000,true,331800,110600.000,-6442450944
pilas,PilaArreglo,push,crecimiento_forzado,20360922,100000,100001,3,3,100000,200000,true,337900,112633.333,-6442450944
pilas,PilaArreglo,push,crecimiento_forzado,20360922,100000,100001,3,4,100000,200000,true,367300,122433.333,-6442450944
pilas,PilaArreglo,push,crecimiento_forzado,20360922,100000,100001,3,5,100000,200000,true,375100,125033.333,-6442450944
pilas,PilaArreglo,push,crecimiento_forzado,20360922,100000,100001,3,6,100000,200000,true,354500,118166.667,-6442450944
pilas,PilaArreglo,push,crecimiento_forzado,20360922,100000,100001,3,7,100000,200000,true,338700,112900.000,-6442450944
pilas,PilaArreglo,push,crecimiento_forzado,20360922,100000,100001,3,8,100000,200000,true,338000,112666.667,-6442450944
pilas,PilaArreglo,push,crecimiento_forzado,20360922,100000,100001,3,9,100000,200000,true,348500,116166.667,-6442450944
pilas,PilaArreglo,push,crecimiento_forzado,20360922,100000,100001,3,10,100000,200000,true,369000,123000.000,-6442450944
pilas,PilaArreglo,push,secuencia_amortizada,20360922,0,100000,100000,1,4,131072,multiple,477500,4.775,176124
pilas,PilaArreglo,push,secuencia_amortizada,20360922,0,100000,100000,2,4,131072,multiple,468600,4.686,176124
pilas,PilaArreglo,push,secuencia_amortizada,20360922,0,100000,100000,3,4,131072,multiple,476800,4.768,176124
pilas,PilaArreglo,push,secuencia_amortizada,20360922,0,100000,100000,4,4,131072,multiple,474600,4.746,176124
pilas,PilaArreglo,push,secuencia_amortizada,20360922,0,100000,100000,5,4,131072,multiple,506700,5.067,176124
pilas,PilaArreglo,push,secuencia_amortizada,20360922,0,100000,100000,6,4,131072,multiple,471900,4.719,176124
pilas,PilaArreglo,push,secuencia_amortizada,20360922,0,100000,100000,7,4,131072,multiple,451200,4.512,176124
pilas,PilaArreglo,push,secuencia_amortizada,20360922,0,100000,100000,8,4,131072,multiple,462100,4.621,176124
pilas,PilaArreglo,push,secuencia_amortizada,20360922,0,100000,100000,9,4,131072,multiple,449900,4.499,176124
pilas,PilaArreglo,push,secuencia_amortizada,20360922,0,100000,100000,10,4,131072,multiple,465200,4.652,176124
pilas,PilaArreglo,pop,general,20360922,100000,99999,3,1,100000,100000,false,100,33.333,228372
pilas,PilaArreglo,pop,general,20360922,100000,99999,3,2,100000,100000,false,100,33.333,228372
pilas,PilaArreglo,pop,general,20360922,100000,99999,3,3,100000,100000,false,400,133.333,228372
pilas,PilaArreglo,pop,general,20360922,100000,99999,3,4,100000,100000,false,200,66.667,228372
pilas,PilaArreglo,pop,general,20360922,100000,99999,3,5,100000,100000,false,200,66.667,228372
pilas,PilaArreglo,pop,general,20360922,100000,99999,3,6,100000,100000,false,300,100.000,228372
pilas,PilaArreglo,pop,general,20360922,100000,99999,3,7,100000,100000,false,100,33.333,228372
pilas,PilaArreglo,pop,general,20360922,100000,99999,3,8,100000,100000,false,0,0.000,228372
pilas,PilaArreglo,pop,general,20360922,100000,99999,3,9,100000,100000,false,100,33.333,228372
pilas,PilaArreglo,pop,general,20360922,100000,99999,3,10,100000,100000,false,800,266.667,228372
pilas,PilaArreglo,peek,general,20360922,100000,100000,50000,1,100001,100001,false,700,0.014,3806200000
pilas,PilaArreglo,peek,general,20360922,100000,100000,50000,2,100001,100001,false,700,0.014,3806200000
pilas,PilaArreglo,peek,general,20360922,100000,100000,50000,3,100001,100001,false,800,0.016,3806200000
pilas,PilaArreglo,peek,general,20360922,100000,100000,50000,4,100001,100001,false,700,0.014,3806200000
pilas,PilaArreglo,peek,general,20360922,100000,100000,50000,5,100001,100001,false,800,0.016,3806200000
pilas,PilaArreglo,peek,general,20360922,100000,100000,50000,6,100001,100001,false,800,0.016,3806200000
pilas,PilaArreglo,peek,general,20360922,100000,100000,50000,7,100001,100001,false,700,0.014,3806200000
pilas,PilaArreglo,peek,general,20360922,100000,100000,50000,8,100001,100001,false,800,0.016,3806200000
pilas,PilaArreglo,peek,general,20360922,100000,100000,50000,9,100001,100001,false,700,0.014,3806200000
pilas,PilaArreglo,peek,general,20360922,100000,100000,50000,10,100001,100001,false,800,0.016,3806200000
pilas,PilaArreglo,size,no_vacia,20360922,100000,100000,50000,1,100001,100001,false,800,0.016,5000000000
pilas,PilaArreglo,size,no_vacia,20360922,100000,100000,50000,2,100001,100001,false,700,0.014,5000000000
pilas,PilaArreglo,size,no_vacia,20360922,100000,100000,50000,3,100001,100001,false,800,0.016,5000000000
pilas,PilaArreglo,size,no_vacia,20360922,100000,100000,50000,4,100001,100001,false,700,0.014,5000000000
pilas,PilaArreglo,size,no_vacia,20360922,100000,100000,50000,5,100001,100001,false,800,0.016,5000000000
pilas,PilaArreglo,size,no_vacia,20360922,100000,100000,50000,6,100001,100001,false,800,0.016,5000000000
pilas,PilaArreglo,size,no_vacia,20360922,100000,100000,50000,7,100001,100001,false,800,0.016,5000000000
pilas,PilaArreglo,size,no_vacia,20360922,100000,100000,50000,8,100001,100001,false,700,0.014,5000000000
pilas,PilaArreglo,size,no_vacia,20360922,100000,100000,50000,9,100001,100001,false,700,0.014,5000000000
pilas,PilaArreglo,size,no_vacia,20360922,100000,100000,50000,10,100001,100001,false,800,0.016,5000000000
pilas,PilaArreglo,isEmpty,no_vacia,20360922,100000,100000,50000,1,100001,100001,false,100,0.002,0
pilas,PilaArreglo,isEmpty,no_vacia,20360922,100000,100000,50000,2,100001,100001,false,0,0.000,0
pilas,PilaArreglo,isEmpty,no_vacia,20360922,100000,100000,50000,3,100001,100001,false,0,0.000,0
pilas,PilaArreglo,isEmpty,no_vacia,20360922,100000,100000,50000,4,100001,100001,false,0,0.000,0
pilas,PilaArreglo,isEmpty,no_vacia,20360922,100000,100000,50000,5,100001,100001,false,0,0.000,0
pilas,PilaArreglo,isEmpty,no_vacia,20360922,100000,100000,50000,6,100001,100001,false,100,0.002,0
pilas,PilaArreglo,isEmpty,no_vacia,20360922,100000,100000,50000,7,100001,100001,false,100,0.002,0
pilas,PilaArreglo,isEmpty,no_vacia,20360922,100000,100000,50000,8,100001,100001,false,0,0.000,0
pilas,PilaArreglo,isEmpty,no_vacia,20360922,100000,100000,50000,9,100001,100001,false,0,0.000,0
pilas,PilaArreglo,isEmpty,no_vacia,20360922,100000,100000,50000,10,100001,100001,false,100,0.002,0
pilas,PilaArreglo,delete,cima,20360922,100000,99999,3,1,100000,100000,false,100,33.333,3
pilas,PilaArreglo,delete,cima,20360922,100000,99999,3,2,100000,100000,false,100,33.333,3
pilas,PilaArreglo,delete,cima,20360922,100000,99999,3,3,100000,100000,false,0,0.000,3
pilas,PilaArreglo,delete,cima,20360922,100000,99999,3,4,100000,100000,false,0,0.000,3
pilas,PilaArreglo,delete,cima,20360922,100000,99999,3,5,100000,100000,false,0,0.000,3
pilas,PilaArreglo,delete,cima,20360922,100000,99999,3,6,100000,100000,false,200,66.667,3
pilas,PilaArreglo,delete,cima,20360922,100000,99999,3,7,100000,100000,false,0,0.000,3
pilas,PilaArreglo,delete,cima,20360922,100000,99999,3,8,100000,100000,false,200,66.667,3
pilas,PilaArreglo,delete,cima,20360922,100000,99999,3,9,100000,100000,false,300,100.000,3
pilas,PilaArreglo,delete,cima,20360922,100000,99999,3,10,100000,100000,false,200,66.667,3
pilas,PilaArreglo,delete,medio,20360922,100000,99999,3,1,100000,100000,false,175400,58466.667,3
pilas,PilaArreglo,delete,medio,20360922,100000,99999,3,2,100000,100000,false,152300,50766.667,3
pilas,PilaArreglo,delete,medio,20360922,100000,99999,3,3,100000,100000,false,151100,50366.667,3
pilas,PilaArreglo,delete,medio,20360922,100000,99999,3,4,100000,100000,false,177700,59233.333,3
pilas,PilaArreglo,delete,medio,20360922,100000,99999,3,5,100000,100000,false,188300,62766.667,3
pilas,PilaArreglo,delete,medio,20360922,100000,99999,3,6,100000,100000,false,189300,63100.000,3
pilas,PilaArreglo,delete,medio,20360922,100000,99999,3,7,100000,100000,false,181600,60533.333,3
pilas,PilaArreglo,delete,medio,20360922,100000,99999,3,8,100000,100000,false,173500,57833.333,3
pilas,PilaArreglo,delete,medio,20360922,100000,99999,3,9,100000,100000,false,151100,50366.667,3
pilas,PilaArreglo,delete,medio,20360922,100000,99999,3,10,100000,100000,false,146300,48766.667,3
pilas,PilaArreglo,delete,base,20360922,100000,99999,3,1,100000,100000,false,346400,115466.667,3
pilas,PilaArreglo,delete,base,20360922,100000,99999,3,2,100000,100000,false,313600,104533.333,3
pilas,PilaArreglo,delete,base,20360922,100000,99999,3,3,100000,100000,false,339400,113133.333,3
pilas,PilaArreglo,delete,base,20360922,100000,99999,3,4,100000,100000,false,373500,124500.000,3
pilas,PilaArreglo,delete,base,20360922,100000,99999,3,5,100000,100000,false,359100,119700.000,3
pilas,PilaArreglo,delete,base,20360922,100000,99999,3,6,100000,100000,false,352000,117333.333,3
pilas,PilaArreglo,delete,base,20360922,100000,99999,3,7,100000,100000,false,417500,139166.667,3
pilas,PilaArreglo,delete,base,20360922,100000,99999,3,8,100000,100000,false,334400,111466.667,3
pilas,PilaArreglo,delete,base,20360922,100000,99999,3,9,100000,100000,false,293400,97800.000,3
pilas,PilaArreglo,delete,base,20360922,100000,99999,3,10,100000,100000,false,300800,100266.667,3
pilas,PilaArreglo,delete,ausente,20360922,100000,100000,3,1,100000,100000,false,169300,56433.333,0
pilas,PilaArreglo,delete,ausente,20360922,100000,100000,3,2,100000,100000,false,138400,46133.333,0
pilas,PilaArreglo,delete,ausente,20360922,100000,100000,3,3,100000,100000,false,139600,46533.333,0
pilas,PilaArreglo,delete,ausente,20360922,100000,100000,3,4,100000,100000,false,131400,43800.000,0
pilas,PilaArreglo,delete,ausente,20360922,100000,100000,3,5,100000,100000,false,147900,49300.000,0
pilas,PilaArreglo,delete,ausente,20360922,100000,100000,3,6,100000,100000,false,139900,46633.333,0
pilas,PilaArreglo,delete,ausente,20360922,100000,100000,3,7,100000,100000,false,129400,43133.333,0
pilas,PilaArreglo,delete,ausente,20360922,100000,100000,3,8,100000,100000,false,136700,45566.667,0
pilas,PilaArreglo,delete,ausente,20360922,100000,100000,3,9,100000,100000,false,132900,44300.000,0
pilas,PilaArreglo,delete,ausente,20360922,100000,100000,3,10,100000,100000,false,151300,50433.333,0
colas,ColaArreglo,enqueue,sin_redimensionamiento,20360922,100000,100001,3,1,100001,100001,false,100,33.333,300003
colas,ColaArreglo,enqueue,sin_redimensionamiento,20360922,100000,100001,3,2,100001,100001,false,300,100.000,300003
colas,ColaArreglo,enqueue,sin_redimensionamiento,20360922,100000,100001,3,3,100001,100001,false,200,66.667,300003
colas,ColaArreglo,enqueue,sin_redimensionamiento,20360922,100000,100001,3,4,100001,100001,false,200,66.667,300003
colas,ColaArreglo,enqueue,sin_redimensionamiento,20360922,100000,100001,3,5,100001,100001,false,200,66.667,300003
colas,ColaArreglo,enqueue,sin_redimensionamiento,20360922,100000,100001,3,6,100001,100001,false,100,33.333,300003
colas,ColaArreglo,enqueue,sin_redimensionamiento,20360922,100000,100001,3,7,100001,100001,false,100,33.333,300003
colas,ColaArreglo,enqueue,sin_redimensionamiento,20360922,100000,100001,3,8,100001,100001,false,800,266.667,300003
colas,ColaArreglo,enqueue,sin_redimensionamiento,20360922,100000,100001,3,9,100001,100001,false,300,100.000,300003
colas,ColaArreglo,enqueue,sin_redimensionamiento,20360922,100000,100001,3,10,100001,100001,false,600,200.000,300003
colas,ColaArreglo,enqueue,crecimiento_forzado,20360922,100000,100001,3,1,100000,200000,true,868200,289400.000,300003
colas,ColaArreglo,enqueue,crecimiento_forzado,20360922,100000,100001,3,2,100000,200000,true,803000,267666.667,300003
colas,ColaArreglo,enqueue,crecimiento_forzado,20360922,100000,100001,3,3,100000,200000,true,843300,281100.000,300003
colas,ColaArreglo,enqueue,crecimiento_forzado,20360922,100000,100001,3,4,100000,200000,true,785700,261900.000,300003
colas,ColaArreglo,enqueue,crecimiento_forzado,20360922,100000,100001,3,5,100000,200000,true,799400,266466.667,300003
colas,ColaArreglo,enqueue,crecimiento_forzado,20360922,100000,100001,3,6,100000,200000,true,859900,286633.333,300003
colas,ColaArreglo,enqueue,crecimiento_forzado,20360922,100000,100001,3,7,100000,200000,true,869100,289700.000,300003
colas,ColaArreglo,enqueue,crecimiento_forzado,20360922,100000,100001,3,8,100000,200000,true,727700,242566.667,300003
colas,ColaArreglo,enqueue,crecimiento_forzado,20360922,100000,100001,3,9,100000,200000,true,759000,253000.000,300003
colas,ColaArreglo,enqueue,crecimiento_forzado,20360922,100000,100001,3,10,100000,200000,true,821200,273733.333,300003
colas,ColaArreglo,enqueue,secuencia_amortizada,20360922,0,100000,100000,1,4,131072,multiple,565700,5.657,166393
colas,ColaArreglo,enqueue,secuencia_amortizada,20360922,0,100000,100000,2,4,131072,multiple,574800,5.748,166393
colas,ColaArreglo,enqueue,secuencia_amortizada,20360922,0,100000,100000,3,4,131072,multiple,567000,5.670,166393
colas,ColaArreglo,enqueue,secuencia_amortizada,20360922,0,100000,100000,4,4,131072,multiple,581900,5.819,166393
colas,ColaArreglo,enqueue,secuencia_amortizada,20360922,0,100000,100000,5,4,131072,multiple,578000,5.780,166393
colas,ColaArreglo,enqueue,secuencia_amortizada,20360922,0,100000,100000,6,4,131072,multiple,589000,5.890,166393
colas,ColaArreglo,enqueue,secuencia_amortizada,20360922,0,100000,100000,7,4,131072,multiple,589400,5.894,166393
colas,ColaArreglo,enqueue,secuencia_amortizada,20360922,0,100000,100000,8,4,131072,multiple,588500,5.885,166393
colas,ColaArreglo,enqueue,secuencia_amortizada,20360922,0,100000,100000,9,4,131072,multiple,615000,6.150,166393
colas,ColaArreglo,enqueue,secuencia_amortizada,20360922,0,100000,100000,10,4,131072,multiple,570400,5.704,166393
colas,ColaArreglo,dequeue,general,20360922,100000,99999,3,1,100000,100000,false,0,0.000,199179
colas,ColaArreglo,dequeue,general,20360922,100000,99999,3,2,100000,100000,false,100,33.333,199179
colas,ColaArreglo,dequeue,general,20360922,100000,99999,3,3,100000,100000,false,200,66.667,199179
colas,ColaArreglo,dequeue,general,20360922,100000,99999,3,4,100000,100000,false,100,33.333,199179
colas,ColaArreglo,dequeue,general,20360922,100000,99999,3,5,100000,100000,false,700,233.333,199179
colas,ColaArreglo,dequeue,general,20360922,100000,99999,3,6,100000,100000,false,200,66.667,199179
colas,ColaArreglo,dequeue,general,20360922,100000,99999,3,7,100000,100000,false,100,33.333,199179
colas,ColaArreglo,dequeue,general,20360922,100000,99999,3,8,100000,100000,false,100,33.333,199179
colas,ColaArreglo,dequeue,general,20360922,100000,99999,3,9,100000,100000,false,100,33.333,199179
colas,ColaArreglo,dequeue,general,20360922,100000,99999,3,10,100000,100000,false,100,33.333,199179
colas,ColaArreglo,front,general,20360922,100000,100000,50000,1,100001,100001,false,800,0.016,3319650000
colas,ColaArreglo,front,general,20360922,100000,100000,50000,2,100001,100001,false,700,0.014,3319650000
colas,ColaArreglo,front,general,20360922,100000,100000,50000,3,100001,100001,false,800,0.016,3319650000
colas,ColaArreglo,front,general,20360922,100000,100000,50000,4,100001,100001,false,900,0.018,3319650000
colas,ColaArreglo,front,general,20360922,100000,100000,50000,5,100001,100001,false,800,0.016,3319650000
colas,ColaArreglo,front,general,20360922,100000,100000,50000,6,100001,100001,false,800,0.016,3319650000
colas,ColaArreglo,front,general,20360922,100000,100000,50000,7,100001,100001,false,700,0.014,3319650000
colas,ColaArreglo,front,general,20360922,100000,100000,50000,8,100001,100001,false,700,0.014,3319650000
colas,ColaArreglo,front,general,20360922,100000,100000,50000,9,100001,100001,false,800,0.016,3319650000
colas,ColaArreglo,front,general,20360922,100000,100000,50000,10,100001,100001,false,800,0.016,3319650000
colas,ColaArreglo,size,no_vacia,20360922,100000,100000,50000,1,100001,100001,false,700,0.014,5000000000
colas,ColaArreglo,size,no_vacia,20360922,100000,100000,50000,2,100001,100001,false,800,0.016,5000000000
colas,ColaArreglo,size,no_vacia,20360922,100000,100000,50000,3,100001,100001,false,700,0.014,5000000000
colas,ColaArreglo,size,no_vacia,20360922,100000,100000,50000,4,100001,100001,false,700,0.014,5000000000
colas,ColaArreglo,size,no_vacia,20360922,100000,100000,50000,5,100001,100001,false,700,0.014,5000000000
colas,ColaArreglo,size,no_vacia,20360922,100000,100000,50000,6,100001,100001,false,700,0.014,5000000000
colas,ColaArreglo,size,no_vacia,20360922,100000,100000,50000,7,100001,100001,false,700,0.014,5000000000
colas,ColaArreglo,size,no_vacia,20360922,100000,100000,50000,8,100001,100001,false,700,0.014,5000000000
colas,ColaArreglo,size,no_vacia,20360922,100000,100000,50000,9,100001,100001,false,700,0.014,5000000000
colas,ColaArreglo,size,no_vacia,20360922,100000,100000,50000,10,100001,100001,false,700,0.014,5000000000
colas,ColaArreglo,isEmpty,no_vacia,20360922,100000,100000,50000,1,100001,100001,false,0,0.000,0
colas,ColaArreglo,isEmpty,no_vacia,20360922,100000,100000,50000,2,100001,100001,false,0,0.000,0
colas,ColaArreglo,isEmpty,no_vacia,20360922,100000,100000,50000,3,100001,100001,false,0,0.000,0
colas,ColaArreglo,isEmpty,no_vacia,20360922,100000,100000,50000,4,100001,100001,false,0,0.000,0
colas,ColaArreglo,isEmpty,no_vacia,20360922,100000,100000,50000,5,100001,100001,false,100,0.002,0
colas,ColaArreglo,isEmpty,no_vacia,20360922,100000,100000,50000,6,100001,100001,false,0,0.000,0
colas,ColaArreglo,isEmpty,no_vacia,20360922,100000,100000,50000,7,100001,100001,false,0,0.000,0
colas,ColaArreglo,isEmpty,no_vacia,20360922,100000,100000,50000,8,100001,100001,false,0,0.000,0
colas,ColaArreglo,isEmpty,no_vacia,20360922,100000,100000,50000,9,100001,100001,false,0,0.000,0
colas,ColaArreglo,isEmpty,no_vacia,20360922,100000,100000,50000,10,100001,100001,false,0,0.000,0
colas,ColaArreglo,delete,frente,20360922,100000,99999,3,1,100000,100000,false,783700,261233.333,3
colas,ColaArreglo,delete,frente,20360922,100000,99999,3,2,100000,100000,false,798500,266166.667,3
colas,ColaArreglo,delete,frente,20360922,100000,99999,3,3,100000,100000,false,783400,261133.333,3
colas,ColaArreglo,delete,frente,20360922,100000,99999,3,4,100000,100000,false,787400,262466.667,3
colas,ColaArreglo,delete,frente,20360922,100000,99999,3,5,100000,100000,false,785100,261700.000,3
colas,ColaArreglo,delete,frente,20360922,100000,99999,3,6,100000,100000,false,796600,265533.333,3
colas,ColaArreglo,delete,frente,20360922,100000,99999,3,7,100000,100000,false,781100,260366.667,3
colas,ColaArreglo,delete,frente,20360922,100000,99999,3,8,100000,100000,false,777400,259133.333,3
colas,ColaArreglo,delete,frente,20360922,100000,99999,3,9,100000,100000,false,790000,263333.333,3
colas,ColaArreglo,delete,frente,20360922,100000,99999,3,10,100000,100000,false,779400,259800.000,3
colas,ColaArreglo,delete,medio,20360922,100000,99999,3,1,100000,100000,false,598500,199500.000,3
colas,ColaArreglo,delete,medio,20360922,100000,99999,3,2,100000,100000,false,592700,197566.667,3
colas,ColaArreglo,delete,medio,20360922,100000,99999,3,3,100000,100000,false,605400,201800.000,3
colas,ColaArreglo,delete,medio,20360922,100000,99999,3,4,100000,100000,false,573900,191300.000,3
colas,ColaArreglo,delete,medio,20360922,100000,99999,3,5,100000,100000,false,578100,192700.000,3
colas,ColaArreglo,delete,medio,20360922,100000,99999,3,6,100000,100000,false,580600,193533.333,3
colas,ColaArreglo,delete,medio,20360922,100000,99999,3,7,100000,100000,false,841900,280633.333,3
colas,ColaArreglo,delete,medio,20360922,100000,99999,3,8,100000,100000,false,587300,195766.667,3
colas,ColaArreglo,delete,medio,20360922,100000,99999,3,9,100000,100000,false,616000,205333.333,3
colas,ColaArreglo,delete,medio,20360922,100000,99999,3,10,100000,100000,false,595200,198400.000,3
colas,ColaArreglo,delete,final,20360922,100000,99999,3,1,100000,100000,false,389400,129800.000,3
colas,ColaArreglo,delete,final,20360922,100000,99999,3,2,100000,100000,false,395000,131666.667,3
colas,ColaArreglo,delete,final,20360922,100000,99999,3,3,100000,100000,false,380300,126766.667,3
colas,ColaArreglo,delete,final,20360922,100000,99999,3,4,100000,100000,false,388000,129333.333,3
colas,ColaArreglo,delete,final,20360922,100000,99999,3,5,100000,100000,false,381700,127233.333,3
colas,ColaArreglo,delete,final,20360922,100000,99999,3,6,100000,100000,false,392800,130933.333,3
colas,ColaArreglo,delete,final,20360922,100000,99999,3,7,100000,100000,false,379600,126533.333,3
colas,ColaArreglo,delete,final,20360922,100000,99999,3,8,100000,100000,false,427700,142566.667,3
colas,ColaArreglo,delete,final,20360922,100000,99999,3,9,100000,100000,false,377200,125733.333,3
colas,ColaArreglo,delete,final,20360922,100000,99999,3,10,100000,100000,false,403300,134433.333,3
colas,ColaArreglo,delete,ausente,20360922,100000,100000,3,1,100000,100000,false,388300,129433.333,0
colas,ColaArreglo,delete,ausente,20360922,100000,100000,3,2,100000,100000,false,388800,129600.000,0
colas,ColaArreglo,delete,ausente,20360922,100000,100000,3,3,100000,100000,false,385800,128600.000,0
colas,ColaArreglo,delete,ausente,20360922,100000,100000,3,4,100000,100000,false,390700,130233.333,0
colas,ColaArreglo,delete,ausente,20360922,100000,100000,3,5,100000,100000,false,381200,127066.667,0
colas,ColaArreglo,delete,ausente,20360922,100000,100000,3,6,100000,100000,false,391800,130600.000,0
colas,ColaArreglo,delete,ausente,20360922,100000,100000,3,7,100000,100000,false,389200,129733.333,0
colas,ColaArreglo,delete,ausente,20360922,100000,100000,3,8,100000,100000,false,385900,128633.333,0
colas,ColaArreglo,delete,ausente,20360922,100000,100000,3,9,100000,100000,false,380000,126666.667,0
colas,ColaArreglo,delete,ausente,20360922,100000,100000,3,10,100000,100000,false,381100,127033.333,0
colas,ColaEnlazada,enqueue,sin_redimensionamiento,20360922,100000,100001,3,1,-1,-1,NA,100,33.333,300003
colas,ColaEnlazada,enqueue,sin_redimensionamiento,20360922,100000,100001,3,2,-1,-1,NA,100,33.333,300003
colas,ColaEnlazada,enqueue,sin_redimensionamiento,20360922,100000,100001,3,3,-1,-1,NA,100,33.333,300003
colas,ColaEnlazada,enqueue,sin_redimensionamiento,20360922,100000,100001,3,4,-1,-1,NA,200,66.667,300003
colas,ColaEnlazada,enqueue,sin_redimensionamiento,20360922,100000,100001,3,5,-1,-1,NA,100,33.333,300003
colas,ColaEnlazada,enqueue,sin_redimensionamiento,20360922,100000,100001,3,6,-1,-1,NA,100,33.333,300003
colas,ColaEnlazada,enqueue,sin_redimensionamiento,20360922,100000,100001,3,7,-1,-1,NA,100,33.333,300003
colas,ColaEnlazada,enqueue,sin_redimensionamiento,20360922,100000,100001,3,8,-1,-1,NA,100,33.333,300003
colas,ColaEnlazada,enqueue,sin_redimensionamiento,20360922,100000,100001,3,9,-1,-1,NA,100,33.333,300003
colas,ColaEnlazada,enqueue,sin_redimensionamiento,20360922,100000,100001,3,10,-1,-1,NA,0,0.000,300003
colas,ColaEnlazada,enqueue,secuencia_amortizada,20360922,0,100000,100000,1,-1,-1,NA,370700,3.707,166393
colas,ColaEnlazada,enqueue,secuencia_amortizada,20360922,0,100000,100000,2,-1,-1,NA,375700,3.757,166393
colas,ColaEnlazada,enqueue,secuencia_amortizada,20360922,0,100000,100000,3,-1,-1,NA,358700,3.587,166393
colas,ColaEnlazada,enqueue,secuencia_amortizada,20360922,0,100000,100000,4,-1,-1,NA,363900,3.639,166393
colas,ColaEnlazada,enqueue,secuencia_amortizada,20360922,0,100000,100000,5,-1,-1,NA,369400,3.694,166393
colas,ColaEnlazada,enqueue,secuencia_amortizada,20360922,0,100000,100000,6,-1,-1,NA,365600,3.656,166393
colas,ColaEnlazada,enqueue,secuencia_amortizada,20360922,0,100000,100000,7,-1,-1,NA,370400,3.704,166393
colas,ColaEnlazada,enqueue,secuencia_amortizada,20360922,0,100000,100000,8,-1,-1,NA,381400,3.814,166393
colas,ColaEnlazada,enqueue,secuencia_amortizada,20360922,0,100000,100000,9,-1,-1,NA,387600,3.876,166393
colas,ColaEnlazada,enqueue,secuencia_amortizada,20360922,0,100000,100000,10,-1,-1,NA,371100,3.711,166393
colas,ColaEnlazada,dequeue,general,20360922,100000,99999,3,1,-1,-1,false,200,66.667,199179
colas,ColaEnlazada,dequeue,general,20360922,100000,99999,3,2,-1,-1,false,400,133.333,199179
colas,ColaEnlazada,dequeue,general,20360922,100000,99999,3,3,-1,-1,false,300,100.000,199179
colas,ColaEnlazada,dequeue,general,20360922,100000,99999,3,4,-1,-1,false,400,133.333,199179
colas,ColaEnlazada,dequeue,general,20360922,100000,99999,3,5,-1,-1,false,800,266.667,199179
colas,ColaEnlazada,dequeue,general,20360922,100000,99999,3,6,-1,-1,false,500,166.667,199179
colas,ColaEnlazada,dequeue,general,20360922,100000,99999,3,7,-1,-1,false,100,33.333,199179
colas,ColaEnlazada,dequeue,general,20360922,100000,99999,3,8,-1,-1,false,200,66.667,199179
colas,ColaEnlazada,dequeue,general,20360922,100000,99999,3,9,-1,-1,false,300,100.000,199179
colas,ColaEnlazada,dequeue,general,20360922,100000,99999,3,10,-1,-1,false,200,66.667,199179
colas,ColaEnlazada,front,general,20360922,100000,100000,50000,1,-1,-1,false,800,0.016,3319650000
colas,ColaEnlazada,front,general,20360922,100000,100000,50000,2,-1,-1,false,900,0.018,3319650000
colas,ColaEnlazada,front,general,20360922,100000,100000,50000,3,-1,-1,false,700,0.014,3319650000
colas,ColaEnlazada,front,general,20360922,100000,100000,50000,4,-1,-1,false,800,0.016,3319650000
colas,ColaEnlazada,front,general,20360922,100000,100000,50000,5,-1,-1,false,700,0.014,3319650000
colas,ColaEnlazada,front,general,20360922,100000,100000,50000,6,-1,-1,false,800,0.016,3319650000
colas,ColaEnlazada,front,general,20360922,100000,100000,50000,7,-1,-1,false,700,0.014,3319650000
colas,ColaEnlazada,front,general,20360922,100000,100000,50000,8,-1,-1,false,700,0.014,3319650000
colas,ColaEnlazada,front,general,20360922,100000,100000,50000,9,-1,-1,false,700,0.014,3319650000
colas,ColaEnlazada,front,general,20360922,100000,100000,50000,10,-1,-1,false,700,0.014,3319650000
colas,ColaEnlazada,size,no_vacia,20360922,100000,100000,50000,1,-1,-1,false,700,0.014,5000000000
colas,ColaEnlazada,size,no_vacia,20360922,100000,100000,50000,2,-1,-1,false,700,0.014,5000000000
colas,ColaEnlazada,size,no_vacia,20360922,100000,100000,50000,3,-1,-1,false,800,0.016,5000000000
colas,ColaEnlazada,size,no_vacia,20360922,100000,100000,50000,4,-1,-1,false,800,0.016,5000000000
colas,ColaEnlazada,size,no_vacia,20360922,100000,100000,50000,5,-1,-1,false,800,0.016,5000000000
colas,ColaEnlazada,size,no_vacia,20360922,100000,100000,50000,6,-1,-1,false,900,0.018,5000000000
colas,ColaEnlazada,size,no_vacia,20360922,100000,100000,50000,7,-1,-1,false,700,0.014,5000000000
colas,ColaEnlazada,size,no_vacia,20360922,100000,100000,50000,8,-1,-1,false,700,0.014,5000000000
colas,ColaEnlazada,size,no_vacia,20360922,100000,100000,50000,9,-1,-1,false,700,0.014,5000000000
colas,ColaEnlazada,size,no_vacia,20360922,100000,100000,50000,10,-1,-1,false,800,0.016,5000000000
colas,ColaEnlazada,isEmpty,no_vacia,20360922,100000,100000,50000,1,-1,-1,false,0,0.000,0
colas,ColaEnlazada,isEmpty,no_vacia,20360922,100000,100000,50000,2,-1,-1,false,0,0.000,0
colas,ColaEnlazada,isEmpty,no_vacia,20360922,100000,100000,50000,3,-1,-1,false,100,0.002,0
colas,ColaEnlazada,isEmpty,no_vacia,20360922,100000,100000,50000,4,-1,-1,false,0,0.000,0
colas,ColaEnlazada,isEmpty,no_vacia,20360922,100000,100000,50000,5,-1,-1,false,0,0.000,0
colas,ColaEnlazada,isEmpty,no_vacia,20360922,100000,100000,50000,6,-1,-1,false,0,0.000,0
colas,ColaEnlazada,isEmpty,no_vacia,20360922,100000,100000,50000,7,-1,-1,false,100,0.002,0
colas,ColaEnlazada,isEmpty,no_vacia,20360922,100000,100000,50000,8,-1,-1,false,0,0.000,0
colas,ColaEnlazada,isEmpty,no_vacia,20360922,100000,100000,50000,9,-1,-1,false,0,0.000,0
colas,ColaEnlazada,isEmpty,no_vacia,20360922,100000,100000,50000,10,-1,-1,false,0,0.000,0
colas,ColaEnlazada,delete,frente,20360922,100000,99999,3,1,-1,-1,false,0,0.000,3
colas,ColaEnlazada,delete,frente,20360922,100000,99999,3,2,-1,-1,false,200,66.667,3
colas,ColaEnlazada,delete,frente,20360922,100000,99999,3,3,-1,-1,false,100,33.333,3
colas,ColaEnlazada,delete,frente,20360922,100000,99999,3,4,-1,-1,false,900,300.000,3
colas,ColaEnlazada,delete,frente,20360922,100000,99999,3,5,-1,-1,false,100,33.333,3
colas,ColaEnlazada,delete,frente,20360922,100000,99999,3,6,-1,-1,false,300,100.000,3
colas,ColaEnlazada,delete,frente,20360922,100000,99999,3,7,-1,-1,false,600,200.000,3
colas,ColaEnlazada,delete,frente,20360922,100000,99999,3,8,-1,-1,false,300,100.000,3
colas,ColaEnlazada,delete,frente,20360922,100000,99999,3,9,-1,-1,false,200,66.667,3
colas,ColaEnlazada,delete,frente,20360922,100000,99999,3,10,-1,-1,false,200,66.667,3
colas,ColaEnlazada,delete,medio,20360922,100000,99999,3,1,-1,-1,false,419200,139733.333,3
colas,ColaEnlazada,delete,medio,20360922,100000,99999,3,2,-1,-1,false,430500,143500.000,3
colas,ColaEnlazada,delete,medio,20360922,100000,99999,3,3,-1,-1,false,427700,142566.667,3
colas,ColaEnlazada,delete,medio,20360922,100000,99999,3,4,-1,-1,false,446400,148800.000,3
colas,ColaEnlazada,delete,medio,20360922,100000,99999,3,5,-1,-1,false,444100,148033.333,3
colas,ColaEnlazada,delete,medio,20360922,100000,99999,3,6,-1,-1,false,438900,146300.000,3
colas,ColaEnlazada,delete,medio,20360922,100000,99999,3,7,-1,-1,false,423400,141133.333,3
colas,ColaEnlazada,delete,medio,20360922,100000,99999,3,8,-1,-1,false,468000,156000.000,3
colas,ColaEnlazada,delete,medio,20360922,100000,99999,3,9,-1,-1,false,449500,149833.333,3
colas,ColaEnlazada,delete,medio,20360922,100000,99999,3,10,-1,-1,false,436700,145566.667,3
colas,ColaEnlazada,delete,final,20360922,100000,99999,3,1,-1,-1,false,870100,290033.333,3
colas,ColaEnlazada,delete,final,20360922,100000,99999,3,2,-1,-1,false,1356000,452000.000,3
colas,ColaEnlazada,delete,final,20360922,100000,99999,3,3,-1,-1,false,823700,274566.667,3
colas,ColaEnlazada,delete,final,20360922,100000,99999,3,4,-1,-1,false,886700,295566.667,3
colas,ColaEnlazada,delete,final,20360922,100000,99999,3,5,-1,-1,false,812900,270966.667,3
colas,ColaEnlazada,delete,final,20360922,100000,99999,3,6,-1,-1,false,875300,291766.667,3
colas,ColaEnlazada,delete,final,20360922,100000,99999,3,7,-1,-1,false,889700,296566.667,3
colas,ColaEnlazada,delete,final,20360922,100000,99999,3,8,-1,-1,false,830900,276966.667,3
colas,ColaEnlazada,delete,final,20360922,100000,99999,3,9,-1,-1,false,832400,277466.667,3
colas,ColaEnlazada,delete,final,20360922,100000,99999,3,10,-1,-1,false,867800,289266.667,3
colas,ColaEnlazada,delete,ausente,20360922,100000,100000,3,1,-1,-1,false,499000,166333.333,0
colas,ColaEnlazada,delete,ausente,20360922,100000,100000,3,2,-1,-1,false,499700,166566.667,0
colas,ColaEnlazada,delete,ausente,20360922,100000,100000,3,3,-1,-1,false,537000,179000.000,0
colas,ColaEnlazada,delete,ausente,20360922,100000,100000,3,4,-1,-1,false,542900,180966.667,0
colas,ColaEnlazada,delete,ausente,20360922,100000,100000,3,5,-1,-1,false,495000,165000.000,0
colas,ColaEnlazada,delete,ausente,20360922,100000,100000,3,6,-1,-1,false,560800,186933.333,0
colas,ColaEnlazada,delete,ausente,20360922,100000,100000,3,7,-1,-1,false,510000,170000.000,0
colas,ColaEnlazada,delete,ausente,20360922,100000,100000,3,8,-1,-1,false,578300,192766.667,0
colas,ColaEnlazada,delete,ausente,20360922,100000,100000,3,9,-1,-1,false,501900,167300.000,0
colas,ColaEnlazada,delete,ausente,20360922,100000,100000,3,10,-1,-1,false,525000,175000.000,0
